id,name,historical_booking_count,genre_count,has_musicbrainz_id,has_genre_data,has_lastfm_audience_data,has_artist_popularity
artist_e5be3232ee55514db9d6b448285ecc0c,Vince Giordano and the Nighthawks,72,3,True,True,False,False
artist_5ea2984c7a9c5b5883a0a9a3d5015125,Grand Ole Opry,29,1,False,True,False,False
artist_f5d0bf8b198d565395fd55d24e6f250e,Harry Styles,24,2,False,True,False,False
artist_fcad151fe6b65cddb5749388c526cad5,Jamie xx,24,4,False,True,False,False
artist_49b76d6198745fff97c09bf6f97f3229,Lonnie Plaxico,24,1,False,True,False,False
artist_6e2dce698200511c98ba2d977b1d8965,RUSH,22,2,False,True,False,False
artist_5ec8913fbd0f5770b536ecd5a75b78e1,J. Cole,21,3,False,True,False,False
artist_d4ba0964408a513ba78cd9b76e828eb7,Eliane Elias,20,2,False,True,False,False
artist_9708995083dc5bdda95e3af58b0c61d8,Eric Harland,20,1,False,True,False,False
artist_3811588eab8059d58aac0fe85ef78d89,Ethan Iverson,20,1,False,True,False,False
artist_f7f82a189c0c52c1bb2c1bffd5a3ea9d,Greg Osby,20,1,False,True,False,False
artist_71127abe019d5ed7b71d3a1a2b87ecab,John Pizzarelli,20,1,False,True,False,False
artist_81873c1b04f05f61ab0771ec633a8158,Monty Alexander,20,1,False,True,False,False
artist_bddc2affb9c55a449b7a48f62fdde796,Bill Charlap,19,5,False,True,True,True
artist_13a1092bde0154b5a5c325917cb7196b,Renee Rosnes,19,5,False,True,True,True
artist_0503809a39095a7fb8f9be37570d1939,Noname,18,2,False,True,False,False
artist_c5792fa300035e0aa66f18f1a82051fc,Arturo Sandoval,17,1,False,True,False,False
artist_18465a9b03685719a91f29642767000f,Frank Vignola,17,5,False,True,True,True
artist_55a2839e731451df8e0a6053fa5cb397,Sam Barber,17,2,False,True,False,False
artist_05ef684375d651919208b5b8235beb1e,Chance The Rapper,16,8,False,True,True,True
artist_5c60ba32bd6f5e879801e9d1dd75ac1a,Dogstar,16,2,False,True,False,False
artist_d279a673f0eb5287aa20057dfea9aa3e,Kacey Musgraves,16,6,True,True,True,True
artist_b7827cbf26885ee0aa2c5529a79931ef,Koe Wetzel,16,6,False,True,True,True
artist_00539aa7e2d65a39bb086c3cd36d51cb,Sara Bareilles,16,4,False,True,False,False
artist_deafa6dbad67514c811b2e62fdf85333,Citizen,15,3,False,True,False,False
artist_e2d02492151f5215b914c0380d2508f8,Malcolm Todd,15,4,False,True,False,False
artist_0ef0aa83917e5a93af7385390e1d6669,Olivia Dean,15,8,False,True,True,True
artist_bf7eb308b7ef5ec8841f0450cd3b254a,Chance Peña,14,2,False,True,False,False
artist_42e4da757b4051029894718041ad0cae,Christian McBride,14,1,False,True,False,False
artist_35ddadc6c6bb545db2e46e00310e5a64,Eric Gales,14,2,False,True,False,False
artist_fe5953ce37785fc49a713439868e339e,Hotline TNT,14,4,False,True,False,False
artist_750f8356f3225ce589dcd631f64ce40c,Isaiah Rashad,14,2,False,True,False,False
artist_d8ef0d5770055d5babb61f8aa0850b7d,Yacht Rock Revue,14,2,False,True,True,True
artist_fc0da59246d45e1b8c31f249ff2d7dfc,Angine de Poitrine,13,6,False,True,True,True
artist_dcff7bfd2ada5a4cb0fb1914a0306523,Arlo Parks,13,4,False,True,False,False
artist_b220002b9e5c5a129d5b3a580824bda0,ISOxo,13,2,False,True,False,False
artist_09d4e64976b05d5c92dd1d0b6260774a,Jill Scott,13,4,False,True,False,False
artist_50b8161031135011bd23cfa6cffd2319,Jutes,13,2,False,True,False,False
artist_93bc2a30acec53f49c53711df086beaa,Masego,13,3,False,True,False,False
artist_fc5a9cdada0d5036b0eee1202ff60b3b,Slayr,13,3,True,True,False,False
artist_d30fdcc116fc5dc9b4de850e7c38d038,anees,13,1,True,True,False,False
artist_3248191bbd0d57ccb8ad04f39adffc9c,wilt,13,2,False,True,False,False
artist_54137bc69e8850f597d696902fb0fe50,Alemeda,12,2,False,True,False,False
artist_d6a55a211a7d59d5874e3fe118119087,Ben Allison,12,1,False,True,False,False
artist_5bcb5ed5578156d59aa44c81969a6180,Buster Williams,12,1,False,True,False,False
artist_34cfa49840795dabb15d4541cf125891,David Murray,12,1,False,True,False,False
artist_32726b303c685a8eb9641bf54337dc7e,Donny McCaslin,12,1,False,True,False,False
artist_cf6030e9d1e55d2f9bad8814f3274c93,FattMack,12,6,False,True,True,True
artist_bf45a8979c2451e793c3d9a3b42c6336,In Color,12,2,False,True,False,False
artist_39870d32d8e75bcf9742b2ca050a153d,Jack Harlow,12,9,True,True,True,True
artist_bc20cac06e0753fbb1f4362412026e34,James Savage,12,3,False,True,True,True
artist_85e293042a1d55afb6d77c8ff2a143f9,Joey Bada$$,12,2,False,True,False,False
artist_ac4e4341d1ba52f5ac132a767d383cb7,LUCKI,12,8,False,True,True,True
artist_18a3f9225f565386a5e3c73d7935f9ea,Meshell Ndegeocello,12,3,False,True,False,False
artist_8e1eb8155fb8598f89a6f455af9d1d42,Myles Smith,12,6,False,True,True,True
artist_166eeabd9b8d551c81520ccc38a2cc0b,Nate Sib,12,6,False,True,True,True
artist_56ac694542d4529991a876e1b109f75a,Pity Party (Girls Club),12,2,False,True,False,False
artist_4eddcdc89d6752918b8d58a596b54fff,Social Distortion,12,3,False,True,False,False
artist_8a0dad2ca563503a8588a1f3a06b2926,The Garden,12,3,True,True,False,False
artist_b9f9f20e233458aea8c564823995c27d,Theo Croker,12,3,False,True,False,False
artist_54e961e4111b5e0fb20a97a50c025d4d,American Aquarium,11,7,False,True,True,True
artist_18f9b8796fc250e39bf0686b70979756,Bayker Blankenship,11,5,True,True,True,True
artist_e83df3ae2bf85d84b54d8cd3a377481d,Channel Tres,11,4,False,True,False,False
artist_22296ab1db3a5503abaabf85a21aa417,Chris Stapleton,11,2,False,True,False,False
artist_41a9b3e2d6c05861ae14a138e2820e01,Descendents,11,2,False,True,False,False
artist_183bdefca36c5ce5ab505344d38bcea7,Eagles of Death Metal,11,4,False,True,False,False
artist_4d890a6003b45249a8ab34fec3f2bebc,Ella Mai,11,4,False,True,False,False
artist_880fa29bedd75c12809e4f50bdc6c77c,Flatland Cavalry,11,4,True,True,False,False
artist_ae0c692ff4d75b8b917a3b808774fc29,Gary Clark Jr.,11,4,False,True,False,False
artist_6df768d598875ef0a629d2d3f84c6f14,Henry Moodie,11,4,False,True,True,True
artist_1ae09e3d9b6c5fefa4ae587f7aaf8280,Mustard Service,11,4,False,True,False,False
artist_1c5af5003e6156a8bbdad0d6704a8ff4,Slayyyter,11,8,True,True,True,True
artist_eeb057c1b72158a394e943e11a2c8095,Squeeze,11,6,False,True,True,True
artist_3eaaf314271e514586894491e29f44eb,The Chats,11,3,False,True,False,False
artist_328590f7031550b0b3df1a4d9fa135d9,ADÉLA,10,1,False,True,False,False
artist_59b18755507b584ca79c6a1711f95792,AMA,10,3,False,True,False,False
artist_7ba94dbab7575875a23edc1d1215c763,Baby Rose,10,7,False,True,True,True
artist_4cd4252a420255ff95639d61466a1b94,Bella Kay,10,1,True,True,False,False
artist_d8a83fb373f5568f8fc90189b78b0563,Ben Harper & The Innocent Criminals,10,3,False,True,False,False
artist_5b19c9a044f1560ea67cbb138dae63e4,Cyrus Chestnut,10,1,False,True,False,False
artist_f7b301b407da506fb17fc56bee0b6f7f,DJ Moon,10,1,False,True,False,False
artist_0738868a81635b548ad6472b67a590eb,Danny Elfman,10,3,False,True,False,False
artist_b48cce9454b159348d2f80d0e61e886f,Dominic Fike,10,6,False,True,True,True
artist_d429a2ffd6b158af969570a9d0fc2e1a,Don Toliver,10,3,True,True,False,False
artist_7fdfc93af8c356fd8d6c9ef15de10b9a,Gary Bartz,10,1,False,True,False,False
artist_c60865c1c28650cf97f261c025590f23,Harlem Gospel Choir,10,2,False,True,False,False
artist_6aa823b660615a0ab524fec7dbb7bc88,Hot Club of Cowtown,10,2,False,True,False,False
artist_a103c1b05cbd5f4595a458a8d0cbccb4,Hulvey,10,3,False,True,False,False
artist_1229c95f740859359a231c044e14fe3e,Ken Carson,10,2,False,True,False,False
artist_ee43628319e25dfca5be4acae72e8c9c,Lekan,10,1,False,True,False,False
artist_85b6dcca54765f43b437ac8af36fe938,Lily Allen,10,3,False,True,False,False
artist_b732be3302c75a8ba81d56f79532637f,Little Stranger,10,2,False,True,False,False
artist_d9628abafde35e38a065831b04e2a0fd,Loe Shimmy,10,1,True,True,False,False
artist_ffa54968e6db572e897a91077a2d5d74,Logan Jahnke,10,2,True,True,True,True
artist_31e0e388dd1c50919fbe782f56750d99,Lolo Zouaï,10,2,False,True,False,False
artist_4c2cf66ba5a95a9d91a9402a1c31eead,Luh Tyler,10,7,False,True,True,True
artist_89a701dce6ea5b2f8a2c8cb5f19ca932,Prettifun,10,2,False,True,False,False
artist_7d32f8f22f925b5498c0387c86f8519a,Quicksand,10,7,False,True,True,True
artist_011821dd6db753bfa876b2101a799bc6,Randy Brecker,10,1,False,True,False,False
artist_f413d25c3d5f55c4a9b05e6ef9f9cd59,Volumes,10,8,False,True,True,True
artist_3682fd3e1e41574b846795b6cd52f51c,Xaviersobased,10,2,False,True,False,False
artist_ee62ad795b825eb096df198638ae3896,Young Thug,10,3,False,True,False,False
artist_65eab9f29cc55d44a854c6f83ca6b08e,oskar med k,10,1,False,True,False,False
artist_aa206dbcd2b55bb886bf20bc9870449a,54 Ultra,9,2,False,True,False,False
artist_8cc6293a72a15200b5b93fe885c389dd,Adam Ant,9,7,False,True,True,True
artist_375315f95dbc54dbb156a68e9aa0f41b,Anxious,9,2,False,True,False,False
artist_39b2ae6beaaa5597824b1d62f0b7e7de,Bane,9,7,False,True,True,True
artist_4cf40444ac125aed92c169ca0c6f2a64,Cheekface,9,3,False,True,False,False
artist_82590c932b605437ae31138ae8c14e6b,Chicano Mosh,9,4,False,True,False,False
artist_26f56379a509554b9d873cd118713198,Chxrry,9,6,False,True,True,True
artist_6e34556568ca563584d0c36630cafb72,Dermot Kennedy,9,4,False,True,False,False
artist_3db0bb13d83b5c3e960fbbd349edbc03,Durand Bernarr,9,4,False,True,False,False
artist_79d91a645d725abdbbf2bb35931c9ae5,Earlybirds Club,9,2,False,True,False,False
artist_0825166e4ba6597990408ce49d892d66,Foo Fighters,9,6,False,True,True,True
artist_b9869574bb2d5ced845208dffc963989,Jonah Kagen,9,1,False,True,False,False
artist_743a9a7c81e0544ab9f8a9165f7798cb,Kehlani,9,3,False,True,False,False
artist_e7f066bf5c5a58daa31db124159de779,Kijan Boone,9,3,False,True,False,False
artist_bde0b701b1f256e59db566291c100c31,La Reezy,9,1,False,True,False,False
artist_e1146ab7f4ac51e6a89f9ce774ea3408,Manwolves,9,2,False,True,False,False
artist_734f5c70cadf5d45961d43f71364e854,Meltt,9,7,False,True,True,True
artist_028fa607f128520aa11225b6578dc7c2,NAV,9,2,False,True,False,False
artist_eda6ba4d36ca5995a431ac659e04f0d0,Pearly Drops,9,6,True,True,True,True
artist_76a68a22a91b599a9e064f26e38689c6,Phil Wickham,9,9,False,True,True,True
artist_7294805910c558d0b5cbfade7c1e038c,Phish,9,7,True,True,True,True
artist_77949e4e7ae759a5977e87fa91dd6055,Queens of the Stone Age,9,6,False,True,True,True
artist_dfca24cbed0c5744851c4a1440311f87,Robert Glasper,9,1,False,True,False,False
artist_d58c58f4f5a55ea6b36cf65529e50062,Rocket,9,2,False,True,False,False
artist_4b39f8c847be54758d561a1e5e7d64e6,Shane Smith and the Saints,9,2,False,True,True,True
artist_c94579ae6d935a22aa036811c54f1cd2,Stella Cole,9,1,False,True,False,False
artist_bb55e64db92653d591bb4c75ccadb585,Talib Kweli,9,3,False,True,False,False
artist_b4c68913a5a551ac8a704f48a525f0f5,TheARTI$t,9,1,False,True,False,False
artist_f0cce2b19bec5d64a065a1dd582c043c,WASEEL,9,1,False,True,False,False
artist_6935874a174250e08fed959c380e37d0,indie tribe,9,4,False,True,False,False
artist_700c52b4a9475d51b5ae5865bda15c81,156/Silence,8,7,False,True,True,True
artist_caae0fea748b584584ebbc82ead4134b,ARC Music Festival,8,0,False,False,False,False
artist_f57050d2a3b557db884d6322e1cfda17,Arrows In Action,8,4,False,True,False,False
artist_87625c6396fd507cb148eabf20003b16,BTS,8,3,False,True,False,False
artist_0c0f8e1d53715fb1932821b154e047bd,Bikini Kill,8,3,False,True,False,False
artist_c30a46331aa0539e83f8abae777a0ad2,Bop To The Top,8,1,False,True,False,False
artist_338b7f2b5d3051adb10e2a142893a6ee,Bryson Tiller,8,3,True,True,False,False
artist_ebfc402db773526395e787bc43d1a24d,Butcher Babies,8,6,False,True,True,True
artist_4225b55e22475e22a5090160db76bedf,Chad Gray,8,1,False,True,True,True
artist_84479d4a413c5a059531ad6f43358b80,Chef Boy,8,1,False,True,False,False
artist_dc3559dde3585ce1a352f17c4e4ee422,Closure In Moscow,8,3,False,True,False,False
artist_98ccd028336652ba98ca8d94b9979d9d,Club 90s,8,1,False,True,False,False
artist_31d9c6c9b08c5bf78fbe36af35c76a66,Damn Skippy,8,2,False,True,False,False
artist_6136b866996a5428967730bf8a66446a,Don West,8,5,False,True,True,True
artist_20a36eac2b8b52a780f14432479d4193,Emarosa,8,4,False,True,False,False
artist_0475e76039cd5f4eb1c7b02d2bd6582b,Eslabon Armado,8,6,False,True,True,True
artist_12edf16d358452af9a1f8a46539bb5e0,French Police,8,3,False,True,False,False
artist_903ae0b145075588bb55b7fb42dab852,Galantis,8,3,False,True,False,False
artist_6aa5b7c748685ec182feb75a70170659,Gimme Gimme Disco,8,2,False,True,False,False
artist_d2b5f079681e5e2c831abc4f5f104d29,Girlfriend,8,1,False,True,False,False
artist_a7853aebba885fbfa4b1d8989b85f3ca,Good Boy Daisy,8,3,False,True,False,False
artist_95a068114aa55df7b0da6a0fe89e8234,Haircut 100,8,6,False,True,True,True
artist_579119cb204e55939bdff17b693c7607,Hans Williams,8,2,False,True,False,False
artist_6602b56c18f955e8a945bdbad4cca787,Hiromi,8,1,False,True,False,False
artist_c48c4c6d7e9a553b835c84de7418c6ec,Instant Crush,8,1,False,True,False,False
artist_dd9960f999505ea6aa617309358adca0,James Taylor,8,3,False,True,False,False
artist_8cf6793fe8d8533a9b0ff0b54c18aa6e,Jarv,8,3,False,True,False,False
artist_52661072153552ba84b1c0e19cf7b599,Jungle,8,4,False,True,False,False
artist_ed4c6f5b58bb5f9caa7e00c778b34504,K Sera,8,1,False,True,False,False
artist_1a54e229b6d751c08900ce4c8d94511d,KALEO,8,4,False,True,False,False
artist_33e1d8663f375c3cbdedb9f5a7890941,Kanii,8,2,False,True,False,False
artist_9f3f9388dee054d5886f395971cf4d37,Kenny Garrett,8,1,False,True,False,False
artist_1315252b4a905b0abfad70e5395e1856,Los Eclipses,8,6,False,True,True,True
artist_4b2658ec1b7554ca89b74aa4674062c7,Majid Jordan,8,4,False,True,False,False
artist_936f350be7985d13b5c9d0f5fadbc3b9,Mannequin Pussy,8,8,False,True,True,True
artist_81ea99d50f225b7f9cd0adb8dd92596a,Mari Froes,8,7,False,True,True,True
artist_341cc4e8cb2e51aa9a125bf2cfd057a9,Melanie C,8,6,False,True,True,True
artist_57390acb66a15d2595d1f344bbd0913a,Millkzy,8,1,False,True,False,False
artist_6089fe3f143f537183083c34dbd4fce4,Modest Mouse,8,6,False,True,True,True
artist_9e141633b82c5a8d8029b743b489159a,Mozzy,8,2,False,True,False,False
artist_0c75388e360d5706bc0c4ce3c6c97a52,Of Virtue,8,4,False,True,False,False
artist_33d750f845aa5e4d9c3fb1c26a977ccd,Omar Courtz,8,9,False,True,True,True
artist_964597ac0d6d52418b6a8334e25fadf7,Passion Pit,8,8,False,True,True,True
artist_5caacc2476e958628505eafec86e2c7e,Peter Hook and the Light,8,2,False,True,False,False
artist_27f77486940353d3b2968870e340c7a1,RIO KOSTA,8,4,False,True,False,False
artist_47164d2cf45c50fba17e83540dbb76de,Royal Coda,8,7,False,True,True,True
artist_38bd68075d5c5fea8d7ae34d8187763e,Savage Hands,8,4,False,True,False,False
artist_671dcd35a7f8553b84f8e57e529761c5,Social Order,8,3,False,True,False,False
artist_c465237fde88532b80370df1d6549a3e,Solya,8,6,False,True,True,True
artist_b8917e8a7fdf565597dcb206c5117297,Tame Impala,8,6,False,True,True,True
artist_f18cedd45c9958ee9f11936b96f7cd6b,The Backfires,8,4,False,True,False,False
artist_9d62bb399e875626b7ef6185d1afd056,The Dear Hunter,8,4,False,True,False,False
artist_2ae99459b33a530fa2c35d85e19ee956,Tori Amos,8,5,False,True,False,False
artist_a956756f81c75d63ab5196396212c7f3,Tropidelic,8,3,False,True,False,False
artist_28e88d391a8552d8a44f8abd6d8df40f,Ty Dolla $ign,8,10,False,True,True,True
artist_77b4a90370a05cf9aa6eb934e22361e2,Wild Child,8,8,False,True,True,True
artist_7ae586f1afcf5b569ac815498c70457d,Willow Avalon,8,7,False,True,True,True
artist_2c749b84709f57c6a3fe2949f13c1f4e,YG,8,3,False,True,False,False
artist_f448c6fc4d2652b0b558d9f828ddf989,Band Of Silver,7,2,False,True,False,False
artist_42ef42cadd4c50e6a74b7f5889d636c8,Black Label Society,7,6,False,True,True,True
artist_13ce7104efa35d588c184f7dacfaa831,Black Marble,7,4,False,True,False,False
artist_1c7232d3c395573eae5c83a04ec9161a,Buddy Guy,7,6,False,True,True,True
artist_9a72c82c50a255b0b677c08c0e577cef,Costa,7,1,False,True,False,False
artist_534e73d9e7475a44933d1925dc018eb3,Dazegxd,7,3,False,True,False,False
artist_3bac8bc7ca475f11bc8836a4da36799e,Diggy Graves,7,3,False,True,False,False
artist_b16d2073e9045cb5bf32464bb6054641,Dua Saleh,7,4,False,True,False,False
artist_0687056287e65eb48f755854fee6b6df,Helmet,7,8,False,True,True,True
artist_065d5aab5a915e13b14c3e8f242a6116,Houndmouth,7,5,False,True,False,False
artist_2d3298f82460579a8327f54424d6168e,Jane Remover,7,3,False,True,False,False
artist_aedb1181b60b5712886911364d187565,Jay Park,7,3,False,True,False,False
artist_8580d99132c75b2db38a5b59b596eb99,Jeff Rosenstock,7,6,False,True,False,False
artist_870d0861ef33524e982b102c92a32660,Medium Build,7,6,False,True,True,True
artist_6cb77b831fd150e98622541ff63cf427,Midnight Generation,7,9,False,True,True,True
artist_5a9d775d67785b35961ce0414efeea8e,Minus the Bear,7,9,False,True,True,True
artist_2619d1ca60565e55838bac8d695cc134,Mon Laferte,7,7,False,True,True,True
artist_dff4ee7122d95746a07cd099e958771e,Mt. Joy,7,3,False,True,False,False
artist_6d890e3269995fda984a2a23948b2fed,Mumford & Sons,7,4,False,True,False,False
artist_a64717849d84593fa35b12d2f5525d39,Naomi Sharon,7,3,False,True,False,False
artist_f218a90eeaff5d7fab557afb3c6a2bb0,Niko Moon,7,2,False,True,False,False
artist_dfbc1044916450dca69b663cece91d87,PRESIDENT,7,2,False,True,False,False
artist_833d98c298465cec8d26a3f41498f205,Peter Bernstein,7,1,False,True,False,False
artist_14f453ed934c571aae5db16d00f86731,Polo & Pan,7,8,False,True,True,True
artist_c1d8a84cd6e455d2a4575c74a257ba39,Ray LaMontagne,7,4,False,True,False,False
artist_ac5e1417894958c1bd519b648878f6a6,Robyn,7,4,False,True,False,False
artist_bbd7faddefac5e6bb21861ec70912ae2,Saint Harison,7,1,False,True,False,False
artist_ff7567b6344e59fe9fc5650555e0978f,Save Ferris,7,3,False,True,False,False
artist_44963224e03b5bdf8eb11c3471a0638f,Shoshana Bean,7,1,False,True,False,False
artist_cac9c86cf309559ea097db272a4db533,Showing Teeth,7,1,False,True,False,False
artist_9a06ce5e45015a9da154884e96a5c00d,Sk8star,7,2,False,True,False,False
artist_d98e73dce3cf523ca8b5388d6ab04614,Tele Novella,7,6,False,True,True,True
artist_b7683eafea1c5c79a928c533845d3651,The Callous Daoboys,7,2,False,True,False,False
artist_73249da2e398548ea28851c243d0a787,The Rasmus,7,6,False,True,True,True
artist_f2ea80bf4c9b5c71b61dd0415304ce6b,The Suicide Machines,7,3,True,True,False,False
artist_273b045ae924596b959d68460808590a,Until I Wake,7,7,False,True,True,True
artist_120655bc7446569f91e43ad2bd26ad6d,Xavier Wulf,7,2,False,True,False,False
artist_45ac6a7a2b10590ab221518d9003f4b3,Yeat,7,2,False,True,False,False
artist_7d7b5a3e24b2502bb40893dd792d22b6,3BallMTY,6,4,False,True,False,False
artist_442916e2d11a5f1c8af44e94e91b1ddb,3Quency,6,1,False,True,False,False
artist_d46c54a50d9a5530b2148c5e6e4a61f6,ASAKE,6,7,False,True,True,True
artist_20f4b82becb05279b99525d8d174f9b0,Allan Harris,6,1,False,True,False,False
artist_91476e0fd15f52b581f2b546fee9cfec,Archers,6,6,False,True,True,True
artist_7a1a00432fb8591188474bc0a478d573,Arden Jones,6,7,False,True,True,True
artist_0b33c354661d506c8b5a0f33fa82d116,BIIRD,6,1,False,True,False,False
artist_b48a1e49c7d753c280f61e3c91e82e66,Big Thief,6,2,False,True,False,False
artist_ee7959e78e1a5deca15ae96da7454fad,Billy Currington,6,6,False,True,True,True
artist_d8f030d947bd5e9b8927d6df4a453589,Bilmuri,6,4,False,True,False,False
artist_584ce2d1ad90591593cce50bbc826068,Bob James,6,1,False,True,False,False
artist_f5112e96005d59ddb81f8896e459387f,Bon Jovi,6,2,False,True,False,False
artist_7510b6a78ba35b2fa4489c2fbb001a23,Bosses,6,2,False,True,False,False
artist_d60dde510a5a5f9ca9eb8be169fc7865,Broadway Rave,6,2,False,True,False,False
artist_a5dac5cdc1a552558c464f63ba67c0c2,Broken Social Scene,6,5,False,True,False,False
artist_72d1825c6f2156729eeacf2c598e7158,Bruno Mars,6,5,False,True,True,True
artist_c96aaf5453555a80ae85ee363a8675a9,CATSCLAW,6,2,False,True,False,False
artist_93ecfd0234975758a14fee895d3a872c,Charles Mingus Orchestra,6,1,False,True,False,False
artist_76308c0fe340513eb8fbc5eacb5bcb91,Charlotte Sands,6,6,False,True,True,True
artist_4f59d04f6832580fb3a55c5609609f3b,Chayanne,6,6,False,True,True,True
artist_3bb4ee09725759b187bc295bc7514adb,Circa Survive,6,5,False,True,False,False
artist_7c89bb0dfe5051d8a77d9ded6b4afbe2,Clarent,6,3,False,True,False,False
artist_222a03d34ade52b8b4ab1455d3729d0b,Congress the Band,6,1,True,True,False,False
artist_730f3e5d9fc55ca99d50df4d70c10bdc,Corbyn Besson,6,1,False,True,False,False
artist_f655ca79fb6953dd9b2bef17a8b2baf4,Crankdat,6,7,False,True,True,True
artist_b8c87657eff45bfe80411330b94b271d,DJ Pee .Wee,6,1,False,True,False,False
artist_6b0ff30d0b0e5c398bb2a4482f3c49dc,Dark Chapel,6,7,False,True,True,True
artist_5f665628c24a548bbb23fdd6b7de0930,Dillon Francis,6,5,False,True,False,False
artist_77c8281c3b8e5aed83c4c571bdc34462,Dixson,6,1,False,True,False,False
artist_a11d6476562557d189df04617258ae95,Dwellings,6,7,False,True,True,True
artist_7a28c71fab935ac584b31eb3ce87b3d3,Elevation Rhythm,6,3,True,True,False,False
artist_30dd71e1d16f52d19f160f9743970413,Emo Night Brooklyn,6,2,False,True,False,False
artist_9df23dcec5a15301b338e15e2251484f,Empire of the Sun,6,9,False,True,True,True
artist_bbba3e60eca05a8db627a834df91e6bc,Eric Nam,6,2,False,True,False,False
artist_74734d6077bc5c329b03ac06a533191c,Evening Elephants,6,2,False,True,False,False
artist_4a3fdbb57ee057eeb52644d4b1798710,Faetooth,6,2,False,True,False,False
artist_0c47e05f132d5e698a9e943e755efe7b,Ghost Mountain,6,4,False,True,False,False
artist_5e6b0d23be415adc9ef5fafa892528db,Grouper,6,9,False,True,True,True
artist_1f46b1b6a789502fafc7bc9700dc2e6d,Gurriers,6,7,False,True,True,True
artist_36514bdbfc1d5a14af0cb7b073f21fc3,Hail the Sun,6,3,False,True,False,False
artist_a9bec9ab019750e98e73f781bf2fa503,Hilary Duff,6,1,False,True,False,False
artist_22775c8f2f0b50bc846ed2e7b894c57c,Howard Jones,6,6,False,True,True,True
artist_e7d62246de985b8fb7eaea75e56fba41,Hypocrisy,6,1,False,True,False,False
artist_c4c9fcbc85175a7b925480e688180bdb,Jade LeMac,6,2,False,True,False,False
artist_8ad92f6e68b955d3ac30c3f8f628ee81,Jimmy Bruno Group,6,1,False,True,False,False
artist_8937cf7c23d55ec9a8400cc48ac845d3,Jonas Brothers,6,1,False,True,False,False
artist_ab9ea6ac0b2156ac96c62a7c889d596a,Juanes,6,6,False,True,True,True
artist_9369dca738cc54779ed7cd5265263e9e,Kamelot,6,3,False,True,False,False
artist_11daedddbec457efb34835888a641f1d,Keyon Harrold,6,1,False,True,False,False
artist_e03134cba9bf57c4a2f866502c5cfe5d,KiNG MALA,6,3,False,True,False,False
artist_4bac84d2b9bd51ba8eae332f78266e98,Knuckle Puck,6,2,False,True,False,False
artist_1f2e50e7c7a456e4b72f33db7eed85b1,LA LOM,6,8,False,True,True,True
artist_748401e508625a659c53a1984826e1b1,LAUNDRY DAY,6,3,False,True,False,False
artist_be02667b266354979f97de9b3c227d50,LP,6,4,False,True,False,False
artist_f5aef7721af95559bc3b6958600bd207,La Roux,6,3,False,True,False,False
artist_b27de671c8255f6cab9978e714bbd557,Labrinth,6,4,False,True,False,False
artist_202ba22032915750901beffeefe041e9,Lake Street Dive,6,5,False,True,False,False
artist_76c2810b48a952bf9cdc7efa0a731173,Latter,6,2,True,True,False,False
artist_89b64388634b53168849a1e3359461c1,Liz Phair,6,4,False,True,False,False
artist_b0129e8298d859359b3c4ad2069f9925,Max McNown,6,1,False,True,False,False
artist_990963ddb2895ea781021fc5020be3c3,Maya Azucena,6,1,False,True,False,False
artist_b65c115c513358f5ae4a43d52e91878e,Messa,6,8,False,True,True,True
artist_7118fc5f3903577ea02f5f24d3e282a4,Metric,6,3,False,True,False,False
artist_949d1818794b55e386dc909879b4a460,Michael Marcagi,6,2,False,True,False,False
artist_8d8a713ef1d65cf8951b82146187d5f7,Mike D,6,6,False,True,True,True
artist_fec82f59fce05440a81f16696b020334,Mingus Orchestra,6,0,False,False,False,False
artist_42267496664c56ce9669a3ba9ead9806,Modern English,6,7,False,True,True,True
artist_bf6718887b325436938089e6df24fb97,Morgan Wallen,6,2,False,True,False,False
artist_e25470e511b4546e8289b1826ca91c61,Nine Vicious,6,2,False,True,False,False
artist_7e81ffd00ee457589d2c2720f4d9704b,Nitzer Ebb,6,10,True,True,True,True
artist_f1c7cda382fb5677b2c51c42bc2576ce,POiSON GiRL FRiEND,6,1,False,True,False,False
artist_9f771193b5665eaba8c0bd656f40cbe3,Peaches,6,9,False,True,True,True
artist_730e8bc268aa56bfab6d19e99b75a0c0,Pi'erre Bourne,6,7,False,True,True,True
artist_fe559acad9de5575b3705dbb23f1345d,R&B ONLY,6,1,False,True,False,False
artist_32040e9dbba75c8ead0a1044a355115e,R&B ONLY LIVE,6,1,False,True,False,False
artist_a5a1ce8749ff5905b995cdfc3ef20505,Richard Blade,6,3,False,True,True,True
artist_1d85e9d804905c48bf51482c63792718,Ryan Oakes,6,2,False,True,False,False
artist_910ea67f61d4502bb38fd8642e73d939,Samara Joy,6,1,False,True,False,False
artist_18727040a20c50698bde7fff7c5da48c,Shaboozey,6,2,False,True,False,False
artist_1b25283d60e25bfcb1998a6a07d56663,Shaky Knees Music Festival,6,0,True,False,False,False
artist_89e826698d82540ab4f2361bb79ccce3,Sincere Engineer,6,8,False,True,True,True
artist_f5b865d7f783599889b39c8488294f3f,Sleater-Kinney,6,6,False,True,False,False
artist_7a43b4cab77052d785783208c2daa4a1,Soul Blind,6,6,False,True,True,True
artist_7bf9ded6d7d75de7942ab1533b082185,Soulidified,6,1,False,True,False,False
artist_a5b861d1ca4c5d338c8827cb9b82e80c,St. Lucia,6,6,False,True,True,True
artist_74f2b57f51d95d179685b61e58776ae2,Stars,6,9,False,True,True,True
artist_11cf8a9539d052e0b7201639ff51822a,Stephen Dawes,6,1,True,True,False,False
artist_679d2076312b5d28a22a0d7440df2ee1,The English Beat,6,9,False,True,True,True
artist_310bd45bfea150b39f86175982d5dd0f,The Hoyle Brothers,6,1,False,True,False,False
artist_6f62f4af4a0e5171b45699e4c7d72284,The Psychedelic Furs,6,4,False,True,False,False
artist_2605e0cca65b5b50830a1ae67057e039,The Womack Sisters,6,10,False,True,True,True
artist_ab7d1667f9b156c5a7733877a00a8f17,Thee Sacred Souls,6,8,False,True,True,True
artist_7036cbab01b45c7aaac4e7d09f166a1e,Trap Karaoke,6,1,False,True,False,False
artist_da99f9893ba457599f1d2d87b9e55d3e,Tucker Wetmore,6,6,False,True,True,True
artist_3aecd2d4c807582a8437019bf4a40b45,UNDERTALE Symphony,6,2,True,True,False,False
artist_129eaf8003b753af9d27c634e21b7dfa,Visions of Atlantis,6,3,False,True,False,False
artist_aa86184c37065da698170e54c90e7a84,Wang Chung,6,6,False,True,True,True
artist_52e1b1d60e8c54bbbae875df6c3ed983,Zainab,6,1,False,True,False,False
artist_3999f02c3be557249a3f6463e0f47a37,Zakk Sabbath,6,7,False,True,True,True
artist_d621f5cb2e8055168be458cfe9894c01,Acumen Nation,5,7,False,True,True,True
artist_bc95c7f8d61e5de181117a10d80bf9aa,Aldous Harding,5,7,False,True,True,True
artist_df74731074195e7cbf35dba59c5584f5,Amarionette,5,7,False,True,True,True
artist_b168d5f9a01d534dbf076d0388246b4d,American Football,5,3,False,True,False,False
artist_87941fab87d757d3b80d2ce2617cbf71,Ashley Cooke,5,2,False,True,False,False
artist_9b79bb9cdb6e5233943309cdfe0517cc,Atlanta Symphony Orchestra,5,2,False,True,False,False
artist_0100c775378c522ba06c43a97892b98f,Austin Millz,5,6,False,True,True,True
artist_5baec3b5208c5f93b4df5a694c5ecb46,Autumn Kings,5,5,False,True,True,True
artist_ceea2d8a55af5fa399ebecd999c80d16,Aviana,5,7,True,True,True,True
artist_0a02bc13617d5d119aeaa63b481cb517,BabyChiefDoit,5,1,False,True,False,False
artist_690a7481cd1050d0bc0486e2afb0a881,Bartees Strange,5,6,False,True,False,False
artist_26f0fb65b21155fc93a0cb7b4f88a7b7,Bermuda Search Party,5,3,False,True,False,False
artist_617323ff3aa75b2490fa3f3a9983030e,Big D and the Kids Table,5,3,True,True,False,False
artist_29a97c2b302e595f88dbdf296d9c691f,Bilal,5,7,False,True,True,True
artist_33f79f3d37db5cf0a6f036a885597ef4,Bingo Loco,5,1,False,True,False,False
artist_3a2d53478c045ffa81dfaa20cec953f6,Blues Traveler,5,3,False,True,False,False
artist_598e76fa1445541cb40df3869b85c4c7,Bryan Adams,5,3,False,True,False,False
artist_162343265f3355af92122bd159d8fe44,Button Masher,5,1,False,True,False,False
artist_378c61e7a11b5b3295c34548dbe34962,Charles Wesley Godwin,5,4,False,True,False,False
artist_aab7366fb07e5cdcb5392d46c143a346,Chase B,5,1,False,True,False,False
artist_466f26c3060a59589a3816f2f040cf1a,DJ Hoppa,5,7,False,True,True,True
artist_450d6c96b8fe538db3b74d60c4cab47a,Devil's Cut,5,7,False,True,True,True
artist_02cbdeb39eee5eac8cbd6e3fe6f09bc7,Djo,5,7,False,True,True,True
artist_a2ab7119a7fc590083da84203145b44a,Down,5,5,False,True,True,True
artist_81f377718b9d5e5bb59fc62323be9aa5,Edgehill,5,2,False,True,False,False
artist_04f4b5108e885e32b5fa15b58f3c1316,Ella Langley,5,6,False,True,True,True
artist_f9fbacbe355451198d1fdb8975d039dd,Emo Nite,5,2,False,True,True,True
artist_8d972a4495b4550b93d5c79677196fe9,Faouzia,5,1,False,True,False,False
artist_f0207bfb09ec5ab2bd0d56ad5e5e95d7,Fetty Wap,5,8,False,True,True,True
artist_591123c363cb5bc59eea4d11e628ab48,G Flip,5,3,True,True,False,False
artist_e8247e8796e05bbbad045ce8a689e6a5,Gareth Emery,5,4,False,True,False,False
artist_3d620aa3297a5ffe8c4bbe47f022f881,Gin Blossoms,5,3,False,True,False,False
artist_62f2438925505a1b8ca4ed885daf47a6,Gladys Knight,5,6,False,True,True,True
artist_2f04603288975ad68edfe43579ca3cd5,Grand Ole Echo,5,1,True,True,False,False
artist_ae0addeb519c5ab79f9a0360fd4dd7c5,Gregory Alan Isakov,5,3,False,True,False,False
artist_44390b77e54953849e3ece6fed00627a,Haute & Freddy,5,6,True,True,True,True
artist_427a853fa8a8571e99d9e93e6999fe8b,Haven Madison,5,5,False,True,True,True
artist_1f2f82a9bcad50b0b0184aa68ad09976,Holder,5,7,True,True,True,True
artist_2b44eb2ebd2a5246b47e16af4c0ca71e,Inayah,5,4,False,True,False,False
artist_4638cf1e5a945d3d84ec7aa7d9e42fd2,Jackson Marshall,5,2,False,True,False,False
artist_608bdb310b8955ce919a5486726a1853,Jamie MacDonald,5,7,False,True,True,True
artist_4c5eb2dc877956728a47d2815ede8846,Jason Schmidt,5,4,False,True,True,True
artist_7d0e2fb5b7c75ce7a86d479334b0bdbf,Jenna Raine,5,2,False,True,False,False
artist_15a42364b17b52098104b8b328a9fb06,Jimmy Eat World,5,5,False,True,False,False
artist_c90c5d40332a59eb9f3fa8e757ff1b01,Joey Harkum,5,3,False,True,False,False
artist_52ce977ff9b4539fa62761732ffa1db9,Josh Tatofi,5,3,False,True,False,False
artist_44e0ca54e610573f8eada28f784c8c39,Kaonashi,5,7,False,True,True,True
artist_2e9e0a0676695d8683c6b11fcd92ca0f,Kelela,5,10,False,True,True,True
artist_d0b5193c6c715447a6ef259a728e2004,Kip Moore,5,6,False,True,True,True
artist_cb1244beb1055d59968b8fc93dfdc332,LANDMVRKS,5,3,False,True,False,False
artist_7654d33a0bd154f9ab03230337874c76,LNGSHOT,5,2,False,True,False,False
artist_ef754dfea61f537a98c455ee62e7c802,Lefty Gunplay,5,2,False,True,False,False
artist_af218007f7d2501dadbf9859a39b0a57,Lily Fitts,5,3,False,True,False,False
artist_f3c24b88ad1b5452b8ad554e7d1d5b31,Linea Personal,5,1,False,True,False,False
artist_4df83814ec6f5351983538f0aacce459,Living Colour,5,4,False,True,False,False
artist_8d1442af13e951deb69399407637f4b4,Lupe Fiasco,5,3,False,True,False,False
artist_42e430704df25ad5b7a8f6880733f565,Maggie Rose,5,2,False,True,False,False
artist_f41915e2d7c55b32884626b5e4a632bc,Marlon Magnée,5,3,False,True,False,False
artist_ffb04cc4ce7154a095c1ae325cec6b33,Max Fry,5,2,False,True,False,False
artist_36464822e54359a39ea0ef5d18b3bdd7,Michael Minelli,5,1,False,True,False,False
artist_5a8f8adee240524c93bd0e3d0b5dd9d8,My Chemical Romance,5,7,False,True,True,True
artist_b83aec77b9fc59609f3f8a7da3fe3fba,Nai Palm,5,3,False,True,False,False
artist_ad7f92d3ccd0553da29b52eae3c9c219,New York Philharmonic,5,2,False,True,False,False
artist_baf17db4f82d51438dcc07ec424325f1,Nino Paid,5,1,False,True,False,False
artist_f2676644ab6a58bea23bc69a4396fc98,Nourished by Time,5,2,False,True,False,False
artist_0778166bfe8956719bcacf152285f5cf,Open Mic Night,5,0,False,False,False,False
artist_11c619010aa25647b63b111d04720f7e,PJ Morton,5,8,True,True,True,True
artist_11668210b9ff53ffa4b15383eb8727b6,Pat Benatar & Neil Giraldo,5,2,False,True,False,False
artist_23a62490271455a594a1d618f24d5bb1,Phantogram,5,5,True,True,False,False
artist_a94deceb9aa156a5acd3646d950e304d,Pomplamoose,5,2,False,True,False,False
artist_e1c74382be3c5e15becef39042a6e8ea,Poppy,5,5,False,True,False,False
artist_ad12a2b3d9705384ac9f95be0682d3bf,ROLE MODEL,5,3,False,True,False,False
artist_399bad1c480d56bc82966ec612275a6f,Resentvul,5,2,False,True,False,False
artist_9e3c0541ed315d418d116fd0ab3262f3,Ricardo Montaner,5,3,False,True,False,False
artist_9135576817e95cbbb69e2b9894bd9ace,Riff Wood,5,4,False,True,True,True
artist_1a158f9e9c345266aa2e21d9e3bde279,Rio Da Yung Og,5,8,False,True,True,True
artist_3d0c5615da465746bb8c2f5a9aac29f6,Ryan Beatty,5,3,False,True,False,False
artist_1a5aa0cb4ff75fa1bf428eb58693f6fb,Ryan Castro,5,4,False,True,False,False
artist_5af9dd1314e45e62b51112b4c8d8a41b,SLANDER,5,3,False,True,False,False
artist_b92c903a725d5fc6a1df3afa4c8e9734,Saint Agnes,5,5,False,True,True,True
artist_46bc29d04d4c5712b7209b45f3d57893,Samia,5,5,False,True,False,False
artist_d40b2caf3e7a56bd9090f1b14be54dcd,Sons of Legion,5,2,False,True,False,False
artist_8b58c4c4ab465f318fec9bb6444368fb,Spin Doctors,5,3,False,True,False,False
artist_dc10cf848f1b5d048958affd654f66c6,Spirit in the Room,5,7,False,True,True,True
artist_223bcb51f9b8522fb967304d49320c6a,Stabbing Westward,5,5,False,True,True,True
artist_58a2f503510a5b47b7efd4ed5f7abf5b,Strawberry Milk Cult,5,7,False,True,True,True
artist_5b8c8d68d9795a06bd1c1c52ec29eb55,Swervedriver,5,3,False,True,False,False
artist_79854d27b7a654d0ac1aa95efd4ea9f2,Tape B,5,2,False,True,False,False
artist_5953be606ad354d8a18aa83f97e6ef81,The Bouncing Souls,5,4,True,True,False,False
artist_b800ea6e33c552d5b9442303ad35c9d4,The Philly Pops,5,2,False,True,False,False
artist_1f29d9249d36572783ebb5b4b8d94987,The Pretty Reckless,5,4,False,True,False,False
artist_0b410e98dc75584d9bcf1fd8ddfac831,The Red Clay Strays,5,4,False,True,False,False
artist_3a2424e6fb4a5dd49a21029e4a2a246c,The Word Alive,5,5,False,True,False,False
artist_18d28ac581ed51929946ebf8112e7837,Thousand Below,5,4,False,True,False,False
artist_aae60df2fdba54d1808cf244a77627b6,Toro y Moi,5,10,False,True,True,True
artist_61647370cb565249b72fa29f07f29ad1,Uncle Acid and the Deadbeats,5,7,False,True,True,True
artist_3d81f54d7f835414bbd7ebf760fbdc29,Victoryland,5,2,False,True,False,False
artist_23cf6fc2be925ac394df600eb2f419aa,Wax,5,7,False,True,True,True
artist_9d1594e6a0925689b71ba161edb986a4,Willowake,5,2,True,True,True,True
artist_97944bc0ad7c5fbfa29dcab0c9edaaa0,fromjoy,5,2,True,True,False,False
artist_25723f12b3955d7381af073a3bf7b3aa,honestav,5,1,False,True,False,False
artist_55cae58ef7035f2f98e267f74881f4f8,1UP Tee,4,1,False,True,False,False
artist_33e84e50ca4354929c5bd1b8d986cb77,A Boogie Wit Da Hoodie,4,7,False,True,True,True
artist_51939986a09e5a19ad2230b6765aa53b,A Flock of Seagulls,4,7,False,True,True,True
artist_c0914866ecf75df682ef393ecb66d903,Action/Adventure,4,3,False,True,False,False
artist_267cb68d0a2b57d08d42de3fe2bf692e,Afternoon Bike Ride,4,3,False,True,False,False
artist_2b1f6aaec09750fb95ae81d5d66fed18,Aleko,4,1,False,True,False,False
artist_a95c8add7ca15faba3d7003ceacfe5d3,Alicia Witt,4,2,False,True,False,False
artist_95e4d1de20585da7987231e480a9adf1,All Shall Perish,4,3,False,True,False,False
artist_61a00db108ee5364a23545368659a1b9,Andrew McMahon,4,1,False,True,False,False
artist_15c8bddfbdc0570094ff4f8ead609dbc,Animotion,4,7,False,True,True,True
artist_6cd387ac90395e92945b2cfb40701dc0,Annabelle Dinda,4,1,False,True,False,False
artist_a80b92c9bcd651f0ad181efed54aeda7,Ariel Posen,4,2,True,True,False,False
artist_faf14b8e3a395d39883beadff676a2f4,Arnetta Johnson,4,5,True,True,True,True
artist_63a94688a1f85aec9ff6630218e46c30,Asal,4,5,False,True,True,True
artist_51540ca2acfe5b1ba98a31ec3a96eaa1,Babe Rainbow,4,10,False,True,True,True
artist_a63a5806bbc05d22af147b4d338d217e,Baltimore Symphony Orchestra,4,7,False,True,True,True
artist_0c432caad9d854ad8302d5c30e609188,Belmont,4,3,False,True,False,False
artist_6d53fb1770475ec1a2b1e47b5284917d,Ben Howard,4,4,False,True,False,False
artist_6cef13b51a845e3a84d251fc1da8fd3a,Bill Mays,4,1,False,True,False,False
artist_c2b1d526520f5fb7b4bc1b9392bc1306,Blacktop Mojo,4,6,False,True,True,True
artist_f38abeb07be85a5b981911900b8c3ea5,Blake Whiten,4,1,False,True,False,False
artist_883fd60c6461510a957b18aa44ba159d,Blood Orange,4,2,False,True,False,False
artist_877a8d03ae2a52428bbd65c66b95803e,Brandon Flowers,4,2,False,True,False,False
artist_0495ecdb88b2587c87dbeb2fbcb10e2a,Brenn!,4,2,False,True,False,False
artist_7023289c5a4154df970853f33c42290f,Brent Cobb,4,5,True,True,False,False
artist_c91cb47a2e38581f8b4740087fff3b19,Brooks & Dunn,4,6,False,True,True,True
artist_081e952cec2a5b7eb76446b2fdf87983,Cardinals,4,3,False,True,False,False
artist_ded62d86f3e8592380830dfb2cb65232,Carly Pearce,4,3,False,True,False,False
artist_c7e3df91c9085088a3ff3264d01f05ad,Cartel,4,3,False,True,False,False
artist_4829c47fd0eb5d148dade00b74351291,Chandler Moore,4,2,False,True,True,True
artist_1a89dfed735c51b68747521f758febda,Charlotte Lawrence,4,2,False,True,False,False
artist_1e257c2f4ea150e390e71ecb552c5931,Chief Xian aTunde Adjuah,4,1,False,True,False,False
artist_c8256bc026db589595f0eedff8ec6e0d,Chiodos,4,2,False,True,False,False
artist_0cbe8594fe265798bf7954fa5604920b,Chris Cain,4,2,False,True,False,False
artist_0dac8cb3a10554dea09b988e660d69d1,Courtney Barnett,4,2,True,True,False,False
artist_abc521bdf6cd5753a70e476690d20d10,Culture Wars,4,2,False,True,False,False
artist_1df3bb9c4c73534d9fc34dbda1980e6f,Dallas Symphony Orchestra,4,5,False,True,True,True
artist_0efdb3edb5da51d0b9fd5702b9d96621,Daniel Caesar,4,3,False,True,False,False
artist_5a9b8b1880835bd9a7053d02504d4abf,Deafheaven,4,8,False,True,True,True
artist_7024543abe3e5f1b8d135cf36f2b71b2,Dimmu Borgir,4,2,False,True,False,False
artist_92db2a7242ec52daad781c18fe50a887,Driveways,4,3,False,True,False,False
artist_9b33011048565013992a79d489c02dfc,Dru Hill,4,8,False,True,True,True
artist_d508f74d31ed5bdea4b59678bd1afd28,El Ten Eleven,4,2,False,True,False,False
artist_f7872d2558875596be43ed5cf7dd5ff6,Eli,4,2,False,True,False,False
artist_1fed034bcbf95159acc77c17b4ec93dc,Elijah,4,3,False,True,False,False
artist_495f9595d86d5350835c3494c6abd1ba,Eliza Rose,4,1,False,True,False,False
artist_44a6daa093df531c8dfe1f4e887a3461,Elliott Yamin,4,2,False,True,False,False
artist_d7313e286b23559c9c6cfb0503c0c3be,Erykah Badu,4,3,False,True,False,False
artist_8339bf88391851cf8cb12e269d3272b3,Evangelia,4,1,False,True,False,False
artist_def67cce052c5473992ed9319454cb0c,Evergrey,4,2,False,True,False,False
artist_9e6dd7a29a4e5e66a4c6801bbe2670c2,FRIDAYY,4,6,False,True,True,True
artist_96ae28ffb70e5595b74bb5c9e567592c,Frank McComb,4,1,False,True,False,False
artist_f6ed15b4b19950e3b0105a5ce25fccbf,Freebird,4,1,False,True,False,False
artist_d5f4a89fbf3c5c298d75b818a54ea99c,Frozen Crown,4,2,False,True,False,False
artist_fb43ce731f9451eea4d0a8c58035159f,Galactic Empire,4,5,False,True,True,True
artist_d49fcdfacaa45624821613fd1652f1e5,Gavin DeGraw,4,3,False,True,False,False
artist_134a90c2c1ca5c719d223bdf431d28f3,Geese,4,8,False,True,True,True
artist_fe322bd65efa543bb55e331289df678a,Gigi Perez,4,2,False,True,False,False
artist_2150031c26d1551185b90344cf77b68a,Grace Gachot,4,1,True,True,False,False
artist_6040ffe4c7c65e7694c6868ef29fc562,Grahame Lesh,4,2,False,True,False,False
artist_b9aa4c2e020056d6a72f6de36720f566,Greensky Bluegrass,4,4,False,True,False,False
artist_6c47cba294745566901ad362368bb103,Grieves,4,3,False,True,False,False
artist_b5fc88ef6db55e148ee73fd88ed0b880,Grupo Frontera,4,3,False,True,False,False
artist_b590d7dd1f14590e812a8c6bf0137a7d,Hammered Hulls,4,2,False,True,False,False
artist_051a9dc944a45a51a1aa001e7decb29a,Hammerfall,4,3,False,True,False,False
artist_24e2e530539853b3bd7a1526bcf10efc,Hayla,4,1,False,True,False,False
artist_10fd9e20fb0e5dd9a5552e659d4e385f,Helen Sung,4,1,False,True,False,False
artist_4e3077f591d851f6ac4b0757d60d4817,Hooked Like Helen,4,6,False,True,True,True
artist_afa420fbcddb51d389052d336316335d,Hudson Westbrook,4,2,False,True,False,False
artist_023ea88e2d345b4fb9e6951560aa2f0f,Hugel,4,2,False,True,False,False
artist_6baf501836b55a298b39e13cdb86cd20,Hulder,4,3,False,True,False,False
artist_7573c46932ea583a810283d9c33d1445,Ian Asher,4,5,False,True,True,True
artist_34ab17cf269b52f08cc617ba85b41134,Icon for Hire,4,4,True,True,False,False
artist_74e0bfa4c12c5a63ae40a65a13fa80b7,It's A 2000's Party,4,1,True,True,False,False
artist_1138cd1ebbf05935866d6c4902344747,Jack Johnson,4,2,False,True,False,False
artist_038b0ffed5d35a6db2c4be106f70f74b,Jon Batiste,4,2,False,True,False,False
artist_62c6639ef2055d14bce1a9f386f53c35,Jon Reddick,4,3,False,True,False,False
artist_863715df82de5d97a73e9b587f6ebede,Juvenile,4,8,False,True,True,True
artist_9cc6b00569f353679e48ea76fd0a4591,Kesmar,4,4,False,True,True,True
artist_0bb15bb9a53455a2bbab9fac8a17f2e3,Kevin Morby,4,5,False,True,False,False
artist_4363782f465f59f99ec87d1dcbdb35b3,Khemmis,4,2,False,True,False,False
artist_b8e8809044675aa18591db079e097ada,Kingdom Collapse,4,3,False,True,False,False
artist_67f434c7e3335a46a6e6c6c3de1aff0b,Lauren Babic,4,1,False,True,False,False
artist_3db9e328fe3c562fa35b9bc84cb86011,Levity,4,2,False,True,False,False
artist_c975371221f75caaa98c21072f1f8b58,Like Roses,4,3,False,True,False,False
artist_1614b2935af15e349012a22dae0f2fc6,Luenell,4,1,False,True,True,True
artist_e19d7d74aae95dc8bf7c35919b9791d2,MUNA,4,2,True,True,False,False
artist_0e831e189c3459898922558e55821676,Marcus King Band,4,2,False,True,False,False
artist_8dafc42b6d6a52c3b817df56215d1610,Marion Meadows,4,5,False,True,True,True
artist_1c23348bf2775ae2bbc908fc3b18ac6e,Mastodon,4,7,False,True,True,True
artist_6eba4a25ad2b5783bbe0535d8de06630,Maysa,4,6,False,True,True,True
artist_01f50cc3826c564f80ca90ee97ae1d80,Melba Moore,4,2,False,True,False,False
artist_a3bee0fde09157f1bed12e61414651a3,Midland,4,2,False,True,False,False
artist_7c11763675505a50bb4fdc6acc2ae1d8,Mike Campbell & The Dirty Knobs,4,3,False,True,False,False
artist_bbf5ecf7366f5b438d2375bb8145da95,Mike Sherm,4,1,True,True,False,False
artist_67936ae014325b3e8bc183068384c551,Miki Fiki,4,3,False,True,False,False
artist_690482c9ca1b51c2849a7d3f296eb148,Militarie Gun,4,3,True,True,False,False
artist_467aeca967325950876dcffac2017ff1,Monolord,4,3,True,True,False,False
artist_9db2ee91fe9e5523aa1edb79ee4e66ed,Mountain Head,4,2,False,True,False,False
artist_a674cc75e57c5f00aaceccfdb2974f70,Music for the Very Young,4,3,False,True,False,False
artist_f002a2801f5e551a8a59a823d1643b02,Noah Kahan,4,2,False,True,False,False
artist_51a5d2458d08559d89860976157bd032,Noeline Hofmann,4,1,False,True,False,False
artist_4ac8b1d39c3857a7a9dd8e9b0a56e27f,O.A.R.,4,2,False,True,False,False
artist_76c7a21a42d1557199f731e94d5f7d9e,Osees,4,3,True,True,False,False
artist_3c7361a8378458e291d18c269e519bee,Paper Wings,4,4,False,True,False,False
artist_b9e5de7797e1500b9dae6b7da6228b50,Pinknoise,4,2,True,True,False,False
artist_846d713259175e928a32da0924e474b7,Pond,4,2,False,True,False,False
artist_6e26c236754d59a5a3806ef304e9df3f,Portugal. The Man,4,3,False,True,False,False
artist_f4c00a1907e15f69a1284325eee72c8d,RAYE,4,2,False,True,False,False
artist_e5bd75084da95429ac75dc50a50fc968,Rayland Baxter,4,5,False,True,False,False
artist_44e2eb110f9a54a7b2ff9abf3f89ae02,Richard Marx,4,2,False,True,False,False
artist_5d9fcee4d8925da5b7d62156428477eb,Richmond Symphony,4,1,False,True,False,False
artist_7e9733b703c651e8b5de22de2e376894,Rod Wave,4,8,False,True,True,True
artist_dac7eb3d14545d7a85807a751a869f6e,Rolling Quartz,4,6,False,True,True,True
artist_2cab74d9cba952f3815f18ea24b97a3a,Rufus Wainwright,4,4,False,True,False,False
artist_f08f3122c4ed5bdf8755cfb564ab382a,Sam Burton,4,8,False,True,True,True
artist_7917212daf795906b33c7baba99fbdc3,Sam Gellaitry,4,2,False,True,False,False
artist_50db129699aa5550b08cf1be9c6a011a,Seedhe Maut,4,1,False,True,False,False
artist_e83397221f6a551aad26e1c1161629be,Show Me the Body,4,3,False,True,False,False
artist_2f5a3fd040725387acabdd45e65d2149,Shreya Ghoshal,4,2,False,True,False,False
artist_58cd190ee12452ce9f5ed5187fdcaa3a,Smerz,4,1,False,True,False,False
artist_1aedc8fca01a576dae42b9e78874befd,Smug LLC,4,2,True,True,False,False
artist_5002acae65845f27bb9855273d6af7aa,Soul Man Sam,4,1,False,True,True,True
artist_ecc480fef62c589eb9fa29cd25e09d07,Stanley Jordan,4,1,False,True,False,False
artist_ecb039e2b35d518182d9ee8509f3cb51,Stay Inside,4,1,True,True,False,False
artist_c53eefa5329454f296f82d4ee4fce7c9,Stella Lefty,4,1,False,True,False,False
artist_8a49c83fb3285ac3bd305c4778bc0f12,Stephen Wilson Jr.,4,1,False,True,False,False
artist_5d545d8b98385ad1bb15c6bc7be39321,Strike Anywhere,4,3,True,True,False,False
artist_af236efee22a5f07925381392bdf51c9,Suki Waterhouse,4,3,False,True,False,False
artist_9d29ccb0857850fe98da65047737f0b4,TBAAL Riverfront Jazz Festival,4,1,False,True,False,False
artist_c895bee4f1385d30b3f9c14819bd6ded,TVBOO,4,2,False,True,False,False
artist_445d34fd50065de5b5b31f11e189f444,Tayc,4,2,False,True,False,False
artist_eeec6a338d5b52d19136a1391539563a,Taylor McFerrin,4,1,False,True,False,False
artist_a86fe856eff458b8993cccd2c0f36f8f,The Black Academy of Arts and Letters,4,1,False,True,False,False
artist_231f4939ebf55921b746b402851ee181,The Escape Club,4,5,False,True,True,True
artist_02c66088eece5e93a036cc59c6bc0c40,The Fray,4,2,False,True,False,False
artist_a1adeca735785b9f9bf4e0fcf2222363,The Frights,4,2,False,True,False,False
artist_74fe84f83d9853adbb014219241777fe,The Holdup,4,5,False,True,True,True
artist_54db16b1fa0a5e0d9c3554ed8fb4006c,The Isley Brothers,4,3,False,True,False,False
artist_4a7664a0cf23583eb3294676a1315e23,The Jack Wharff Band,4,2,False,True,False,False
artist_56ee07fa57ca5ed6b4302fc9d203b221,The Milk Carton Kids,4,6,False,True,False,False
artist_ae60edcdf54f5a04bb67288a7b0265e8,The Revivalists,4,3,True,True,False,False
artist_03ed1117fba25f3eaeedceda8cadef18,Thomas Dolby,4,8,False,True,True,True
artist_45b3e5e8a65b5cbc9c9d3de285a52968,Tiffany Day,4,4,False,True,False,False
artist_0ec9b0b1879c5b818cc888d130929960,Timmy McKeever,4,2,True,True,False,False
artist_11146b0551835c8b92c5466dfc89d389,Tinlicker,4,2,False,True,False,False
artist_08b7145792775dafaa64c2593cf2a5cd,Tommy Tutone,4,5,True,True,True,True
artist_7dc5716a9736557d8b393108f4f855f0,Turnstile,4,6,False,True,True,True
artist_16e34a5998c45ce3904ffdc84777780d,Ugly Kid Joe,4,3,False,True,False,False
artist_e1fff5538b6d54e0bfcb88c73966fe2e,Uncle Waffles,4,7,False,True,True,True
artist_3ece0468d9a5507d8500d4e15bf04a7a,Vacation Manor,4,7,False,True,True,True
artist_9a809f6617ba5fc49c777823926a2bc0,Vanna,4,8,False,True,True,True
artist_4f887bf29207598ea99409eef5587fd8,Veaux,4,2,False,True,False,False
artist_8a2bef01566a5a6f8d01ff3222a63b32,Violent Vira,4,5,False,True,True,True
artist_7987fafabd3b546a94529a05066fc7e9,VonOff1700,4,1,False,True,False,False
artist_beb3c844100a53cea6941fbf261dbeba,WILLIS,4,2,True,True,False,False
artist_20e1ec90e4a95c56a14ec0517ed1d91d,Wave To Earth,4,2,False,True,False,False
artist_83f2da6196b95fe89e70a965851589d4,William Beckmann,4,4,False,True,True,True
artist_7137c4dd87e356009b5bc26edbc79143,Wyatt Waddell,4,2,False,True,False,False
artist_44c9c79305525411965995aa23400609,Yonaka,4,7,False,True,True,True
artist_0ba0e7129b855180a275de83e7b224c7,Zach Top,4,2,False,True,False,False
artist_dbdd074f866f54958096153a59c405a2,Zeddy Will,4,6,False,True,True,True
artist_7474b9c7795250fd9ea66af4628cc6b2,Zoh Amba,4,3,True,True,False,False
artist_35bd21dd57b254f9b36abd01a19ead41,girlsweetvoiced,4,2,False,True,False,False
artist_b3f0efac69ac5722989c223bb29ce1ed,greek,4,4,False,True,False,False
artist_f7fb3886228c59889a63b950b8203215,keiyaA,4,2,False,True,False,False
artist_8391cd9d7c2158ebabef90994caac55a,16volt,3,7,False,True,True,True
artist_ed7804c4d55657f2bdfabfdda439b341,2charm,3,7,True,True,True,True
artist_82c3af5edc7e5b70a05c12b0ebf71b49,2slimey,3,1,False,True,False,False
artist_3577b05d03285bfc8f388204a81fade4,3 Inches of Blood,3,2,False,True,False,False
artist_b414b1a45bba545e9f85509d87d20cf4,3OH!3,3,4,False,True,False,False
artist_48a90d1b8acd5112ba28c849fd6b849b,A Thousand Horses,3,7,False,True,True,True
artist_e61c9e69fce4580fb7db49600be833cf,Aaron Rowe,3,2,False,True,False,False
artist_5bb1e48d387d5fc5b84f20101b1bf697,Acid Bath,3,2,False,True,False,False
artist_b376682d20245b9a818bee405819c253,Alex Isley,3,4,False,True,False,False
artist_89bb4879077c5f7cb090905f48dd9e03,Alex Lambert,3,7,False,True,True,True
artist_14f0871c19355aa98157fc544737e641,Alex Maas,3,3,False,True,False,False
artist_69981a60db1e598ab1cf874a05b7ec31,Allen Stone,3,2,False,True,False,False
artist_2229eb51795e5c77942e2f5f5b476f31,Altin Gun,3,2,False,True,True,True
artist_c7f04e8f7a775785ad6f275815dc65bd,Andy Coe Band,3,5,False,True,True,True
artist_a8a34683767357e18b5b869f83e17564,Atlanta Pops Orchestra,3,2,False,True,False,False
artist_89afd5cd67cf549d87719ddf953a15aa,Atta Boy,3,2,False,True,False,False
artist_9b639ba24a3756a4882db7fc209ba6e4,Audien,3,5,False,True,False,False
artist_b16ee0fd576b59659aad82be1359481f,Austin Miller,3,0,False,False,False,False
artist_a55b3e9d442456a3ac0ca20ec275506e,Automatic,3,3,False,True,False,False
artist_e32335220d2559cfac80ea26343bb1eb,BNYX,3,0,False,False,False,False
artist_d7df9b9a193a51e7be0163286104185c,BRESH Party,3,1,False,True,False,False
artist_e9a894034dd65f92b9a61338e345ac58,BUNT.,3,8,False,True,True,True
artist_7450c217f56057f8a022b867240b4086,Beanie Sigel,3,2,False,True,False,False
artist_5e43510c817955b7b9859d37caf601f2,Bear McCreary,3,1,False,True,False,False
artist_bc881f6dffdb54ae9428fe15e3ef24bc,Beau Young Prince,3,2,False,True,False,False
artist_4ce6eb2aaa4b558fa9ad524424f09679,Bee Blackwell,3,3,False,True,False,False
artist_85546e407634558cbd294c45548ecbc7,Ben Chapman,3,1,False,True,False,False
artist_d81105cc6c59516e95250bc9bf2644de,Benny Bellson,3,4,False,True,True,True
artist_669e8fb547e755c987791aa5670fdcaa,Black Veil Brides,3,8,False,True,True,True
artist_5ab13e3a051656bab8ada2f920278b6c,Bob Log III,3,2,False,True,False,False
artist_a5da78af18b55c4d81e68f9331e60f5d,Boosie BadAzz,3,2,False,True,False,False
artist_9ed4a0d0bc255ea8a61ee2c4cdc70078,Borgore,3,8,False,True,True,True
artist_f27c9d9499265fd3a59f74862da97b9f,Bowling for Soup,3,4,False,True,False,False
artist_95431ead992d59539434489aad107756,Boys Go To Jupiter,3,2,False,True,False,False
artist_bf8a07f6d9f05ce8b76251abc7f08466,Boyscott,3,1,False,True,False,False
artist_8fe804ef45fe5a4295687d7c2934a434,Braxton Keith,3,2,False,True,True,True
artist_ad62de867b105144bb167d6a725baac4,Broadway Dallas,3,2,False,True,True,True
artist_e6d5f3863b5d5ccea0334b8615e3779a,Brother Bird,3,1,False,True,False,False
artist_7c7573da84c555208e0323f574b1595d,Bruce Forman,3,1,False,True,False,False
artist_0b6af8c70329507885c353a1bcb170d9,Built To Spill,3,5,False,True,False,False
artist_19febc0c9a1a51b2a1c2103c5d667578,COLDSTATE,3,4,False,True,False,False
artist_9072b6c685375d77bf03d53609202e40,CORTIS,3,2,True,True,False,False
artist_82e04578b24c50e3936a2d4dc01e3850,Califone,3,4,False,True,False,False
artist_4937d913d378536f9e44ba4bdb8babc9,Carnifex,3,7,False,True,True,True
artist_2d8f6cc31d2d541781acc16e508e5a4c,Caskets,3,6,False,True,True,True
artist_c9c9b33d40865eaea35de7656d69781b,Catbite,3,2,False,True,False,False
artist_97d0934242b15304b4fe8c0becbe0c59,Cenobia,3,1,False,True,False,False
artist_38c69f75600e5fd0b1cc57cb85e02d2e,Charli xcx,3,2,False,True,False,False
artist_bffcd9f9c3785b62a1dc4d1016d6f1cf,Chicago Symphony Orchestra,3,2,False,True,False,False
artist_5728d7f6472c5f5d866f24eff61202b2,Chris Brown,3,3,False,True,False,False
artist_f6ef50ce7ea95800805289b8fb470f13,Chuck Leavell,3,8,False,True,True,True
artist_bf7f15abf5955528bddf65c651adb32e,CircuitMOM,3,1,False,True,False,False
artist_0f6164e506115d1ab00a97d12ef67e0c,Cleo Reed,3,1,False,True,False,False
artist_18021980c7595eec9b12689e197e56e9,Colony House,3,2,False,True,False,False
artist_25b7dbfa4508527085ec9c98acd567f3,Crowbar,3,2,False,True,False,False
artist_d33d53af08425948bbe224034eecf6ef,Cult Member,3,1,False,True,False,False
artist_18ced88acbdb5aac93191c56e327def3,DJ Carbo,3,2,False,True,False,False
artist_f8c7ec90043b5e5f82cd2a55224c64bb,DJ Kurupt,3,2,False,True,False,False
artist_f8df3105ed2c5d2698a1291f15b077e6,DOMi & JD BECK,3,1,False,True,False,False
artist_a0022acbc7995deab7d2516bad594211,DOMi + JD Beck,3,1,False,True,False,False
artist_1613353e293a55a9938f978cd60049b2,DWLLRS,3,3,False,True,False,False
artist_038e6e285b665d3bbac4516755493608,Dan Tyminski,3,5,True,True,True,True
artist_d9ed84961e6f51bb933fc0878eaee02c,Darren Kiely,3,3,False,True,False,False
artist_be241b079ac151cf9cfd1e76d6b72e25,Dashboard Confessional,3,2,False,True,False,False
artist_815c48e4871f5bdd963f708180cf45bf,Dazy,3,2,False,True,False,False
artist_4755869e354d53e392500600692043a2,Deep Tropics Festival,3,0,False,False,False,False
artist_a1328eaf91945c53a40d731d27948230,Deorro,3,9,False,True,True,True
artist_6f6c8f8e098b56f1bc322b810b4de593,Devil’s Cut,3,0,False,False,False,False
artist_a4931e73c95a5fa28e85b1c20d6f4897,Die Spitz,3,3,False,True,False,False
artist_0d57ff95e25a55808d368d7844422c1b,Dijon,3,8,False,True,True,True
artist_bda8db4a54445020b2a16ddeb8e8ad76,Dildox,3,2,False,True,False,False
artist_a01f79fa219550b79d24f37397aeee66,DirtySnatcha,3,1,False,True,False,False
artist_f2a2b3e1a47e5ed1bb31484ccb6295da,Dogwood Tales,3,3,False,True,False,False
artist_28c0716660c6552bb110612c1fcd6e23,Don Felder,3,2,False,True,False,False
artist_b1326df4a553515487215a230f0b0ba6,Don Henry,3,1,False,True,False,False
artist_52556f28336c52578fc7fcff1168d3ed,Donald Lawrence,3,6,False,True,True,True
artist_995f7f547e7e54f5a9cd211d3508e0c8,Doug E. Fresh,3,3,False,True,False,False
artist_95021437b78554ea9af9875e23c5f371,Down To the Bone,3,1,False,True,False,False
artist_1d8ddf2618345e8fa20a3ff9780a3464,Downswing,3,2,False,True,False,False
artist_fa3a91f9f7fa5956abd55cf6cd162db7,Dwarves,3,7,False,True,True,True
artist_455916317e655d7ea787e0ba91f715e3,Ed Sheeran,3,1,False,True,False,False
artist_e771327351615895a8480cbc545f4036,Eddie 9V,3,4,False,True,False,False
artist_49ecc16264705a21919aeebb2b1b4374,Elder,3,3,False,True,False,False
artist_1d237c5be7c554e4acfd6b7804c16ff2,Elefante,3,5,True,True,False,False
artist_c2d126e5f98d51fba6c6925ae5280d8a,Elias Hix,3,2,False,True,False,False
artist_4b775340830a517781f6f1b3bfcaa180,Emily Ann Roberts,3,2,False,True,False,False
artist_73418b97f74a545e914286b403285b29,Emily Nenni,3,1,False,True,False,False
artist_66bcfec93d4a536abad3fd0e28339831,Ensiferum,3,2,False,True,False,False
artist_00b50c92bd345d319229b5de6bd86b63,EsDeeKid,3,2,False,True,False,False
artist_318f9f4d5a415607bc924871e75b3c59,FORAGER,3,2,False,True,False,False
artist_be036247548a52f89467b4aed6afb9b6,Fai Laci,3,2,False,True,False,False
artist_d70287415ed45bcda4e55c0b5405ead8,Fenway Recordings Sessions,3,1,False,True,False,False
artist_98d2d72b684b5aaaae59497fec77b481,Firewind,3,2,False,True,False,False
artist_8e665cd2a5785e389a210e7256b1870c,Fleetwood Mac: Stripped,3,0,False,False,False,False
artist_c0291f6282b658329be7f2dc72032b1f,Flow Tribe,3,2,False,True,False,False
artist_617112087a235900abaa801c52a285f3,Force MDS,3,2,False,True,False,False
artist_26576b5e28cc5e37877cea7a788dc262,Foreigner,3,2,False,True,False,False
artist_91dda3f5addb50a9b29625d37290626e,Frank Turner,3,3,False,True,False,False
artist_15563a876d8552c8ad6ed40bcfcd08af,Frankie Cosmos,3,2,False,True,False,False
artist_5bb70e371c615eda8c95ea9387d77c22,Frankie Moreno,3,2,False,True,True,True
artist_81c2c5dec2e8579a912b6fab0e3372ca,Friend of a Friend,3,2,False,True,False,False
artist_ea35a0c366d75d1a94ce729375635d4a,GLU,3,1,False,True,False,False
artist_3e2ad7e5f93f504ebc59d8f49e76b070,Gavin Adcock,3,2,True,True,False,False
artist_c53206df294850199a224596304ded6f,Geordie Greep,3,2,False,True,False,False
artist_e75a9483a0f55346a0ce3bf3b8b6977d,Gibran Alcocer,3,2,False,True,False,False
artist_7677c7b4275959dba601a29690f671d3,Girl of Glass,3,1,False,True,False,False
artist_c7b71340fc77535fb19c1daf5941ef62,Glokk40Spaz,3,2,False,True,False,False
artist_04c5a395f15e5612b0201f223d52fdd5,GoldFord,3,7,False,True,True,True
artist_8c8d7f64f7bc5681a001df46e7fbd399,Gordo,3,2,True,True,False,False
artist_80ab9296472254aab0290b2e6e08cc11,Gothicumbia,3,1,False,True,False,False
artist_1015ee94c9a453b78fdf3199b70658ac,Grace Cummings,3,4,False,True,False,False
artist_d14d79c6f05e5de0bb6fe85336f1a015,Greyhaven,3,2,False,True,False,False
artist_e885668ec6f95b19b67125f3f891092a,Grupo Duelo,3,2,False,True,False,False
artist_ecd829aa7204557e9c01e01265afe70e,HAFFWAY,3,2,False,True,False,False
artist_1e25768833db5c8791106ebf32d70608,HEADSEND,3,2,False,True,False,False
artist_9cc4ff8a73a85f988ea4cf59645f3c49,Hannah Winkler,3,2,False,True,False,False
artist_50b84f00275e52ca9d03972588231455,Happy Together Tour,3,2,False,True,False,False
artist_f7cb30ca31cc53778b9c38131ee27de7,Heavensgate,3,4,True,True,False,False
artist_b2938a7870ea5fd0b20df913ab47f9ef,Helsloot,3,2,False,True,False,False
artist_2911299493d45241a9ad5b53936b0b34,Her New Knife,3,2,False,True,False,False
artist_d61e4ab836145571a4d47ae5089ec93f,Herbie Hancock,3,3,False,True,False,False
artist_175f709b00b65f3f8c7f6cdbc743e28d,Hillary Hahn,3,2,False,True,False,False
artist_6a23ee5bc48b52a0bfaaa445368cde7d,Holy Wave,3,3,False,True,False,False
artist_b056799232725e75a27f9bf643f4265c,Hot Like Mars,3,3,False,True,False,False
artist_69d9b879d6aa58abb2e6a79a859a7e66,Hot Mulligan,3,3,False,True,False,False
artist_f06ba8b9f4aa503194f60c05d7c6ebd4,Hot Rod Circuit,3,3,False,True,False,False
artist_a08788b7aceb5ef699b9248018d44567,Hypnotique,3,2,False,True,False,False
artist_0523f8ed6ab85ee0a0d914a51b6fc037,If Not For Me,3,1,False,True,False,False
artist_e9a98f2f29c15b44b9e1521ddae1affd,India Ramey,3,3,False,True,False,False
artist_c4202cd1f6b3583fa4891a5ef44ba200,JMSN,3,4,True,True,False,False
artist_0128cf68de4154bb8967bd2af5b22e00,JP Saxe,3,2,False,True,False,False
artist_4e79e747751757bb81e3c069331e5b3e,Jake Worthington,3,2,False,True,False,False
artist_a2ba6ce6da955cf283eb82c354aea293,Jarrod Dickenson,3,2,False,True,False,False
artist_7ed9f5b2c099583485c8188eba60008b,Jason Ross,3,8,False,True,True,True
artist_b01bebab5d0b56fe869fe00f8ea2eb0d,Jeff Bernat,3,6,False,True,True,True
artist_9c9dccfaa2d251f5a211ce6ed35adb11,Jesse & Joy,3,3,False,True,False,False
artist_36aaf491b22d57b684c3be393dbc408a,Jesse Welles,3,2,False,True,False,False
artist_c2f1533be7f656cabc00644607323f4e,Jimmie Vaughan,3,2,False,True,False,False
artist_27a8359826015ba3929a76a43b12daeb,Joe Bonamassa,3,3,True,True,False,False
artist_c33f17a5c2a15591ad69f7775afc05ef,John Gallagher Jr.,3,2,False,True,False,False
artist_8f12c7436eec538e8b612d5bb264e9ab,John-Robert,3,3,False,True,False,False
artist_576f5654cf0d563ab153a094072e10df,Johnny Gill,3,3,False,True,False,False
artist_7fdecfc04faf5c40a41816e48dbbffe2,Johnny Manchild & The Poor Bastards,3,2,False,True,False,False
artist_6abb4f2b22745d64b37697d9b0c9fd6b,Josiah and the Bonnevilles,3,1,False,True,False,False
artist_85cbeda035ab58219fe8c9ba0231c048,Julia Wolf,3,1,False,True,False,False
artist_1bd3cace9d265505873db17f280170ed,Jungle Rot,3,2,False,True,False,False
artist_7da08933072f517ab5a94d6996ad2ed5,K Camp,3,4,False,True,False,False
artist_9b472b1139ed5e98a7ce37b8ba4c6247,K-Love Live,3,0,False,False,False,False
artist_78f490799eae59eb83dbef2a24fa6fb6,KEEP,3,6,False,True,True,True
artist_45e5c697993f536f997c68b30e3d0f89,KK's Priest,3,2,False,True,False,False
artist_9a4002104b945961a501b1be1792b102,KPop Club Night,3,2,False,True,False,False
artist_2fd34de2a1f4570aacf006e16f95a3c0,KT Tunstall,3,3,False,True,False,False
artist_ef81c0cb98d4500f905833f6eba27254,Kataklysm,3,2,False,True,False,False
artist_bb3ce23128f856528180b8a8ed152344,Kenny Sharp,3,1,False,True,False,False
artist_ad49bddf17665964925651eab6576a73,Kenyon Dixon,3,1,False,True,False,False
artist_6a501cd5d7bf5ae4957558c099e75ad1,Keyshia Cole,3,4,False,True,False,False
artist_cea5f1dc73f35a71896f4c87d6842e2e,Kill Bill: The Rapper,3,3,False,True,False,False
artist_70f499e846e95bf5852945dfdb53c32c,Knocked Loose,3,3,False,True,False,False
artist_ab32bdb0367555d38ff9bf200c9e7a6e,LCD Soundsystem,3,7,False,True,True,True
artist_2ba0e3b986dc5905960e085c54d4ea93,La Luz,3,3,False,True,False,False
artist_6df9c6b8ffde5411b10c264eadba9627,Lainey Wilson,3,2,False,True,False,False
artist_3193aeb9016b5dd0bd9cd8fef70befb0,Lakeyah,3,1,False,True,False,False
artist_927af888e6a3523eab994889b55979aa,Leon Thomas,3,3,False,True,False,False
artist_fd502caefc665bd28981b0976c612d97,Lettuce,3,2,False,True,False,False
artist_d9a20c5aa8105dcf8f8dfe8d50d35f8a,Local H,3,4,True,True,False,False
artist_58219bc3eb465fb28a69b5a32d8cf8a9,Los Angeles Philharmonic,3,2,False,True,False,False
artist_7a69b4e640ee5d31a4a06241e7210444,Lost Frequencies,3,3,False,True,False,False
artist_fe627d8116165b87b29bd3ef88928aca,Love Spells,3,1,False,True,False,False
artist_7717998d4c615db7abf90ad1591549d7,Lukas Graham,3,2,False,True,False,False
artist_4317553fa3f557fe8b2a91f34ccf44aa,Luna,3,2,False,True,False,False
artist_50ba8ead01065da8a8135079bda75089,Major League,3,2,False,True,False,False
artist_3fd33d446b83598785a236e80a1e3e55,Manchester Orchestra,3,2,False,True,False,False
artist_9642543ba604575c9127d7ecbdbf369b,Marco Mendoza,3,7,False,True,True,True
artist_c352e178c90f5c72bdcadc0e49842343,Maryjo,3,1,False,True,False,False
artist_226f7e94ebe057a7a9620f6822ff23fb,Matamoska!,3,1,False,True,False,False
artist_c3894af4616b58e384579f20ba7cd4c6,Maya Delilah,3,5,False,True,False,False
artist_870cc3fd07da55bba4acd804c5e59498,McKinley Dixon,3,3,False,True,False,False
artist_e37e9ad2160153ddb275cee4c00f357e,Megan Moroney,3,1,False,True,False,False
artist_2d36dc3d210153f4be868d2b15fd1696,Men At Work,3,2,False,True,False,False
artist_4d7ea14f84a959d48db5b39b1fa64251,Mexican Slum Rats,3,2,False,True,False,False
artist_12a3563eece65d57af93a6b5c971f1e3,Miles Minnick,3,3,False,True,False,False
artist_542c0cb0d7eb57309763c68065ccdefd,Molly Santana,3,2,False,True,False,False
artist_f6ecb73dc0135b9f8f49d86b16c56eb6,Momo Boyd,3,2,False,True,False,False
artist_c1decd5553c958e59c98bb465354607b,Mothica,3,3,False,True,False,False
artist_fbb0cb15b1a251ecb5244c1226f8b241,Murphy's Law,3,2,True,True,False,False
artist_a63ccc4dd23f5b35a6f25287fc1b9a45,NEEDTOBREATHE,3,2,False,True,False,False
artist_066b6c6a3acc55ac83995fdd010ba0a2,Nation of Language,3,2,False,True,False,False
artist_4f6f44b1ed5156648dc8fec3aa35a4b7,Nature Boi,3,1,False,True,False,False
artist_f07500a048a75ae590d138caf852eea7,Negative Approach,3,7,False,True,True,True
artist_56d17c1e20dc59b092841788c1af395d,Night Idea,3,2,False,True,False,False
artist_4750854ef5e05fc29a2e81797d956480,Nir Felder,3,1,False,True,False,False
artist_c27b8b9ae3bc52efa528148c8f6a50bc,Nonpoint,3,2,False,True,False,False
artist_d08da5444cbc5b1e827f7265c31d16a8,Not Enough Space,3,3,False,True,False,False
artist_16f07108568657c0a437003289238c2a,Novelists,3,1,False,True,False,False
artist_6333613f46735b9b98b6b7603ffdbc93,October London,3,2,False,True,False,False
artist_af2759d87668504f8253a426fd7b8d3b,Oliver Hazard,3,4,False,True,False,False
artist_b6609110dae458b0b375cc2f371b6e6f,Opry Show,3,1,False,True,False,False
artist_7d77f0f2dd85581abcd8d0a5cba51a40,Orville Peck,3,3,False,True,False,False
artist_3d4ef721257552debbd206d0868428bf,PLOSIVS,3,2,False,True,False,False
artist_754c5eb206345ef289dbd721c6c3a7c9,Papa Mbye,3,1,False,True,False,False
artist_2fcdcf5ad6925855a8652a597e264371,Paul Cauthen,3,4,False,True,False,False
artist_e4218ab428b25305a16c670b38bb64fa,Paula Cole,3,3,False,True,False,False
artist_83ca3f312d0f5488bf77065af86842e5,Pavement,3,2,False,True,False,False
artist_a0349542fdf65d499fdaaf0fdc31c021,Peter Hook & The Light,3,1,False,True,False,False
artist_2b8d3006d36b527a83f0ba4da1c69198,Peter White,3,2,False,True,False,False
artist_67d73195ab8c5be3aec213f808157f08,Philly Pops,3,0,False,False,False,False
artist_c8eb2d83ef3b5046ac2476576d4d6e4d,Pierce The Veil,3,3,False,True,False,False
artist_1a506f7ffe545db8bb7edc2567dcb074,Pinkshift,3,3,False,True,False,False
artist_c58e10d47df250b2949f47e95c575eb3,Pi’erre Bourne,3,1,False,True,False,False
artist_f92ebc0cab575af29671008d5f1dcbcc,ProgPower USA,3,2,False,True,False,False
artist_df1e673e611356159731defae6fd1f28,Public Image Ltd,3,4,False,True,False,False
artist_248e38097ca95cb0bf627d3db4e5ed15,REZN,3,4,False,True,False,False
artist_8b7a428ecab45137a836a5fd6d7a76c9,Ravi Coltrane,3,1,False,True,False,False
artist_c6e1be08149f51469a7b7c0a5a80ae88,Reeve Carney,3,6,False,True,True,True
artist_1b1ba71d73a2561788cb25f78a55d430,Reggae Fest,3,1,True,True,False,False
artist_376d93d2c8695662be2f8630436013a4,Rend Collective,3,3,False,True,False,False
artist_e4d989420b645719a8b963f7db175f7d,Return to Dust,3,2,False,True,False,False
artist_81a2d1898de75a10a072dd1c77edbfe9,Rick Ross,3,3,True,True,False,False
artist_fa0b86c3deea57a18a3bdae4de3587ab,Rico Ace,3,2,False,True,False,False
artist_5db328eeac6f503fa9096e29a60e9793,Riot Fest,3,2,False,True,False,False
artist_9b14ee2fc58c59fc95a33027d53edde3,River Shook,3,2,False,True,False,False
artist_076e37faa1aa5fb58e8d6c02057eaf6a,Robin Trower,3,3,False,True,False,False
artist_05d126720ba15512952fa108d3144dc8,SKORTS,3,2,False,True,False,False
artist_321d5a8a45855f51bb3d5af8585d2bb3,SWAVAY,3,7,False,True,True,True
artist_b1317d7a35b657da995b293595d4d4f1,Saint Levant,3,1,False,True,False,False
artist_bf3cdee4698e52258ed35779555b7fd2,Scene Queen,3,3,False,True,False,False
artist_4a8ba6431be85644821987efd97179fa,Schur,3,2,False,True,False,False
artist_8d26685c65a45fcca5088cd148ad4a4d,Seven Year Witch,3,1,False,True,False,False
artist_cb058ac6f22e5864a685fa7c859ed759,Sevendust,3,4,False,True,False,False
artist_242cc092b3f852a292ed470e11078c40,Sex Pistols,3,2,False,True,False,False
artist_dc3dd1f0f4b4547792ae6c3966272c45,Shady Nasty,3,2,False,True,False,False
artist_31ac861ce035555e8055270a5b2d845b,She & Him,3,3,False,True,False,False
artist_840b35fc9f3e5468b809229bea924d18,Shrek Rave,3,1,False,True,False,False
artist_66621ded94995e70970cf1c76cc0130f,Shudder To Think,3,3,False,True,False,False
artist_65642936d57258c6948a9c7803b29645,Silversun Pickups,3,4,False,True,False,False
artist_74b3cb7449065ac28d9f9fe241464494,Simple Plan,3,4,False,True,False,False
artist_4490b4d38da55c4eabb0722349946538,Six Feet Under,3,2,False,True,False,False
artist_3c32e4d9dddd5177a7491907b8f70aea,Skrillex,3,2,False,True,False,False
artist_8d5d3c92d4ca55518963e9ebcf4764ac,Smut,3,2,False,True,False,False
artist_ee3106df06155b96bb71341e33c5f98c,Soda Blonde,3,7,False,True,True,True
artist_ecd957a0530b50b4bc08a710912a99bf,Softcult,3,3,False,True,False,False
artist_33455918ad4d5e2685f70841e085866c,Solon Holt,3,2,False,True,False,False
artist_369a535efec356f6a377eef64c85b732,Something Corporate,3,7,False,True,True,True
artist_054be26bab615a22b06475efaa8a4293,Sondre Lerche,3,3,False,True,False,False
artist_3dc6bab39a365ad5971db0a0bd82743a,Souls of Mischief,3,4,False,True,False,False
artist_fcbefb2f96345510acffca024d44fa47,Soulwax,3,2,False,True,False,False
artist_75563bdd34b850f4874ad1dfed969839,Spafford,3,2,False,True,False,False
artist_6844442e264751b095c9067c1c40c959,Stateside,3,6,False,True,True,True
artist_d2bdabb1c8335f61b5da2c15e313e271,Steel Beans,3,6,False,True,True,True
artist_7dcb6e3d4c755348b571eb39ac4c5a7b,Sub Urban,3,4,False,True,False,False
artist_3ed07e3286b3502e95b74c80f98b187e,Sur Back,3,7,False,True,True,True
artist_67023da16d90567c93ed79cc55dac53a,TELYKAST,3,3,False,True,False,False
artist_2efc846b96d65a878568bcdafa379798,TOMI,3,6,False,True,True,True
artist_b14ae081cf835f7788cd73111d187d07,Terrapin Flyer,3,2,False,True,False,False
artist_342a85a1b63f5c40aefb60a58d8a2d08,The Black Queen,3,1,False,True,False,False
artist_b1443d9e204f53bfab1e4d8775cd6bd0,The Blackbyrds,3,1,False,True,False,False
artist_dc4014db6fc25ec38c1d92de92e36c8f,The Charlatans UK,3,2,False,True,False,False
artist_23683b6a0d8c5cbdb5f2b2c0ba2f72d2,The Flooks,3,2,True,True,False,False
artist_1ab46a3be057591a9be9aabade9e3525,The Guess Who,3,2,False,True,False,False
artist_bfb52f20b6935e5280134dd07b2dc4f2,The Lone Bellow,3,2,True,True,False,False
artist_3c098a73b74852b0b77bcb08f326e63c,The Matches,3,4,False,True,False,False
artist_2939e548090e57c7be20f8174fc06f4d,The Motels,3,2,False,True,False,False
artist_37ba4b36cd575a66928be2e420e6c047,The Philadelphia Orchestra,3,2,False,True,False,False
artist_0d310b3a541b52b99497cc7f5c57f3ed,The Producers,3,6,False,True,True,True
artist_944fd21e17c75778b3636a1ed7c403fc,The Rapture,3,2,False,True,False,False
artist_802719c0747755db9c78f999c5a1575e,The Shins,3,5,False,True,False,False
artist_7bb98465bf82586d857eea5c15848aaa,The Stews,3,3,False,True,False,False
artist_040c7cf16b1a5d13bf34cbca0e8b3f9f,The Two Lips,3,2,False,True,False,False
artist_afc1c48c7f085d77b70e8f459c53eaf1,The Warning,3,2,False,True,False,False
artist_37c757a755605a76a44f29868c83f6b1,The Weather Station,3,5,False,True,False,False
artist_509d86646f035f96838577fa2f47a66a,The Wiggles,3,0,False,False,False,False
artist_768b24413e725fcaba1db55c7867e3e3,The Wooten Brothers,3,2,False,True,False,False
artist_5c9bbe75320a5d91ab61f1e92c82d5c9,Theory of a Deadman,3,4,False,True,False,False
artist_381dcfc07e1d5deb8923920e1f622024,Tiana Major9,3,4,False,True,False,False
artist_766f7a3babb151c48c20f4c32a776840,Toadies,3,7,False,True,True,True
artist_a96a92e8d8c9562b85b030aa838f976f,Tomahawk,3,7,False,True,True,True
artist_7d2436a423655a0dbf30a7795d21498d,Trombone Shorty & Orleans Avenue,3,3,False,True,False,False
artist_685d9c8ea06b5f20a093f8255b52da7a,True North,3,2,False,True,False,False
artist_77e79e4be28252239caaebf52714acde,Underscores,3,4,False,True,False,False
artist_bff804d04e6a5abd9f077d64f8fa5991,Vader,3,2,False,True,False,False
artist_b191d945ce82572f83030f350c2fa692,Victor Wooten,3,3,False,True,False,False
artist_eab21173aa775802994b5c082a467975,Victor Wooten & The Wooten Brothers,3,1,False,True,False,False
artist_62eb882983955145a4b724d252441791,Villanelle,3,2,False,True,False,False
artist_7372ccc6a1575c7f986ed2f1a9f9aadb,Vince Gill,3,1,False,True,False,False
artist_4d69b3593cbd5750a08c97050356eb19,Vinnie Moore,3,8,False,True,True,True
artist_8a69e3678b3b5999901398a027e44822,Void,3,2,False,True,False,False
artist_d12b93d1ebef5717b741af2cb6cb9923,W.A.S.P.,3,3,False,True,False,False
artist_711f9e5d2fa65c038fcf428a23b3a365,WARGASM,3,2,False,True,False,False
artist_92aa4d5240b55fc2a4fe809ce560a30d,Weezer,3,3,False,True,False,False
artist_d8a6c3843d855aac9acdaf60bbf0447d,White Ford Bronco,3,0,False,False,False,False
artist_81e6ff47bd4f52b18261d53cc7e6c5cd,Wild Horses,3,1,False,True,False,False
artist_47be87dcf7435805877bc711e568c379,Will Swinton,3,3,False,True,False,False
artist_e0d622da493d5680b3e4ec16d5fca21d,Will Wood,3,1,False,True,False,False
artist_3e12908d17d8567d93b34eb8145616dc,Willie Watson,3,5,False,True,False,False
artist_d95198226894538abab727428670da10,Wind Walkers,3,1,False,True,False,False
artist_47afc6c6f1df5aaa88716d7c6d02ae8c,Wolf Alice,3,7,False,True,True,True
artist_22f991a027705e38bb6b943633dc987d,Wyatt Flores,3,2,False,True,False,False
artist_17ee88d3819a5ec6bce6390836fb3c4b,Wé Ani,3,2,False,True,False,False
artist_64165cc640ad57f393f70f418146e979,Yard Act,3,4,True,True,False,False
artist_69dab7fbf3e25bfcb203f00c4b076306,ZAYN,3,1,False,True,False,False
artist_faee2099c05f5e5088317a659361fa3d,ZHU,3,3,False,True,False,False
artist_1594c09b14fd5f18b83ac48d0106a367,Zac Brown Band,3,2,True,True,False,False
artist_fa8b156d672e58eb85b0b8b67ee37355,Zach Person,3,2,True,True,False,False
artist_d6162d4a2ef65a5a8588bb9d93567d32,Zedd,3,2,False,True,False,False
artist_b8112a7a918d5ca2ae3a94368923f1ba,Zedd in the Park,3,4,False,True,False,False
artist_4d1d3c91edb05ebb88f59c1baa5f0af8,Zeruel,3,2,False,True,False,False
artist_f4dfc8a2e1e45f21a35b2723bbb8763b,Zukenee,3,1,False,True,False,False
artist_1c46aff55ce85dbba0c625375b72729d,aWannabe,3,2,False,True,False,False
artist_dea48546c2dc57bbb9d1851716e11850,dreamfone,3,2,False,True,False,False
artist_447d1158bb825685b15f675f4a598256,hemlocke springs,3,3,False,True,False,False
artist_9c2f2d547b4354d0b4340ef9d88f4b08,jayo,3,2,False,True,False,False
artist_e569a51e36a25122a4d7e266066e39ad,overtonight,3,2,False,True,False,False
artist_de8d799a19965dd982063d30cc1fe899,slo/tide,3,1,False,True,False,False
artist_0781f2c3f0cf5c2bb7fd14a1de61346c,10 Years,2,4,False,True,False,False
artist_9bea99cb6d4d5cec8727818339303317,10xTANTRUM,2,2,False,True,False,False
artist_c66b8b97d0825a81a7aef1d076dff13b,1900Rugrat,2,1,False,True,False,False
artist_b71ac1c6ece65f34925664901fb0286c,49 Winchester,2,5,False,True,True,True
artist_25588b3804795dfc82aaa01db866440e,5 Seconds of Summer,2,1,False,True,False,False
artist_5643d3e2738d5ac796c6760f6e014126,50 Cent,2,3,False,True,False,False
artist_a7134fdbcbd35a24aef7e183abc528d8,999999999,2,2,False,True,False,False
artist_ed89db43209550959d0df229516b5f9d,A Foreigner's Journey To Boston,2,2,False,True,False,False
artist_443d4dbeddef5c72918ce9804ab1f3b4,A Late Night R&B Experience,2,1,False,True,False,False
artist_83ab47748bf05f8881bd03d0ff3e5186,A Lot Like Birds,2,3,False,True,False,False
artist_53375e66bdad5b759db515c456d6d803,A Twink and a Redhead,2,0,False,False,False,False
artist_487010110e86549d8f975fa1b495ad5d,A V D R E Y,2,1,False,True,False,False
artist_73d4755f7cfc58cb90f7a6c36fa5ba0f,AC/DC,2,3,False,True,False,False
artist_4847eb9caa745148925a1ad25ef4605c,AHEE,2,2,False,True,False,False
artist_9ab44b6691f75463b6b76d2e552d7ce7,ALOK,2,3,False,True,False,False
artist_bfedacca3dd653bd84098004b04b9e54,APB,2,2,False,True,False,False
artist_24751000549c5867b324f022a89dedc0,ARMNHMR,2,3,False,True,False,False
artist_31f012139bb95e978d561c98f0914742,ATLiens,2,2,False,True,False,False
artist_0c026722c0ad59d3bf642b9788a03eae,AZKAL,2,2,False,True,False,False
artist_617e549314945cf7a1edef2f0232c8c3,Aaron Rizzo,2,0,False,False,True,True
artist_357d4f2830455b249aca1b79ff3a1bf4,Aaron Veal,2,4,False,True,True,True
artist_da504afad9065b738f42030a82b394a6,Abbie Callahan,2,2,False,True,False,False
artist_7fa6ad126a605d1e8ff761b001394ad7,Abe Parker,2,1,False,True,False,False
artist_6a2e773a8d4d531f9c8fdff421541991,Accessory,2,2,False,True,False,False
artist_893440c3e16e553f9a1d8fa83019e555,Acraze,2,3,False,True,False,False
artist_6144d9cc525c54f2a58d687b4af21a88,Adam Ten,2,2,False,True,False,False
artist_8f5ee676aa2b56dfad1b5bd977cefa39,Adrian Mills,2,2,False,True,False,False
artist_f0ed520d79b55e66ae6389a85375f519,AfroFuture,2,1,False,True,False,False
artist_de252ded50555fd39f7197ba6cdaddb3,Afrojack,2,3,False,True,False,False
artist_fb14b43a578c5db2a2d690626c92f0af,Agent Orange,2,3,False,True,False,False
artist_341fa395ffd2586482cfc33ac5b3650b,Air Supply,2,3,False,True,False,False
artist_4b60f1b19f0b52948b5be7ca4aae8123,Airiel,2,2,False,True,False,False
artist_6d68dff4e59c504f89d8e3192c006e67,Alabama Shakes,2,7,False,True,False,False
artist_e25de14ac28f552b82d68ffff01f1ef3,Alan Walker,2,4,False,True,False,False
artist_18b00d876d915f82a2dad0417a43fed5,Alcest,2,2,False,True,False,False
artist_a0df2fd9def2573a84ddaa278cb72d50,Alex Bugnon,2,5,False,True,True,True
artist_4fd33e8a10035f99a0bcd4f37b17e143,Alex G,2,3,False,True,False,False
artist_0ed18447f3f25a7ea823f65d597a23b4,Alexandra Kay,2,2,False,True,True,True
artist_3abf504e414655efb437be40f9004a50,Alkaline Trio,2,6,False,True,True,True
artist_09850c9e1482550f9bf8c5f6f9247309,All,2,2,False,True,False,False
artist_f97c1ff5ea3159b9b0302a252079f485,Allah-Las,2,2,False,True,False,False
artist_90692d5b50e0583f83dffbffa9e3a541,Altin Gün,2,6,False,True,True,True
artist_6759d29964f953b6986cf4de680a7516,Alyssa Flaherty,2,1,False,True,False,False
artist_df33fd87192359ae89762b1f32bbb073,Alyssa Jolee,2,3,False,True,False,False
artist_f17c2fa050265aa4840b46968cc10b1f,Amanda Lepore,2,1,False,True,False,False
artist_e2e3b0defb1d555e9e4175119a7f3189,Amigo The Devil,2,3,False,True,False,False
artist_aee24ed724e55c028b790a407a70964d,Ammy Virk,2,8,True,True,True,True
artist_b583aa1d85af51b69d9c9c3d445cfdbc,Anberlin,2,6,False,True,True,True
artist_d8bd095d0d9e535daaac63ea2ffe877f,Andrew McMahon in the Wilderness,2,7,False,True,True,True
artist_c57ee0271655530ea23d0b738cd6c801,Aneesa Strings,2,6,False,True,True,True
artist_feb3aeb933765314bf8ecc0d3dbdc177,Angel Du$t,2,3,False,True,False,False
artist_25becf5c04e05641b716918f3416389d,Anie Alerte,2,2,False,True,False,False
artist_71247ba86dab52f28ae224c503d18a9c,Anime NYC,2,0,False,False,False,False
artist_883c39bbf7595144a0416d44a5a797e8,Anna Tivel,2,3,False,True,False,False
artist_fad2191b3a8b588faa7c619627eaaca8,Annie Leppert,2,1,False,True,False,False
artist_6d31da9ebce454f4817db292419a7384,Annie-Claude Deschênes,2,1,False,True,True,True
artist_691183f1c6a05997aec343c9540c435b,Annika Wells,2,1,False,True,False,False
artist_7d70c8079ccc5bf3a99accdd74898636,Anthony Green,2,4,False,True,False,False
artist_9652a95101c45468b81bf8646b60fbf5,Apes of the State,2,3,False,True,False,False
artist_b482cba7e9c75473a92937acf5d645c7,Ari Lennox,2,5,False,True,False,False
artist_31fb1297acdb55bf9d4373e9c2337e29,Ariana Grande,2,1,False,True,False,False
artist_0b4c9b57a9825dc981d41b3506007e41,Arkells,2,2,True,True,False,False
artist_0ea5ceaa30735713a38b2ef857c8465a,Artemas,2,2,False,True,False,False
artist_41302c07204251d2837e48d2c603672b,Ashley McBryde,2,2,True,True,False,False
artist_dafdd9a53a8c5b9493ed9b023c655d0b,Ashtin Larold,2,2,False,True,False,False
artist_42494bbe2c1e5447a2c6685d2843912c,Atlantic Starr,2,3,False,True,False,False
artist_33055ecefb625534ac0ae63874cd77a9,Atta Girl,2,2,False,True,False,False
artist_f6495cfa7b9756a2bc3fc808ebc0c06d,Atticus Roness,2,2,False,True,False,False
artist_0a5c2f2ac124516a953d3a20f7384033,Avenged Sevenfold,2,2,False,True,False,False
artist_4b4bfa9fb0545dd2a7b3f85c4666aa07,Averly Morillo,2,2,False,True,False,False
artist_b5fd7a8dec6e5b61911f05458ad03072,B.G.,2,2,False,True,False,False
artist_cff119a7396158c0bd4d75d09992d915,B.o.B,2,4,False,True,False,False
artist_eb1c7136a2995a1490bc52ee7a35857d,BDifferent,2,1,False,True,False,False
artist_5f7d4461647b518b82f280a6bc6d10dc,BIIANCO,2,7,False,True,True,True
artist_21fea44b686952de96f58c3b7faa35f8,BLÜ EYES,2,2,False,True,False,False
artist_8ac3dced21215215935d4311f5f09c4c,BOLO THE DJ,2,6,False,True,True,True
artist_0a62d30ca9b35929a7dfe9fe19e5a2d3,Bad Boombox,2,6,False,True,True,True
artist_a6caa4dc450d5c38867f8ae7158b2ca9,Bailey Spinn,2,1,False,True,False,False
artist_d29246a652f151f38167dafa07e2ea99,Barry Manilow,2,9,True,True,True,True
artist_adc9db26dd505f46895002a34ca569b9,Bask,2,4,False,True,False,False
artist_fb20ab46e95559f1a5814874c909c9ff,Bay Faction,2,6,False,True,True,True
artist_2fbf6e5c078a59b598de90372a79bb24,Beachcrimes,2,1,False,True,False,False
artist_6fb3635171665097887bf321042308d1,Been Stellar,2,3,True,True,False,False
artist_d2c3a6d07dbb5b2ca460cd06a8402301,Beenie Man,2,1,False,True,False,False
artist_c478d7fdcefd52d2925af7134f4ed210,Ben Rector,2,4,False,True,False,False
artist_da555ab43976523892500bfdd3809005,Ben Reilly,2,6,False,True,True,True
artist_bbc3b755f2535dfc9e78008fa1493cd0,Benny G,2,1,False,True,False,False
artist_100eef36b9b650b6bd9a22135738eb6e,Beres Hammond,2,1,False,True,False,False
artist_85470f7263ec582a84b2e70ba0b16e0a,Berhana,2,1,False,True,False,False
artist_9b15d41d58ea58418676b71596d7931f,Bikini Trill,2,2,False,True,False,False
artist_558dd6dc698d592aa000d30697588a4c,Billy Bob Thornton and the Boxmasters,2,1,True,True,False,False
artist_8ff0acafd3575097a0579e68881248b7,Billy Moran,2,2,False,True,False,False
artist_4795542f53b3580892f9fa92eb5372d0,Birdman,2,2,False,True,False,False
artist_7f3c2460f87f552f8d3c19e64721476f,Black Coffee,2,4,False,True,False,False
artist_017c02406b2f5f03a515896e2b0cf724,Black Lips,2,2,False,True,False,False
artist_9a761c4c63c2509b8566dea13d0fbd22,Blanke,2,2,False,True,False,False
artist_0c3c196d6f9e52d1a251263d4c4e4460,Blight Town,2,4,False,True,False,False
artist_0be1ebe3e88e53558b680890ad982e27,Bobby Nsenga,2,1,False,True,True,True
artist_d96b736667065e95ad86153cf5d5a554,Bones (DJ),2,2,False,True,False,False
artist_cbf327ad14d85e2cab99f84db8465ce5,BossMan Dlow,2,1,False,True,False,False
artist_f16b8789fe9d57a4824cd33f3853d08d,Boston Police Gaelic Column of Pipes & Drums,2,1,False,True,False,False
artist_aa89a056317653d0b0e2412c365ecc18,Bow Wow Wow,2,8,True,True,True,True
artist_870ef1f06db656d782efea1ae6682753,Boys Like Girls,2,4,False,True,False,False
artist_8490359f31235e62920229714e5e495b,Boyz II Men,2,3,False,True,False,False
artist_b15c544daba75507970a6fe10a14d68b,Brad Paisley,2,2,False,True,False,False
artist_bb8f4d5d7d015df9a926348350fd8ab9,Brandi Carlile,2,2,False,True,False,False
artist_bf0f83f3a8c25c21bf228bdccd7cfd0b,Braxton Cook,2,3,False,True,False,False
artist_61511d495d2f5af48852f390ec7735ee,Breaking Sound LA,2,2,False,True,False,False
artist_92ce4b45c6875b1f9e4ed047312b1b65,Bria Skonberg,2,1,False,True,False,False
artist_dfb9e7477533596abde9ea4adfd07df1,Brian Fallon,2,2,False,True,False,False
artist_58e0a9fc21ab5c0693c5fbdfe6f5b8d5,Brian McKnight,2,1,False,True,False,False
artist_08eaabe2c2e558359ab5ba4850efdf27,Brittany Ann Tranbaugh,2,1,False,True,False,False
artist_9b8600ea65515f87b8210ee86d75881e,Brittney Spencer,2,1,False,True,False,False
artist_fca8d11016e35e10af3b1381220271fa,Brooke Alexx,2,6,True,True,True,True
artist_5219f59ba2ba566fa37a31ceb7e39a80,Buck Meek,2,2,False,True,False,False
artist_c3f58155a5ae58fcaebd1cf4f77f1969,Buffalo Traffic Jam,2,2,False,True,False,False
artist_fa9a083e93115cb8992b6e689fd5c80e,Bull Thieves,2,2,False,True,False,False
artist_ff710faa673e5f1990eef5a914401f0b,Bumpin Uglies,2,7,False,True,True,True
artist_7656190426675b87adba682ac48315f5,CASIOPEA,2,2,False,True,False,False
artist_f881242773f65e8b8d0df236ec979f94,CLOUDY,2,1,False,True,False,False
artist_b46e02675a2e5a3d934ad6f8e18d16bf,CODE:WORDS,2,4,False,True,False,False
artist_33a831902c445fe79be3e2a60da2bb33,Cabaret Voltaire,2,4,False,True,False,False
artist_73148ef8d3c253b49168dea2282a2926,Caleb Gordon,2,3,False,True,False,False
artist_dc8170c906cd5556a20328e5ad871a68,Calle 24,2,5,False,True,True,True
artist_2571406c28ed524b9d9807b3aecabb0e,Canaan Cox,2,2,False,True,False,False
artist_e191b86d1a27560d978efbaa499c4aaf,Carlucci,2,1,False,True,False,False
artist_bfdd592200b3524e8d043de10fd2c873,Carrie Underwood,2,1,False,True,False,False
artist_36a1c64356eb5249917fbd3891e6a774,Casket Cassette,2,2,False,True,False,False
artist_d92782b496f551cbab0f0c4a7663e823,Cazwell,2,2,False,True,False,False
artist_40466d8e5bb75127981e34271428864b,Cedric Nunley,2,2,False,True,False,False
artist_9cb77b0723cf5be38fd74b90f041bc90,Celeste,2,2,False,True,False,False
artist_08ce8693c4dc5b089881d17b863eccca,Celtic Thunder,2,3,False,True,False,False
artist_a9c7cf0c9c235bafbae054fcdab5e25a,Cera Khin,2,3,False,True,False,False
artist_8c516fb25c0a5cb5a963e6d2885b7015,Chase Matthew,2,2,True,True,False,False
artist_6f36df8c0da95e56a623b652e7bffcf0,Chase Shakur,2,2,False,True,False,False
artist_bcd6a9f463e75105ba4e182d2152af27,Cheerleader Roadkill,2,2,False,True,False,False
artist_8dbff39c8b8353f58ed654e4cda53c35,Chelsea Wolfe,2,3,False,True,False,False
artist_8bbea6b415cd54a79a705436d493b727,Chief Keef,2,3,False,True,False,False
artist_b024f9cd8959519ba4c90df737f54c7c,Chieli Minucci,2,1,False,True,False,False
artist_5e0cb573d128515885406c6247c466b4,Childish Gambino,2,2,False,True,False,False
artist_f996431a283851ed83afc3de7de5571e,Choppa Style,2,1,False,True,False,False
artist_35c70f405bc8588b911bec4e401a90dd,Chris Tomlin,2,4,False,True,False,False
artist_0a59124942ff50dca843ab6f1014e39d,Chrisette Michele,2,1,False,True,False,False
artist_6b7b6f30bac8546cb57fad51912e701b,Christin Marks,2,2,False,True,False,False
artist_67519a1f58e9597dba72240d8f07ed72,Chucho Valdés,2,2,False,True,False,False
artist_0aaf7c3cd0185c63b9d18b939635cd85,Cinema Stereo,2,2,False,True,False,False
artist_5b029bb992f65cd6861b7257f72530e7,Circle Jerks,2,7,True,True,True,True
artist_bdb1c84173685983854cf3cc22f25569,Clinton Fearon,2,1,False,True,False,False
artist_5708f406716e56c7ab161ab85f8aed62,Clyde Crooks,2,1,False,True,False,False
artist_e4a99c6dc7d85f9ab6afafea544e1410,Coheed and Cambria,2,2,True,True,False,False
artist_bbe267b28c3c536a8df5644199bb397c,Cold Cave,2,2,False,True,False,False
artist_164d67ffea58535a8d88d59663512580,Coletta,2,3,False,True,False,False
artist_4b7d21536b62548298dc6f242ff1cc2f,Colin Blunstone,2,2,False,True,False,False
artist_d3239afc06295a06ade1a2a4d1805611,Com Truise,2,4,False,True,False,False
artist_d7bb996343ea5cc69442f28c916b0682,Combichrist,2,9,False,True,True,True
artist_1ee0be01acd55085b0a8323c8518f19f,Control Freak,2,1,False,True,False,False
artist_dd7a788b59ac5835bfdc833bd40c5093,Crack Cloud,2,4,False,True,False,False
artist_203257645e8c544291a6fd3d01d09618,Crooked Diehl,2,2,False,True,False,False
artist_bc48dd4c6f3e52a38dfa99a317577b75,Crown Magnetar,2,2,False,True,False,False
artist_b7437289894e50ffad71c81b3c5535d0,Cruz Beckham and The Breakers,2,2,False,True,False,False
artist_71951776f20d55a09d191216e40a4444,Cute Is What We Aim for,2,3,False,True,False,False
artist_e163c72f85c95ec9b586ce181635f7f3,DBN Gogo,2,2,False,True,False,False
artist_8ae1444102515e13a8806135f1bfd638,DC Jazz Fest,2,1,False,True,False,False
artist_2ecd1c896829533a8335672a0958d4e8,DJ Abel,2,2,True,True,False,False
artist_49cd9b73b2f3505d8d9ac18d19a04d52,DJ CeeWatts,2,1,False,True,False,False
artist_9ec62622b46551ec812384f9dd0ad8be,DJ Diesel aka SHAQ,2,1,False,True,False,False
artist_9c02ca0d6372501aa9fcbec81ad7d2b0,DJ Gab Wright,2,1,False,True,False,False
artist_c38b2d6bc4d85bdbadb8ef6b43a0693a,DJ Obi,2,3,False,True,False,False
artist_7b6910bcaff25a378c0c86f2f2f28d96,DJ Rock,2,1,False,True,False,False
artist_ed24af12831152d08670ed74c38db4b2,DJ Sliink,2,3,True,True,False,False
artist_92c18866aa6f591a96a452b4d6e64648,DJ Tunez,2,3,False,True,False,False
artist_68978c55bd96520e89f78af75d08051e,DaBaby,2,8,False,True,True,True
artist_a56cce7148f15c54a8ad61e05d6e42d3,Daily Bread,2,2,False,True,False,False
artist_a9fc26c78fcd5f06ab7ccf09707f329b,Dale Watson,2,1,False,True,False,False
artist_8efe80afc0245cfab77b9df82855285b,Dalvin La Melodia,2,1,False,True,False,False
artist_a21ca5e01f6850cca40f2c182a6c16e5,Daniel Donato,2,4,False,True,False,False
artist_cc0e536971f05a27aa3f75ef52ca1456,Darryl Rahn,2,1,False,True,False,False
artist_fd0615caf62c59949a30ef2e6c5e161b,Dave East,2,3,False,True,False,False
artist_a1c9cb0b4b635888a2f606de2e254143,Day We Ran,2,1,False,True,False,False
artist_968c7f42304c5dddbc0603bdc3b05902,Dead Tooth,2,3,False,True,False,False
artist_40f031c369ab5a069ddb5646b7f80e28,Dee Jay Silver,2,2,True,True,False,False
artist_d6ebce851fb45ffaa3fc14d2be37e8b4,Dent May,2,3,False,True,False,False
artist_0a5a6fac2f1750b984002a290b08fdfa,Deserta,2,2,False,True,False,False
artist_317c325956b456808937e704650596cd,Desi Banks,2,1,False,True,False,False
artist_ea6c838b41fb5682a25ce7a206b8c48e,Desmond Myers,2,5,False,True,True,True
artist_c7c2947020df57bbab6b8671a9277a24,Deterioration,2,3,False,True,False,False
artist_46a4c50e118f5bdc92e70f0453aa2064,DevilDriver,2,2,False,True,False,False
artist_fd8ac8c046a95a739aa7e708d6616f9c,Devotchka,2,4,False,True,False,False
artist_2d8a4de411c95a94a7cd123673e3141c,Dick Jr. & The Volunteers,2,2,False,True,False,False
artist_151a33dd07c158d087f6dbceffe7af1c,Diva Bleach,2,1,False,True,False,False
artist_7f14fd4228f055338957c39f1ea8d5c4,Dogpark,2,3,False,True,False,False
artist_4e2e30a7f2e7572f823e127b26658835,Dombresky,2,4,True,True,False,False
artist_2f146915bfa25029acf4a9fb93736805,Don't Panic,2,2,False,True,False,False
artist_b8f134a11e44588aa0d83e6bf719215a,Donald Harrison,2,1,False,True,False,False
artist_63a4bcca2d5d5ec9808882f885fafcd3,Drew & Ellie Holcomb,2,2,False,True,False,False
artist_9307480dcb8d59ec87fa30ad9226968e,Drivin N Cryin,2,2,False,True,False,False
artist_240bdb3d74575cef95bd041aa9b2e90b,Drook,2,2,True,True,False,False
artist_78c3df1442ba52be81e2a7455c66617e,Duane Betts & Palmetto Motel,2,2,False,True,False,False
artist_c17085f4a21559e8a5252c5acf0a1aea,Dub Club,2,2,False,True,False,False
artist_5a5291af2ca95750926cc3708bf02d68,Dublon,2,2,False,True,False,False
artist_1ef74ec441565a75b56f62474eecf8ea,Dumpstaphunk,2,1,False,True,False,False
artist_de6cd28afdf050088bfce752d6b8084e,Duunes,2,2,False,True,False,False
artist_0fa036ee82bf593885f9a4fd34d623ae,Duvbear,2,1,False,True,False,False
artist_32a1789534c352da9959134f92675e6a,Dying Fetus,2,3,False,True,False,False
artist_40ec3fe88ff15fb9aafcd881160a3ee5,Dylan Brady,2,0,False,False,False,False
artist_26b7dc2c6cee5ff494ef146c20603d44,Dylan Taganas & The Suitepaler,2,2,False,True,False,False
artist_9e5c6e435a31525e9fc9089d3ec7a2c4,E-40,2,2,False,True,False,False
artist_c4b3458bb67958bcb74dab6ba60e07fe,ERNEST,2,2,False,True,False,False
artist_c47eff43d63159c88b3726fc9cf964bd,Earth Tongue,2,4,False,True,False,False
artist_e70d4f2fc96255dd9c932330695e3583,Eartheater,2,2,False,True,False,False
artist_7bfcc153b301581d9693f20da4391e75,Echos,2,2,False,True,False,False
artist_d53e2dd6a7b15413b8cad34d96b902da,Ed Palermo Big Band,2,1,False,True,False,False
artist_80a8f65e27d05a08b6c7a6f580428e84,Eilen Jewell,2,5,False,True,True,True
artist_1ede682eebed5d46a96c59cd562a0296,El Malilla,2,3,False,True,False,False
artist_313145cd27bf594ba035399fa853cc4e,El Tri,2,8,False,True,True,True
artist_28106d88a54c54da9fc77c5b9e131b75,Electric Feels,2,1,False,True,False,False
artist_539d899478b154d0ae6aff1515f0d74a,Elhae,2,1,False,True,False,False
artist_c8835fce76515c68b67efcca262bd729,Eli Patterson,2,2,False,True,True,True
artist_2cae3e8eb0695b2787906419ea6ed7c5,Elvenking,2,1,False,True,False,False
artist_35c1236e2ef95ed98abb0f40a20df70b,Emily Wolfe,2,3,False,True,False,False
artist_c95f5e530f2359e9be52f7bf4240e7ee,Enola Bedard,2,1,False,True,False,False
artist_00c0d097095a5d40a55ddcf9f780a6c9,Eric Clapton,2,4,False,True,False,False
artist_27a116bf9cc45234b455524d401045eb,Erin Enderlin,2,1,False,True,False,False
artist_d0a83816e5975db8a8894493a0d438b0,Extermination Dismemberment,2,6,False,True,True,True
artist_bf5b802bd1455ac6bfa25aade08776e0,Fascination Street,2,2,False,True,False,False
artist_2c864bfb9e8851be96009f74093c94b6,Father,2,2,False,True,False,False
artist_b127881b8c7d54f1b246e81d01aa213b,Faye Webster,2,5,False,True,False,False
artist_26fac59e854f58c0b480341a9c587b5d,Fcukers,2,2,False,True,False,False
artist_a7d188f834d959debeb18736715b233d,Fiend,2,3,False,True,False,False
artist_11bcf2a5fb165d108791a4a6bd0cbdf4,Fireside Collective,2,3,False,True,False,False
artist_ff9f04a5740958d5be671d41cb30a10f,Flavour,2,1,False,True,False,False
artist_f3f75a4fd4db5aae898f2dc0e388cbe7,Fleshcrawl,2,2,False,True,False,False
artist_dce92963a54c542cae41425aaa21bd6c,Fleshwater,2,2,False,True,False,False
artist_1629b7ab3616591bba5e5e3fc9841420,Flintwick,2,1,False,True,False,False
artist_7f6ae94bfe455cf98ecda09a048fdea4,Flux Pavilion,2,2,False,True,False,False
artist_5ac22db5f35e5b1b821bd68e9b18bb57,Forever Grey,2,6,False,True,True,True
artist_01eb758a56985f149670b46c85c6c1c6,Foundation,2,2,False,True,False,False
artist_877cf3f8198a55a584ab6a0137f30b61,Foxtide,2,5,False,True,True,True
artist_7dcd1d27d2d651628eb9ccbe43d8b598,Fran Moran and the Nervous Wrecks,2,1,True,True,False,False
artist_76112d01ae23550fba5b1f6f0adf39cb,Frances Chang,2,2,False,True,False,False
artist_8975e190f24d577a8def87bc65c66dab,Frances Forever,2,2,True,True,False,False
artist_42d5543b62985a34873f5a0b4272d357,Frankie Rose,2,2,False,True,False,False
artist_f9888585988d53f5a2984612a3952dcb,Franni Cash,2,2,False,True,False,False
artist_ff3c85e06484520385755c94260f2767,Franz Ferdinand,2,2,False,True,False,False
artist_aecbb81d8a1f55f8a2ff3c34e0277e9f,Free Nationals,2,4,False,True,False,False
artist_8b15b3713d7f51ad89250c5b1ddc0cd8,Freeway,2,2,False,True,False,False
artist_a2bcc77045755090a2b77e0a83a39219,Futurebirds,2,5,True,True,False,False
artist_128c8b8b00bb5ac988a325b99bfeac6e,GILT,2,2,False,True,False,False
artist_306c6d6ade045924ae27ed3e71055ae0,GRiZ,2,4,False,True,False,False
artist_393a56cfbc42554894e96b22687966d7,Gabriella Rose,2,6,False,True,True,True
artist_f6490111e8d95db9937d01ca77f94cb1,Garret Elias,2,2,False,True,False,False
artist_a33708302cc5547e97182357f2e6a02f,Garth Brooks,2,1,False,True,False,False
artist_2f4c03421f285ee2bbe4e05bf0bb6bdf,Gerald Veasley,2,5,False,True,True,True
artist_5c610df8b4275136adddba751275a568,Get the Led Out,2,3,False,True,False,False
artist_d511aba173495db0a47c8facd73fceb9,Ghost Hounds,2,2,False,True,False,False
artist_a2087f7f9eca51bd8e9e608e28af1e92,Giant,2,2,False,True,False,False
artist_9b89cc1f505d5eba9b6b67e37866b87c,Gillian Welch & David Rawlings,2,7,True,True,True,True
artist_d20da07f1b9f5c1d96ada4823dd69812,Ginuwine,2,9,False,True,True,True
artist_c40cc19233835a0092cdef337afad2f6,Gio Chamba,2,3,False,True,False,False
artist_23d6039b77615d3d909aefa3d6c839fb,Goo Goo Dolls,2,3,False,True,False,False
artist_14669be600e6588582543d740a8ed56c,Good Charlotte,2,2,False,True,False,False
artist_5a5f28ded70d54b9bf561bca91166793,Good Sleepy,2,3,False,True,False,False
artist_9e9321b32b305f939ecb15a2e3adc14a,Gov’t Mule,2,4,False,True,False,False
artist_c862166774b0580c96ca1e4fbc0953ec,Grace Potter,2,2,False,True,False,False
artist_658f80295a705c0ca3d76fb630cde1a6,Gregory Porter,2,2,False,True,False,False
artist_0ff953518d255d04a47a038da5f82f01,Greyboy Allstars,2,2,False,True,False,False
artist_ab46d6c528775f00a362aee0caf1db9e,Growing Pains,2,2,False,True,False,False
artist_2a2403e8e8c251f4956e8f54a380d90b,Gwenifer Raymond,2,2,False,True,False,False
artist_6323e7e51241572f8bccc53935545102,Gym Class Heroes,2,4,False,True,False,False
artist_43cfa122e6205cfbaa3e09d360c1b56f,HEALTH,2,3,False,True,False,False
artist_1a1aa6861e2d5811a1965a21473379eb,Hamilton,2,2,False,True,False,False
artist_a7dcb6eec131574c83a88e8b75b33114,Hannah Cohen,2,2,False,True,False,False
artist_76ebdfbbdea8568f89b9cb451acf25ef,Harrison Boe,2,6,False,True,True,True
artist_fdb663b63fef5b7ca35600f36e5557a7,Haruomi Hosono,2,2,False,True,False,False
artist_ba39b6ce5a6858eeb2c30bfc17552e49,Hazlett,2,6,False,True,True,True
artist_173455c2998851229cf901e8ea6e9e0d,Heaven,2,2,False,True,False,False
artist_36769efb245553fb92c5f22ac32e72fd,Heavens Gate,2,1,False,True,False,False
artist_839099bced2656f29875522fb0140e19,HerShe,2,2,False,True,False,False
artist_08aafadb11145b4f9764ac7367f615e9,Herr God,2,1,False,True,False,False
artist_0db3fa36b8315a6a87dc4a0ee8452902,High.,2,2,False,True,False,False
artist_688a527f678c56fbae1b6b2ce0d5ec4c,Hippies & Cowboys,2,2,False,True,False,False
artist_b3feb512c11d5ce5aa60165b02f21ece,Hit the Lights,2,3,False,True,False,False
artist_89d4b80594715ae0af80229441d03a41,Horse Feathers,2,7,False,True,True,True
artist_f22bf980bde2575db3d26e7185c1973a,Hostage Situation,2,5,False,True,True,True
artist_3c84995c611f50e586ff25b777ca19ce,Hot Flash Heat Wave,2,3,False,True,False,False
artist_eb35715aab7b535d8968b9d7947b1874,Hotel Burgundy,2,2,True,True,True,True
artist_a2ec3d2dfa385ecea4004a1afd76007a,House Party,2,2,False,True,False,False
artist_570fd94fca95570c90b0107c0de14fbd,House of Blues Gospel Brunch,2,2,False,True,False,False
artist_428b8d24054f512fb577e1a7cae2997b,Howard Hewett,2,8,False,True,True,True
artist_162ad88c00215db8aa216a0e903a9375,Human Issue,2,1,True,True,False,False
artist_62f9cc9b12895b4f965f310d304b8cc4,I Promised The World,2,7,True,True,True,True
artist_39aac44e26c45a01987f6472b6f630f2,I Speak Machine,2,3,False,True,False,False
artist_c6ae98bd73275ab583d08a603bfc7cdb,Icona Pop,2,2,False,True,False,False
artist_d89c43edd75c585d897090cc3e6f7ac3,Imperial Teen,2,2,False,True,False,False
artist_85fd0f589eb35ea3932d87ce9dea4ed6,Improvement Movement,2,3,False,True,False,False
artist_24ed51fad23358dc810782c4bbf610cb,Ingested,2,1,False,True,False,False
artist_1261e67af2465ed2a43844efeb8587a5,Innov Gnawa,2,2,False,True,False,False
artist_a65a121eccac5e3d8c714b40d390f118,Internet Islands,2,2,False,True,False,False
artist_f1268900f0cb5c1aa6ddfe300e333147,Intro,2,1,False,True,False,False
artist_593893cd24d85c8b985dbe3ca5fb032b,Iron Blossom Festival,2,0,False,False,False,False
artist_c31585e4dbfe55a4ba1358cf4ada1ffa,Iron Maiden,2,3,False,True,False,False
artist_4187060faa2c5f928311dcf68ad68748,Isaia Huron,2,3,False,True,False,False
artist_7b5a23b31e1959eebef03b88e3570e81,Ishay Ribo,2,3,False,True,False,False
artist_7109ef239ef05038ad75a231a0c31f6b,Ivy James,2,2,False,True,False,False
artist_48dbf3af974a52998edd0a222fd45160,JAY B,2,2,False,True,False,False
artist_62b4af6b24305c1fad842273e4f26e09,JET,2,6,False,True,True,True
artist_f11302a6431f538da2af3b35d35707f6,Jack White,2,6,False,True,True,True
artist_4bbafc8b0ea8527e97fdf8f3e3fb9d40,Jack's Mannequin,2,6,False,True,True,True
artist_24bcf930bbfd5018b9d5a866d3b9a59b,Jacklyn LaBranch,2,0,False,False,False,False
artist_0e6b858deb6f5ebdac8956b3c19919c1,Jacquees,2,1,False,True,False,False
artist_ceacb88532805ee78e86a925944e7ade,Jake Shimabukuro,2,2,False,True,False,False
artist_38211c87922d5d628dcaca5cb6e6a068,Jamal Roberts,2,1,False,True,False,False
artist_5e726d74a6fa5f50917f759eb8ec9cf1,Jamison Ross,2,1,False,True,False,False
artist_1bb87ea664335664a1876460a28ed02c,Jason Aldean,2,2,False,True,False,False
artist_edcd001bc4965f1fb7e1feab6771faf2,Jason Manns,2,2,False,True,False,False
artist_b39878c3dc80577a90d935be69f631b6,Jay Electronica,2,3,False,True,False,False
artist_178fc4850a555146a9776d375eeb5a9c,Jay Webb,2,2,False,True,False,False
artist_d3940f6462ea570fa77ce0533e3ad8f1,Jayden Hammer,2,1,False,True,False,False
artist_a7d10f9f742254c7abd03dff5a57c74a,Jeffrey Osborne,2,7,False,True,True,True
artist_6c2ce31924e45256bf715cbc38fa21fe,Jensen McRae,2,3,False,True,False,False
artist_1baa562a2f5955b085f177602e954d88,Jerry Garcia Symphonic Celebration,2,1,False,True,False,False
artist_2de077a356045b3aac33a62a7324cb20,Jervis Campbell,2,3,False,True,False,False
artist_c509ebf14e1b58c4ae34b3dcbcff5875,Jim E. Brown,2,1,False,True,False,False
artist_d42128f7f6eb598dadb79d3920b50c6b,Jim Lauderdale,2,1,False,True,False,False
artist_796e00b0d76e5e1198b9eaa43f2fb207,Jimmy Hall,2,2,False,True,False,False
artist_ba98d780895052d296f30e488cd5515e,Joanna Connor,2,2,False,True,False,False
artist_b9d4c83541bb5da48175df64ea3dbd04,Joe,2,6,False,True,True,True
artist_0d4d725687dc5d40b12f5239c8cb1e74,Joe Henry,2,4,False,True,False,False
artist_257d2c486dcd59bd95902921580d96fe,John 'jojo' Hermann,2,2,False,True,False,False
artist_372667938391578f9183077fbe990907,John Fogerty,2,3,False,True,False,False
artist_c5c1621df9055e7ab72f96a7290fda15,John Morgan Kimock,2,0,False,False,False,False
artist_823bcecadd9b51a08460f21904631f3f,John Scofield,2,1,False,True,False,False
artist_0d9b0012f6f15174a5f8d28336a6b577,Johnny Blue Skies,2,2,True,True,False,False
artist_74eff6a1dffb5f3fa9802f5cd3d2dceb,Jojomber,2,2,False,True,False,False
artist_65b6a0b25ea354f58f4ff5917699320f,Jon B.,2,1,False,True,False,False
artist_a89b4a94286555d3a2b59660234584a7,Jon Pardi,2,6,False,True,True,True
artist_ca12bba9cca157ccbd62170b88ae4ac9,Jonathan Taylor Rush,2,2,False,True,False,False
artist_c97ae3fbdec35925b120fa23017b31a9,Jonell Mosser,2,2,False,True,False,False
artist_85c8e36d24065c15b1efa9076d1b4b2c,Jordan Davis,2,2,False,True,False,False
artist_ccf2263fa06d550e98398065f0e3f905,Josh Wolf,2,1,False,True,False,False
artist_d629d175bcaa5a2bbcbfc0beeb2ba504,José Madero,2,3,False,True,False,False
artist_f4342611250c5b6ab9d88441ce6f2920,Journey,2,2,False,True,False,False
artist_7958397ed4dc51b88973a9821d8d073f,Judd Apatow,2,1,False,True,False,False
artist_4f58610d585d51c2bf45566db1f77a34,Junius,2,3,False,True,False,False
artist_2f0e45ae4e9f57338ac2d87f1a29d265,KASBO,2,1,False,True,False,False
artist_321a853700c8537c9da6b34298e60c99,Kanika Moore,2,0,False,False,False,False
artist_389d53c6348953f6a6d014dc7fa0277d,Karen Briggs,2,1,False,True,False,False
artist_1fe4ca9cff125783bf9450778b4c9136,Karma and the Killjoys,2,2,False,True,False,False
artist_9b78e3d81f9c5fe7bc536e0fea18668e,Kash'd Out,2,1,False,True,False,False
artist_e636cd1c1538516d8a58ec5aad12155c,Kash’d Out,2,1,False,True,False,False
artist_5322264a33195baea5666042e1be235c,Kawaii Rave,2,1,False,True,False,False
artist_ca2d15b423f75fc1b05ee090560b9635,Kaï,2,2,False,True,False,False
artist_0a6ed77c538b5fd8811807aa0da86f58,Keep Warm,2,1,False,True,False,False
artist_d97c9e50b1535930981acffbfee979a5,Keiko Matsui,2,1,False,True,False,False
artist_69bed04525e8556e9bcc48d30963abb5,Keith Goodwin,2,1,False,True,False,False
artist_ff77aee62bb35f04b830b77371fd14b6,Keith Sweat,2,4,False,True,False,False
artist_8df61eccf6225bd19c77f9be10fc73e3,KenTheMan,2,9,True,True,True,True
artist_2c4af6adac365ba9a6e338cc4ad3a980,Kerosene Heights,2,3,False,True,False,False
artist_f9cac25f0505502b973ecbc0733038c2,Kevin Ross,2,8,False,True,True,True
artist_698900f236b55d209a7a00d8ade5cf41,Kim Gordon,2,2,False,True,False,False
artist_18b5657811ba5644919698748f556faa,Kim Waters,2,1,False,True,False,False
artist_2dcee768a1c35004af57042eccc9c94a,King Falcon,2,2,False,True,False,False
artist_9d7a77874d33530bab53588f9816a332,King George,2,1,False,True,False,False
artist_55fb49b20ecf5f77afec5d3ff6fdf994,Kisser,2,2,False,True,False,False
artist_f4caaa5826945a2698307aa6d30555ca,Klymaxx,2,8,False,True,True,True
artist_ddee549ec818536fbc15d267c58e477d,Knife Thrower,2,2,False,True,False,False
artist_86d8eb90ec595649868f907faa06ae9e,Knock2,2,1,False,True,False,False
artist_763ec14e631356b7854109b27437770d,Kota the Friend,2,2,False,True,False,False
artist_ea3fb42c3e2d5578a888c9abb37a01a9,Krewella,2,5,False,True,False,False
artist_e79371114d2d56549fbc09d6fb4d5a9b,Kurt Vile & the Violators,2,5,False,True,False,False
artist_55edd62832c65d2fbf095ce96a19e538,Kut Klose,2,7,False,True,True,True
artist_d268e843e3da56ddb82768e80e6b36b8,LAIVY,2,1,False,True,False,False
artist_36c474a7e19f5b8f8ceb3cdce768f852,LNGSHOT(롱샷),2,1,False,True,False,False
artist_9b4f42af8f665f829d715ad5a41e00ab,LSR/CITY,2,1,False,True,False,False
artist_9dceefff30735f349b358c269d504e40,Lael Neale,2,2,False,True,False,False
artist_72b49a79edbe50dcbdb7005f685f6008,Lalah Hathaway,2,3,False,True,False,False
artist_29ba9a46d1f554b5bc7594b25e543146,Lamar,2,2,False,True,False,False
artist_a3e4ad5c22f055d88efe1d106ac29314,Launder,2,2,False,True,False,False
artist_5eefe41e2b625df5b5eb4454534eacc6,Lauren Sanderson,2,1,False,True,False,False
artist_6360723c191251aca369688bb28c069e,LeAnn Rimes,2,3,False,True,False,False
artist_6b664b1607275ae2b46f9a414dc034de,Ledisi,2,2,False,True,False,False
artist_ef3578452f5b52b18f02c1c5aa3b8633,Lee Brice,2,1,False,True,False,False
artist_fd7096deb5ce58688b5db43a8f718b0d,Left To Suffer,2,2,False,True,False,False
artist_5ae02d88f3e850b7a2ef63188c057ced,Les Greene,2,0,False,False,False,False
artist_24b9b29bd2a053979e359f8f3e34cc03,Lessa,2,2,False,True,False,False
artist_e8a46d222d285e8d809372853e153249,Liam St. John,2,3,False,True,False,False
artist_25e6ebaa79845941a8e956219b7fcbee,Lihtz,2,5,False,True,True,True
artist_69ca4dac9e7a53cfb4dcd0c065422295,Lily Meola,2,2,False,True,False,False
artist_268c35eb2a0e5248a8342d02489a6b2e,Lily Rose,2,0,False,False,False,False
artist_aa7bc03c8c0b5665b75c79ce813b2d90,Lip Critic,2,2,False,True,False,False
artist_2ef6fc7cab6955a3aa70aa012b74ad0d,Little Feat,2,3,False,True,False,False
artist_58b2f04eb23355608f26d4757eb416f2,Little River Band,2,2,False,True,False,False
artist_7f8ed1832da05948baeef35757b095df,Lizzie Berchie,2,2,False,True,False,False
artist_330df18884fe577e8d5c78baabb28f4d,Lloyd,2,4,False,True,False,False
artist_7e72a5eeac22570c9b889f7850fe8d9f,Loathe,2,1,False,True,False,False
artist_76d0d65942205a2b8bb299f02cff2244,Lobby Boxer,2,4,False,True,False,False
artist_f7c82bf6616a5025bc919169aea28cd4,Loco Dice,2,3,False,True,False,False
artist_75fb19b9c5575f6cb65b74210dbb2ed1,Lord Huron,2,7,False,True,True,True
artist_614b651837a65445b8021982853bf2b8,Loudon Wainwright III,2,3,False,True,False,False
artist_3b72dc223dfc5a89af6125463cd2595a,LuLuYam,2,2,False,True,False,False
artist_2de4a005bfd45ee38004898f94a327f2,Lucy,2,2,False,True,False,False
artist_332bd8c37b7b5a498cbdf5dedcfadef8,Lucy Dacus,2,1,False,True,False,False
artist_72dfd993e6b35411af42ad4abaeabf01,Luke Bryan,2,2,False,True,False,False
artist_b76baf7c7017536db6ba1f11b6973bd2,Luther Allison,2,1,False,True,False,False
artist_5821fb4b6dc05847bd88ca6a8b48ba66,MICO,2,3,False,True,False,False
artist_92538db202d75aa0b82cf80e9da33368,MISCHLUFT,2,7,False,True,True,True
artist_914e78540b0b5347887442a4823d6c1f,MT Jones,2,2,False,True,False,False
artist_8c1fb02761ef5c569233ff4f57c365ae,Mac,2,1,False,True,False,False
artist_e243be296fa25d2e842359246ad85b53,Macklemore,2,2,False,True,False,False
artist_138fef082749548a99c7bcb49e6ad908,Macy Gray,2,2,False,True,False,False
artist_db2897ca39e15232b777678796d8a589,Madison Ryann Ward,2,3,False,True,False,False
artist_1b14db13e662566ea4a137fed8380ae8,Maia Sharp,2,1,False,True,False,False
artist_e65e19fcd39e50bb9a18b4cd2c76d4cc,Makaya McCraven,2,1,False,True,False,False
artist_39f11d6bacaa5b25bfc4e8146f6fd748,Mallbangs,2,0,False,False,False,False
artist_50f816a24a5250a7b9f4692bdfbdbf24,Mallrat,2,1,False,True,False,False
artist_9df249c25aa0554da4b683ec1c95f4c2,Mamamoo,2,2,False,True,False,False
artist_4c7d062b1fca5ac19d6f1bc88abdbf06,Mammoth,2,2,False,True,False,False
artist_6389f4a7a07d54f9a8b11c57db011bb7,Mannie Fresh,2,3,False,True,False,False
artist_7eeefd3c73a95546a04b51b4b68b809a,Maps & Atlases,2,3,False,True,False,False
artist_f5795bf8a3795f509a67dec4ab726e72,Marc Scibilia,2,3,False,True,False,False
artist_98f59c5693cf5f59b086bfc4006d5dbf,Marco Plus,2,5,False,True,True,True
artist_076c8db23f7e54e0945c40c4b84fa5b8,Maren Morris,2,3,False,True,False,False
artist_4e7a601f8ef356279b7cf9e252ece0bb,Margaret Glaspy,2,4,False,True,False,False
artist_3a098ee1ddd75e5eb89559741a79ac82,Mariachi Herencia De Mexico,2,1,False,True,False,False
artist_ba9b9be506485ceb8d0edd6e7bc836bb,Martha Wainwright,2,3,False,True,False,False
artist_6d936d8b7985576ca1aa989e8ddef234,Marvin Sapp,2,6,True,True,True,True
artist_c1564f2073eb514e92c36fb76cf8c32a,Master P,2,3,False,True,False,False
artist_7feaac82d9e45c5d9de4eeb434414960,Matamoska,2,2,False,True,False,False
artist_b51d5a4596545bd39746844386c6a5e9,Matt Corman,2,1,False,True,False,False
artist_6ec358cb9da155eda35cf1a1ec1f1b18,Mauled,2,8,False,True,True,True
artist_0bfb8b0c54495189b5f8bda374b1964a,Max Bemis,2,2,False,True,False,False
artist_acdb3b2552535d00a3af460a265ea8ba,May Rio,2,1,False,True,False,False
artist_ccf1f97fdfab5bcb957dbf2cf7bab729,Megadeth,2,3,False,True,False,False
artist_59df1492ec5a5300a1aaf9b05fe53435,Meghan Trainor,2,1,False,True,False,False
artist_5bac5e4df5e2543fb96e56fb05926624,Meli'sa Morgan,2,1,False,True,False,False
artist_021a95119f085814af8f0e52e46a3888,Melissa Etheridge,2,2,False,True,False,False
artist_72eb30a7784152f687d0c99eb58170ae,Melvin Seals,2,1,False,True,False,False
artist_3dde67fd51be5b178e7503e3d15064e9,Melvins,2,7,False,True,True,True
artist_a62d4c4566785aa39942b7652a981be4,Men Without Hats,2,6,True,True,True,True
artist_0654c3586cd05bddb26bd5c859ad7d49,Mia X,2,2,False,True,False,False
artist_61e01e2ef54c526287bf36b9e6142f1c,Miel San Marcos,2,8,False,True,True,True
artist_155491f4166952d18a1e530c6eed53fa,Mike Campbell,2,3,False,True,False,False
artist_a99b6bd6289b5d51acfd6e7ea9ea0b28,Mike Clark,2,1,False,True,False,False
artist_47d49ef63ec05b35b8fd5df76d6fd090,Mike Zito,2,2,False,True,False,False
artist_c841d206715754fba79e6be72ded9315,Mini Trees,2,2,False,True,False,False
artist_db51bceb1f2c5c29ba62271b0c93f642,Misfire SD,2,2,False,True,False,False
artist_80297c1448f1578b985f437f7d6a7c24,Mixed Feelings,2,1,False,True,False,False
artist_670085aefad05d38b7daa94cd482cf47,Monsieur Perine,2,1,False,True,False,False
artist_438a97f61555564e9ba10715424517dd,Monsieur Periné,2,2,False,True,False,False
artist_eda023bf2f9a5310a034051e4cdc652d,Moonstone,2,2,False,True,False,False
artist_3262dcefaee55cb6a2fbeaa114eb34f2,Morgan Wade,2,4,False,True,False,False
artist_e9df28a356e2510aacb76cbc8d572b18,Morrissey,2,7,False,True,True,True
artist_93ab58b6d2d25742be0f3763af1f2713,Mountain Grass Unit,2,2,False,True,False,False
artist_b3b1c42a201154dbb5780a67544b9667,Mr. Serv-On,2,1,False,True,False,False
artist_7584e38ac1415e17a1ef5625839f5404,Mugger,2,1,False,True,False,False
artist_0cc0ce6f50715957b03c2b26ebf67287,Municipal Waste,2,7,False,True,True,True
artist_f895862fc81855a095fda720c2920760,Murals,2,4,False,True,False,False
artist_a4113fbde90a5f8e87297b4b89c29819,Music For Enophiles,2,2,False,True,False,False
artist_994db25c3b2d5454a90536284c5ab662,Musiq Soulchild,2,8,False,True,True,True
artist_5fbee6edf86c5f8eb25118b927742c33,Mute Swan,2,2,False,True,False,False
artist_0c6968454b0f55fdb50fd1cb54f51563,NE-YO,2,1,False,True,False,False
artist_3637787bbb9a5b5aab4bbf6996e11e88,NGHTCRWLRZ,2,2,False,True,False,False
artist_ab6c550463f45411ace22d33346c9b02,NOTD,2,4,False,True,False,False
artist_f7e96b1456a15bbc889942e0ada5170d,NYPD Pipes & Drums,2,1,False,True,False,False
artist_10396675916056c687306c1b86a62b26,Nahko And Medicine For The People,2,4,False,True,False,False
artist_dd2accc534925dbb939dc4ef824ca4f3,National Symphony Orchestra,2,2,False,True,False,False
artist_f8935d51f8cf5dab9121c32155f922ed,Neon Trees,2,3,False,True,False,False
artist_712c9fec8f2555ff97f9872d51ce415b,NieR: Orchestra Concert,2,0,False,False,False,False
artist_d5b6641e7a495b21829e43167100f7c8,Niina Soleil,2,1,False,True,False,False
artist_94278ad11a3455c38c93b10a79ec5a3d,Niko Brim,2,3,False,True,True,True
artist_bd64c872159250a28a6a02e2e276e807,Nina Nastasia,2,2,False,True,False,False
artist_003493520b385b548d09f8a7cced084c,Ninja Kidz,2,0,False,False,True,True
artist_38b4d2db7327546b996f6ff7673d161f,Nirvani,2,2,False,True,False,False
artist_46420d5f496153d19b4023ffc21f3d1d,Nite,2,3,False,True,False,False
artist_f92c677c3b3f507f8ba20c1e2fa61b40,Noah Brigden,2,2,False,True,False,False
artist_837b04b8ad335ef49553b2b97bc067d9,Noise Complaints,2,1,False,True,False,False
artist_5fc24fe0a1ed54068e37b9506accfdcc,Noizu,2,1,False,True,False,False
artist_d8755aece1635afabee7e892377ffee9,Nolie Durham,2,1,False,True,True,True
artist_35853508c4565b98ac4d58e4f73eeb8b,Nora En Pure,2,2,False,True,False,False
artist_e04aa0475edb5f2bb5b55496f8ecc789,North West,2,0,False,False,False,False
artist_54d9f6d92e035eac86b7ece7966cfa53,Nurse,2,1,False,True,False,False
artist_fea33ecf1d1f583e84032e77218e1382,ONE PACT,2,2,False,True,False,False
artist_a12a7f290573588abb5b050f5efdbfce,Odd Mob,2,2,False,True,False,False
artist_6512f393bdba5b3dbb4016cecf9fc4f0,Oh He Dead,2,6,True,True,True,True
artist_11fc67047bba5c5dabd04f3742a5d8d8,Olive Vox,2,1,True,True,False,False
artist_886400d5c84f5496874d327219c2e875,Oliver Crosby,2,2,False,True,False,False
artist_b1bcd1e9f48f550dadd3a58a66318a05,Olivia Ellen Lloyd,2,2,False,True,False,False
artist_991069d562475e2e881ba8d5187cb65f,Ollie Joseph,2,1,False,True,False,False
artist_2c1e8cad716354159ddd8b065e639c07,Omar Sosa,2,1,False,True,False,False
artist_7218dabf7f0053f58455dc91b30df1b4,OneRepublic,2,2,False,True,False,False
artist_f28100af9547559ea12a56ad5a0ad937,Oz Noy,2,2,False,True,False,False
artist_b95cd4fa2d1e5e0190261b264e7cc3dd,Oz Noy Trio,2,1,False,True,False,False
artist_bf3ed586214e539ab5d9caae39160ff2,PLAYLUNCH,2,2,False,True,False,False
artist_7ae13d0ac587575da3f8fe5f78fdfa70,Packaging,2,2,False,True,False,False
artist_33121001983c52eeb727ea0b7c7ab306,Paco,2,2,False,True,False,False
artist_e0e98ec6882e5e9dbc694bbae4620cd3,Pallbearer,2,2,False,True,False,False
artist_e7d547ffdffb57b8ae3138ad6777fdc4,Panic Shack,2,2,False,True,False,False
artist_88a9ec960c4e51f2bfc46f191e26224f,Paradise Vultures,2,2,False,True,False,False
artist_12f006a1ef7a5b98852f23e98880eb0d,Pastor Troy,2,8,False,True,True,True
artist_e4a4994328db5144a0b490b40d7b96f3,Patti Smith,2,6,False,True,True,True
artist_dfd2f3ee35dc5f41a520a540c5226aaf,PawPaw Rod,2,7,False,True,True,True
artist_fd422a302c6a56aca948639e3df5320c,Peach Pit,2,3,False,True,False,False
artist_2a92b284939353e3be6ce97154f77603,Penelope Road,2,2,False,True,False,False
artist_c1282c96d1595ce19f2db8e6d37f0d3f,People I Love,2,2,False,True,False,False
artist_4fdbc45f806259f09a673c37a8ac8034,Persona 749,2,6,False,True,True,True
artist_531198a3cd5d573e89caf832ad723850,Pertinence,2,4,False,True,True,True
artist_53dffe1b582059a9855b07bf7ca15a7e,Peter Asher,2,2,False,True,False,False
artist_ee2d05e05ede5439a243651e8a432936,Phillip Phillips,2,4,False,True,False,False
artist_1254cc56bb51521c8ac6e80d81f06fa5,Phoebe Bridgers,2,5,False,True,False,False
artist_4c2d4ee2b9f455859395ac57afc6920f,Phoebe Ryan,2,3,False,True,False,False
artist_5d29771744b25a1c8d053027298b3557,Photon,2,0,False,False,False,False
artist_19d263066e82528d81406f2e6e088a90,Pig,2,4,False,True,False,False
artist_df1eb1d0fb7350f9b9be0a1a6bd37e1d,Pipes and Drums of the Blue & Gold,2,1,False,True,False,False
artist_5b4da652874e518f848d152c5a2f97ef,Plague Vendor,2,4,False,True,False,False
artist_f0d6c7f38a1a5eaa9cee36b32deb4518,Pleasure P,2,1,False,True,False,False
artist_2a84c64559485028a578bb08b65e5514,Popa Chubby,2,2,False,True,False,False
artist_47eb01d40bf15a498c8c147024d224cb,Porch Couch,2,2,False,True,False,False
artist_77c9bcd0cf0350388406f3d3ec0ccee8,Porter Robinson,2,2,False,True,False,False
artist_6b08c406b0cd59949af353ef1aa87e08,Pressing Strings,2,4,False,True,False,False
artist_b79534128f7b578dae696e910d7582fa,Priest,2,8,False,True,True,True
artist_bbcc8367731d55d19ef82b10a5ca52eb,Project Pat,2,2,False,True,False,False
artist_60604d0bb8b059d2a5a79ace9a7ae5e6,Prostitute,2,3,False,True,False,False
artist_1f08c832e3655770871615277718556a,Psychedelic Porn Crumpets,2,5,False,True,False,False
artist_a698542ce85c59e59696e22e2369b981,Punchis Punchis,2,2,False,True,False,False
artist_f2bcac41aa7e5dd5aefc7433759461a8,Purple Disco Machine,2,1,False,True,False,False
artist_6f96ad9bd45355df8f06e52949c35434,Qveen Herby,2,2,False,True,False,False
artist_8413a12cbacd52b7bd34798a45145796,R2bees,2,7,False,True,True,True
artist_2c959ead6834514bbdb20d219cac3f44,RDGLDGRN,2,1,False,True,False,False
artist_f47fd40619725d6eaec947af92a5c696,RUSHIL,2,2,False,True,False,False
artist_4482f98b834354b19291b8bceceee9f3,Ragie Ban,2,2,False,True,False,False
artist_070c1ae8a8525ded9bbef3b1b60d2a6a,Rahill,2,1,False,True,False,False
artist_1c3a09361aa750a2af52fd2d60596db0,RaiNao,2,1,False,True,False,False
artist_ee9733bbfc0b516cbac2d39b3da4fda0,Raphael Saadiq,2,3,False,True,False,False
artist_2893481ff54a5132b4f9c53d2d0d9023,Ratboys,2,2,False,True,False,False
artist_3eeb0f2c9e9b5907936fdb18087871c3,Ray Stephenson,2,1,False,True,False,False
artist_b7ed20afbad15b3b975c11c96e3a8a78,Red Fang,2,2,False,True,False,False
artist_0f02e4ffb80a59459c141ebeb5802cdf,Reggaeton Rave,2,1,False,True,False,False
artist_75c76df2780152cebf7b606dee521016,Reuben Vincent,2,2,False,True,False,False
artist_02930666281d50479692c65176a1c329,Rhakim Ali,2,1,False,True,False,False
artist_4a3d608f98f75c1d983e49222dcc896e,Richmond Symphony Orchestra,2,2,False,True,True,True
artist_f21c50e6dafa563fa5a3ae1d02bfcd73,Richy Mitch & The Coal Miners,2,2,False,True,False,False
artist_f614c3f59b3b586eb3940d152df770f4,Rick Estrin & the Nightcats,2,1,False,True,False,False
artist_130c26da0bcd587aa53935d6e88cd994,Rick Springfield,2,2,False,True,False,False
artist_b2460d676ff35c21913f94c7e0f768e7,Rigometrics,2,2,False,True,False,False
artist_1fbcd436392f5cb480f45f9bf0698e68,Ringo Deathstarr,2,2,False,True,False,False
artist_52645347e71b5c0c9bb03a503ecdd772,Rival Consoles,2,2,False,True,False,False
artist_ec1eb2aed1f155bb9c1025a8b6fd9dd7,Robert Earl Keen,2,4,False,True,False,False
artist_2e816edfa6ac51c6bdf295c89d1f7266,Rod Stewart,2,2,False,True,False,False
artist_4a38a9aaa43f594c9ce74d28c6669832,Rolling Quartz (롤링쿼츠),2,0,False,False,False,False
artist_4088561a954b5a478322c1c5283f0bb5,Ronan Tynan,2,1,False,True,False,False
artist_f5159f1333e054e6838abd0f764dfa76,Rose Royce,2,6,False,True,True,True
artist_c3607882c82d5056bd1b9c2be7f76f4a,Rubin Brothers,2,1,False,True,False,False
artist_e910ddfa6eee56a486aa31a6589909a9,Rumari,2,2,False,True,False,False
artist_72b397a5bd7c52a6936769f96314ae0c,Ryan Wright,2,2,False,True,False,False
artist_799573e46a115fcfa80a3a47352787b6,Ryman,2,2,False,True,False,False
artist_2c4cb26c424b5ad09e06d2d08604727f,S.O.S. Band,2,3,False,True,False,False
artist_505a8417fba751d5b00875786613deec,SWITCHFOOT,2,6,False,True,True,True
artist_a43cced879c551cb838d34dceb65927e,Sababa 5,2,2,False,True,False,False
artist_3f2f935372b352038d7c7e53496fdffc,Sadie Bass,2,1,False,True,True,True
artist_0c181689a1e150bdb6899786f2412a30,SahBabii,2,1,False,True,False,False
artist_ae24a446233f5c2ea16b922603070b67,Sam Blasucci,2,5,False,True,True,True
artist_5080aa1f7fe950aab2fe6e955fcf6f5a,Sam Feldt,2,4,False,True,False,False
artist_68b59ac85bde5862834998bb369117bc,San Francisco Symphony,2,2,False,True,False,False
artist_f19e0a4f406f52499c86d75d762c6686,San Holo,2,4,False,True,False,False
artist_5e56e45017a25156b98e92f4875b949c,Sanguisugabogg,2,2,False,True,False,False
artist_5759ea66183455ff9d9ab39346f8f528,Sap,2,2,False,True,False,False
artist_973e8439f4a55f7ebe8ad6ac464b8b4f,Sarah Julia,2,2,False,True,False,False
artist_dba62bb2f29f5450b0b9709eab536369,Sasha,2,3,False,True,False,False
artist_d63aec5a1dfb5706bf2d9cfd4957990a,Sasha Cee,2,1,False,True,False,False
artist_302baaf29ba1592cbb4313da93ab0ef8,Saves the Day,2,3,False,True,False,False
artist_1f7aeafd3d0c52e0a5a24560e48bec89,Screamin' Cheetah Wheelies,2,2,False,True,False,False
artist_aa2661a0c7445afb8e10a08a0371ac6b,Screamin’ Cheetah Wheelies,2,1,False,True,False,False
artist_074daef0197e5d198e145d278bd982e9,Screeching Weasel,2,2,False,True,False,False
artist_64b6d42e415d5b818dcdacba669c10ef,Sean McConnell,2,2,False,True,False,False
artist_397e20d8f06f5f71b28bc7396785d6b6,Second Harbour,2,2,False,True,False,False
artist_154ca00ac5c75cada34e6789decd46cf,Seven Lions,2,4,False,True,False,False
artist_80ffcf894ad657a2840f0d3c42520cd8,Shadowgrass,2,2,True,True,False,False
artist_19c206210af257b3b027bd4e426ec8a7,Shawn Pelton,2,1,False,True,False,False
artist_6ed34bfb2b2858bfb104038c5724242b,Shaé Universe,2,1,False,True,False,False
artist_4eced0aead045fbbac15f0ec6025b710,Shevya,2,1,False,True,False,False
artist_e16606a45cbe5d2694c65d9e449e6d2f,Shiner,2,3,False,True,False,False
artist_d90d6c2284e75e11a4bde6d0973f2184,Sierra Ferrell,2,5,True,True,False,False
artist_3d0409541c5a554c904d9c64f9c4c24a,Silkk the Shocker,2,2,False,True,False,False
artist_7df5ba1eb03858179c6dc55a0461c911,Silo,2,2,False,True,False,False
artist_01a6cce6af4e5f3b88da05f222e979e2,Silverstein,2,4,False,True,False,False
artist_2dad2a520517546c8d7b4e2555249fe4,Sinead Harnett,2,2,False,True,False,False
artist_821b6ef93b80565f892594092dd24cad,Sleep,2,4,False,True,False,False
artist_0f7492e0f77e5d43b237cda6af9e8af7,SlipBizkit,2,2,False,True,False,False
artist_af7f09e5ee565227a30708554150a210,Slow Fiction,2,2,False,True,False,False
artist_50993d5484585bb9907fd47d5b1771f0,Slow Joy,2,2,False,True,False,False
artist_39c0d1334888542fbbbf290540ee2320,So Far Gone,2,1,False,True,False,False
artist_56227eb2eea95e2788c72eabf2b5e27e,SoDown,2,1,False,True,False,False
artist_f8a20b178954541e926599ce32c5e3c3,Softly,2,2,False,True,False,False
artist_ff9b6c8f34255d68a13f0819cb0b7c4c,Son Rompe Pera,2,2,False,True,False,False
artist_b8e4090220f35e65b9bf5fae7214f3de,Sophie Truax,2,1,False,True,False,False
artist_8d6e3de06f065b209fab3d24fde9f8f6,Sorry X,2,1,False,True,False,False
artist_cbd2dec21bcb5ffaafa3cc40e3283fdb,Spite House,2,2,False,True,False,False
artist_284086c6c7d25b3b932d26e69471a981,Spoon Benders,2,0,False,False,False,False
artist_dec4641445115de4b91ec16085de3c7f,Spyro Gyra,2,5,False,True,True,True
artist_abec1d6c3544542b85b54ee896c263fd,Stan Society,2,1,False,True,False,False
artist_74c008ab8ea65d7797845cb0474e5a6d,Star Bandz,2,1,False,True,False,False
artist_36db3fb125855037802d2cf62444fc1a,Staring At The Sea,2,1,False,True,False,False
artist_55ca1487a77652dcb30e552113008023,Steel Pulse,2,1,False,True,False,False
artist_2e959379f12c5d2da6c4750ea3262503,Stems,2,2,False,True,False,False
artist_c6f5b115d7855c0bae301dfc50d6b9e2,Stephan Moccio,2,2,False,True,False,False
artist_8d1dd193022d53feac03c1e7b65971b3,Steve Winwood,2,3,False,True,False,False
artist_12bcda2e08605018a591ef6a2319ae1d,Steven Cranberry,2,1,False,True,False,False
artist_d50590a734c750e2aa853044264435ec,Steven Maglio,2,1,False,True,False,False
artist_637731557bbc5b068d5868b766c8db4e,Stolar,2,2,False,True,False,False
artist_c114997b4a7650d481c1cd2a13f7beda,Story of the Year,2,4,False,True,False,False
artist_1a158f8cfd345ab1b38e23eca10e9e92,Streetlight Manifesto,2,3,False,True,False,False
artist_20d440f9c93b5e3fa0cb4fe65a2e396b,Students at the Symphony,2,2,True,True,False,False
artist_188cbedce14451d583356e51ef9016c7,Sunday Mourners,2,1,False,True,False,False
artist_5eb44447e7a55ba28ec956ea42d210e3,Sweet Pill,2,2,False,True,False,False
artist_3a311d59ec6b55b2b48493060668ddfc,Sy Smith,2,2,False,True,False,False
artist_999bcc8021da57b5989ba10a044f7d24,Sydney Rose,2,3,False,True,False,False
artist_1df0e2132a2157d285b974cd087fee19,Sydnie Christmas,2,1,False,True,False,False
artist_5a5325a720005e78a05dc1a09a9c8cbe,Syleena Johnson,2,2,False,True,False,False
artist_26a391af85b75e45bfeb96319c292419,TYLENOL,2,1,False,True,False,False
artist_389ff40cc10d567b957f1bc544a29cbe,Tabou Combo,2,1,False,True,False,False
artist_1ed02aa2c0d45a6ebe47bd732c73b91e,Taj Farrant,2,2,False,True,False,False
artist_795ce9a3aa265f0085a80bb64ae9c7c4,Taking Back Sunday,2,6,False,True,True,True
artist_265f76c486ea5c1cb7146bcf75d18953,Tasha Cobbs Leonard,2,2,False,True,False,False
artist_ceb786ffd8865a3784b9e694c9e60e12,Taylor Alxndr,2,1,False,True,False,False
artist_2d9f1c4918b55965a6cfea618ff2962d,Teenage Halloween,2,3,False,True,False,False
artist_28c2f0603874557f93cb47abafac6a95,Temples,2,3,False,True,False,False
artist_23c7dca1d4905d0e8ef8a9e7c3c25c24,Terrian,2,2,False,True,False,False
artist_29dbac751f9c5756a37fdd3802a741a4,Tezzus,2,1,False,True,False,False
artist_9aff04557a725c3d8a89160291b17bfb,That Handsome Devil,2,2,False,True,False,False
artist_ac9a42050f11593f881c9522469c3003,The 4411,2,1,False,True,False,False
artist_93778dce0e8456b48a7e826439b464a6,The Armed,2,4,False,True,False,False
artist_6db424f8af7f511fba323d090dddfcbf,The Avett Brothers,2,2,False,True,False,False
artist_b26bb2ba01ba564b9812c6c6837bb445,The Band CAMINO,2,4,False,True,False,False
artist_a977634a511e52909a9f375f33204338,The Bends,2,5,False,True,True,True
artist_93014bdecd325f029040899b6543e955,The Black Keys,2,2,False,True,False,False
artist_5149e105ccad5cb3a4c92e4a8ca7b0e2,The Blind Boys of Alabama,2,2,False,True,False,False
artist_11ef6147395559649778589c7a88ca89,The Bogmen,2,2,False,True,False,False
artist_c9536fa2da2d5d05a8580f799beec6ba,The Braymores,2,2,True,True,False,False
artist_405d9209890752a8bb6f034b2d7b8125,The BreakBomb Project,2,1,False,True,False,False
artist_47e527dccd1158e79ac1a3d893cef468,The Breeders,2,2,False,True,False,False
artist_c88270bf9ef054ca85ce31cc2390f0fb,The California Honeydrops,2,7,False,True,False,False
artist_605b540520fa51c3a005dc709ae83a2a,The Click Five,2,6,False,True,True,True
artist_0fbdf1ed2f5f5fae82f1ab746a0a67aa,The Cold Stares,2,2,False,True,False,False
artist_a4119583284152d8a57a8d54c9ceb84b,The Cybertronic Spree,2,1,True,True,False,False
artist_aaebb8f0b0db54d69fabe25b5f1866b1,The Dead Flowers,2,2,False,True,True,True
artist_6d8514e3eb365dc185accf9b0741a8bf,The Dip,2,6,False,True,False,False
artist_836867a93a695f4da490ad52ebf26c99,The Disco Biscuits,2,4,False,True,False,False
artist_48d2fa1f6a8a567c99cca34039cf4dfa,The Dutch Kills,2,2,False,True,False,False
artist_d2e47c384eab52adb867d0eec11848f7,The Eggmen,2,1,False,True,True,True
artist_5ac48853231b57a3ad0de81a4ed98a87,The Exploited,2,2,False,True,False,False
artist_b06c37aa89a55214b72b5fae65536d09,The Family Crest,2,4,False,True,False,False
artist_bc6fe09017ac5e69bb9753f06333e655,The Firebreaks,2,2,True,True,False,False
artist_96fa3f4d90805016a6d91174cfd8b3de,The Fixx,2,5,False,True,True,True
artist_45f9c41c9fb457d7999c934c8d1b15ff,The Fleshtones,2,2,False,True,False,False
artist_58fb87f9343455ed9eaf4d7d9f7be938,The Front Bottoms,2,2,False,True,False,False
artist_7ba126d54f495dbd8f51ae9618966b15,The Gringos,2,2,False,True,False,False
artist_bd3d79df29ac5de3b836b62cef0d74a7,The Growlers,2,7,False,True,True,True
artist_ec80ad5b7f0852a4a64e9def3352d998,The Impossibles,2,2,False,True,False,False
artist_d712504e12bd55d3b36f185b720bf50a,The Iron Maidens,2,7,False,True,True,True
artist_4926778218c75d8a9a68d010d25a99a6,The James Hunter Six,2,5,False,True,False,False
artist_2fda0d88680551d8970b91e10b4cf8ad,The Marcus King Band,2,7,False,True,False,False
artist_6355323e20885b5d93038eebfe991092,The Midnight,2,8,False,True,True,True
artist_e4d3453390ce5536b7b55fe278e17050,The Minus 5,2,3,False,True,False,False
artist_a3ad3dad79d8552caad61ea32b392545,The Mountain Goats,2,9,False,True,True,True
artist_5310d312a7dc5e288f6e5fa980b1ba5b,The Queers,2,2,False,True,False,False
artist_b7fb0589646b5812bba8edb07791f891,The Red Party,2,2,False,True,False,False
artist_b14b35036f4e5ef4869cd05ab9328ce7,The Renaissance Orchestra,2,2,True,True,False,False
artist_70e3db0f8d615ca1af7851a1fa16024b,The Ries Brothers,2,2,False,True,False,False
artist_36989f09cdf65f5998a4f118e66f798e,The Spits,2,2,False,True,False,False
artist_0e438aaf75ad54588b39aeab42c2ba77,The Strokes,2,2,True,True,False,False
artist_6fc0b0757cdc565083c6f3b5445b59f4,The Subliminal Verses - A Midwest Tribute To Slipknot,2,2,False,True,False,False
artist_10270175794b51ae86861d9c56433d3e,The Temper Trap,2,2,False,True,False,False
artist_20062c9ee7ae56b7944e21edb9ad1cac,The Verve Pipe,2,3,False,True,False,False
artist_020076947fcd5e9592d2437b5406e119,The Voluptuous Horror of Karen Black,2,2,False,True,False,False
artist_03e4c14123e35cc5970f99c41fc314d0,The Wallflowers,2,3,False,True,False,False
artist_9a8721cf5d9855a2ba20292ecb991d84,The Well,2,1,False,True,False,False
artist_0b23ddafc0e75d38ae1735fb262d6fe2,The Wellermen,2,2,False,True,False,False
artist_72e95cdd402456a197bebdb0b1f8f473,The Whispers,2,7,False,True,True,True
artist_6a6d6322eff6504ca1955f93d0aacf51,The Wonder Licks,2,2,False,True,False,False
artist_1e755685fa4d5c4d94ce0a94023bccad,Thesaurus Rex,2,2,False,True,False,False
artist_8228e69127065f3eb93d78c81368f031,Third Reprise,2,1,False,True,False,False
artist_4bdf12cbff9a56da823568d8555fae3f,Thomas Rhett,2,1,False,True,False,False
artist_a30a4069078c5f53b999d7c6c804188e,Thundercat,2,5,False,True,False,False
artist_739028690fb85e29adcc191541200498,Thundersmack,2,1,False,True,False,False
artist_5a0fae9ee2165ed59a5470d30b5880a8,Tim McGraw,2,5,False,True,True,True
artist_fd2d47bb1c82557e9c085941a8307911,TimaLikesMusic,2,1,False,True,False,False
artist_1939be11d8515591a2a1e7a1a790f5c4,Timothy Wayne,2,1,False,True,True,True
artist_2dc3dc56f9d154d79053d8db2e46f98d,Tito Puente JR,2,2,False,True,False,False
artist_741b6d8ed07755b69d5c19d6c1c4cc7b,Titus Andronicus,2,5,False,True,False,False
artist_1fae93bead5453768b700e04fe12d945,To The Grave,2,2,False,True,False,False
artist_49f60716935e58a48d8ff20019be2162,Toadface,2,2,False,True,False,False
artist_3b97420cd7015c12b25d45117f62ef1e,Todd Rundgren,2,5,True,True,True,True
artist_b91ae098a2925b51a3c61b288d19dc29,Tom Freund,2,2,False,True,False,False
artist_4ea4d4b30fbc5423956e78def464704f,Tom Hamilton,2,1,False,True,False,False
artist_1d7b0d04528a502ca090a1079fb60bcd,Too $hort,2,3,False,True,False,False
artist_e8d6a73d936a591abc92b4be13db699d,Total Chaos,2,2,False,True,False,False
artist_89e1e1255e9052b6b4a777ec94c7d8b3,Tove Lo,2,1,False,True,False,False
artist_d26163352c385a13b38d1edd0802aedb,Toxic Energy,2,2,False,True,False,False
artist_ee003ec467a153119af3bf0ee603573b,Trampled By Turtles,2,6,False,True,False,False
artist_2277f53182a75c83afc4b88ba45d5db2,Trash Panda,2,3,False,True,False,False
artist_4971f4b3c951569490a6d121a697d7eb,Tromac,2,1,False,True,False,False
artist_fd6263a100b45c5eb00534e1589af564,Trouble Funk,2,6,False,True,True,True
artist_0f8099f15bd4596c84664174ce00c90c,TroyBoi,2,2,False,True,False,False
artist_591cd60bd53b55faac6dc5a97eed6871,Trym,2,3,False,True,False,False
artist_39bcdb68d4055b60958105ef7c19ad1b,Twisted Teens,2,3,False,True,False,False
artist_24d6ba60c15c50c6aef77568900d2910,Twopercent,2,1,True,True,False,False
artist_32aafb829fe056b49299a2727ef4155b,TxC,2,2,True,True,False,False
artist_a9b8b119de605ac0847e7d74d3f2719b,Tyler Ballgame,2,4,False,True,False,False
artist_6512e3387ab7596fb557c297d435910f,USHER,2,4,False,True,False,False
artist_82e19fa5537a57269cba5aff3e161445,Underground Springhouse,2,1,False,True,False,False
artist_30bb7cb92a0a52a6848cf80240b69c83,Upon a Burning Body,2,2,False,True,False,False
artist_44ac9f1db44357adac69fff1db7e1627,Usher Raymond & Chris Brown,2,1,False,True,False,False
artist_0370396f27955cf5ad3bf64d088e178f,Venjent,2,2,False,True,False,False
artist_e015fa52400558d9a86483ad84d9d8bb,Victoria Banks,2,1,False,True,False,False
artist_9f3eeef100da5272bc372f126cec744a,Vienna Vienna,2,2,False,True,False,False
artist_5b440bbf88bd57db87b8c4e66c2ab1c0,Virtual Riot,2,2,False,True,False,False
artist_f9f32ae546d4529b82b699b621c49c0c,Vivian Sessoms,2,1,False,True,False,False
artist_66813d7b6bd85a138417d35586230b25,WILLOW,2,1,False,True,False,False
artist_f7ad6f5a1eae5ba8b5de10c36df41435,WOODZ,2,1,False,True,False,False
artist_c5e84ade28835566b7b4b762f125e96c,Walter Salas-Humara,2,2,False,True,False,False
artist_469332f9b525567f8ab0fb9f627c542d,Watchhouse,2,4,False,True,False,False
artist_ef351838821957c986814b0e50e0ec72,Westside Boogie,2,7,False,True,True,True
artist_32895a9ebf985108aaea12d8cfef7741,Wheatus,2,2,False,True,False,False
artist_7b7139d2ee635885ad91ccad555a48a1,Wheelchair Sports Camp,2,7,False,True,True,True
artist_903d0e3272a55421842a53cd3ccaaea2,When Chai Met Toast,2,4,False,True,False,False
artist_ead5835ca6915fdca5c9cd02de29552a,Whispers,2,4,False,True,False,False
artist_dfedde18dab750ae9eebbb132a0c4639,Whitney,2,10,False,True,True,True
artist_f1d2f62497f457c2a52c05e285b125e6,Will Lee,2,1,False,True,False,False
artist_87b339189d52543c9f851f139236d402,Will Sass,2,2,False,True,False,False
artist_c04e9ca844a354c9b4c7bc947ae62112,William Black,2,8,False,True,True,True
artist_56dca6ad01535d13bcd63b9bf4288c1c,William Smith Jr. & the Renewed Voices for Christ,2,2,False,True,False,False
artist_08022a72b5445d3fb65c145c30ddbbd7,Willie Nile,2,5,False,True,False,False
artist_013a071aeb445c3d8cf95e235fdea59e,Winson,2,1,False,True,False,False
artist_bade2afcd4d855d0b5ce1dd5c0c1f3e7,Wolves of Glendale,2,2,False,True,False,False
artist_2b726ca0e2fd571d907c1aa754bbf688,Worst,2,8,False,True,True,True
artist_d032f497dfae5f2d99834e8a252e0879,Wunderhorse,2,2,True,True,False,False
artist_d32f482ce9c0512488437f9dbf2e6fe6,Wynne,2,5,False,True,True,True
artist_01b52f2bf39a5081bb9aa0b6bf793811,Wynonna Judd,2,2,False,True,False,False
artist_64d2acf33e465ff7b79d31a548f04e1b,YOASOBI,2,2,False,True,False,False
artist_8f5791e54186558284aba5302058c14d,Yaya Bey,2,2,False,True,False,False
artist_ac4b48e203ee593a9f767bdc5527686c,Ye,2,2,False,True,False,False
artist_5bb4f8721f6f539b8b527a5f08e0cca5,Yheti,2,3,False,True,False,False
artist_b3fde31d4b2e5ddbaaece1583814dbff,Yolanda Adams,2,7,False,True,True,True
artist_1b229b65b11f5bd3b554ee2d1834a93e,Yosuf,2,2,False,True,False,False
artist_1411e52f64245be7902b70f9d6674083,ZEE MACHINE,2,2,False,True,False,False
artist_4ab9d954b3035972a6bd3cba78fb72c1,ZZ Top,2,2,False,True,False,False
artist_c5c8931cd81f58b9a80907b295f2d50d,Zach John King,2,1,False,True,False,False
artist_c09f7ff40c8a5d479fa24f812576fa1f,Zack Fox,2,4,True,True,False,False
artist_1c73b69ddf9553af96d992bc8bfb386a,Zandi Holup,2,1,False,True,False,False
artist_d2702a2654d3552a95311f87496b0891,Zeds Dead,2,6,False,True,True,True
artist_a6672a6d717a516eac14bc3b8b84007d,Zoe Bayani,2,2,True,True,False,False
artist_1fd54631feb35ca2bd230e081f178b73,Zoe Gitter,2,2,False,True,False,False
artist_0cc8621ec21f5122940e30ec7bf3629a,all in ur head,2,3,False,True,False,False
artist_56585bc3233a5f098036250cc053f5ed,anaiis,2,1,False,True,False,False
artist_0fdc39d62f5b5d939a0144298a285f73,bodie,2,2,False,True,False,False
artist_5fa0545e47515ee78167d66ffbcbc945,chandol,2,2,False,True,False,False
artist_1642f8b9c89e588db453b0d9d6efa0b1,deca joins,2,2,False,True,False,False
artist_5f5129fcb7de539180d8103b6ab9582b,gnash,2,2,False,True,False,False
artist_2729cc919b1f52748d8bdf9001ac4581,innlet,2,2,False,True,False,False
artist_f879e402f81152cc9fcbe1e3e75b4ecc,joe p,2,3,False,True,False,False
artist_4827933eda60528685b01baf770f6fec,prat.,2,2,False,True,False,False
artist_962c3cb9c1e25086b1f2ad39c3bea87f,sace6,2,2,False,True,False,False
artist_10c031ba1c575c5fad00bd681b5f3a22,seeing lavender,2,1,False,True,False,False
artist_832f42b6ae6c52c2b4aa808e08d20f82,smush,2,2,False,True,False,False
artist_e7d9fc97d3dc5649912f9113faf7857f,thebandfriday,2,2,False,True,False,False
artist_443f4e520ee0512cb8a88d317931b0b0,they are gutting a body of water,2,4,False,True,False,False
artist_03890c6bd9c1512cbd33284e6e6aeeb4,tobi lou,2,4,False,True,False,False
artist_293c0fda590957e7b611e355b5f5b867,voyeur,2,2,False,True,False,False
artist_07cef3bd75925ee7b6183a7cf18ba183,$UICIDEBOY$,1,1,False,True,False,False
artist_acf473d2c76a5b48960280da5e51c018,$lim Gucci,1,1,False,True,False,False
artist_a78f40337a7050c6b22414d6d0b89145,(Hed) P.E.,1,7,False,True,True,True
artist_c6eea7ad6e8851a88a73ecddda505cd3,070 Shake,1,2,False,True,False,False
artist_19e9bba146f45413998ec9162dc86d22,16 Volt,1,2,False,True,False,False
artist_175a21e97a235594999d4f6ac14dcd1f,2/14,1,2,False,True,False,False
artist_82fbd69af0995f0a953564efee560f5b,200 Stab Wounds,1,1,False,True,False,False
artist_27c278bec206572d9c324e4f34493d01,311,1,2,False,True,False,False
artist_1915476a4b855b9e877cf65b1a61028c,42 Dugg,1,2,False,True,False,False
artist_c4be38c9396f52eca0b31a4ed83f807b,5ever,1,1,False,True,False,False
artist_3a416ca48adc520796f7880ac99ab141,66shadows,1,2,False,True,False,False
artist_31d1d3f600935befaacdde599d81a7c7,7L,1,0,False,False,False,False
artist_ece5bea11c225004950dd2606f9fbbe2,8ball & MJG,1,2,False,True,False,False
artist_c35b0b2423335d489a1c9b83cf3222b7,A Day To Remember,1,2,False,True,False,False
artist_15df525e88635455bf49b1c265b205fc,A.Chal,1,1,False,True,False,False
artist_87535992099f5b79bab4177b12c7414a,A.J. Croce,1,2,False,True,False,False
artist_766a85227b115014a7482c86b02b9387,AJ Vitanza,1,1,False,True,False,False
artist_0fc19f91690b522abe35e530da81fb07,ANDREA,1,2,False,True,False,False
artist_118239aee65f5f0596de19c06eb25146,ARTBAT,1,1,False,True,False,False
artist_ae4649b8c2825d7fa19acdd384017bca,ASkySoBlack,1,0,False,False,False,False
artist_3e5688c22a345cbb8d7c4e9c60da3a30,AUSTERIA,1,1,False,True,False,False
artist_9799c14e5e7a528aa62ad87db20e201d,AYDAN,1,1,False,True,False,False
artist_da997bb86f735157a6c410682b995869,Aaron Lee Tasjan,1,7,False,True,False,False
artist_8dd75dc1279254be8b47e450aaea39b5,Aaron Tveit,1,2,False,True,False,False
artist_ffcb6ca36bab5e5780f5bdf9dcee6062,Abby Dear,1,0,False,False,False,False
artist_7c4609fd70195d48a9f1c8a2ed890000,Abigail Arader,1,2,False,True,False,False
artist_eb53d05545cf5a4eb566d22ed3c7f957,Abigail Osborn,1,0,False,False,False,False
artist_afc0e683aec15ba186d138b50d6b7b70,Abraham Alexander,1,1,False,True,False,False
artist_1355c349352c58c583f14fe54160fd48,Abstract Rude,1,2,False,True,False,False
artist_290fe7dda9ae5a5192e4185b82f107eb,Ace Rose,1,1,False,True,False,False
artist_4b09f8b47fd755038107f229b3a2672c,Acid Tongue,1,0,False,False,False,False
artist_7797f9724bbc507c9ece2268660b3a70,Acopia,1,0,False,False,False,False
artist_99c6c94563fe545f9ade71d2fd1d3041,Adam Deitch,1,1,False,True,False,False
artist_ca6bb0a9862159519729564c25e0f4c3,Adam Hawley,1,1,False,True,False,False
artist_a1a11d48870f588c9fbb56a2d0791719,Adam Lambert,1,2,False,True,False,False
artist_1b98ac53820754318efabb048cf75112,Adam Yokum,1,2,False,True,False,False
artist_b73fc61946cb5f7bb98b1cc4d40875aa,Added Color,1,2,False,True,False,False
artist_1f2be0b143855cd1879d151345f248db,Adina Howard,1,1,False,True,False,False
artist_1d9c2e4373aa5e32b93e80165f063de3,Adrian Vandenberg,1,2,False,True,True,True
artist_6f0b84afb1485e2ab1d13080ba3ae22e,AfroCity Music Festival,1,0,False,False,False,False
artist_47052db4a9ed5d2385141f8d28e4b146,Agalloch,1,2,False,True,False,False
artist_8aa1973ef258555386b33b85134a0a1e,Aggro or Die!,1,2,False,True,False,False
artist_4e2d9c1294dc5691950b8e13345232a0,Aiden Intro,1,2,False,True,False,False
artist_67ee3d4662995ed09f81399db2f595a3,Aimee Vant,1,2,False,True,False,False
artist_5a0dc4e66e0254e9aafb63d46bcaa836,Ainae,1,0,False,False,False,False
artist_f62eaeba6c97531ab34298e08631840b,Air Is Human,1,2,False,True,False,False
artist_86e12699923b55f8b22616ef1dafdde5,Airrica,1,0,False,False,False,False
artist_555decd5bb665f5f9d6f129c45908328,Aisle19,1,0,False,False,False,False
artist_29ad735cb1e65345b1e1d294a38f01dd,Alain Whyte,1,2,False,True,False,False
artist_a5bab7752da955bdab4437ff54aa2a5b,Alan Vuong,1,1,False,True,False,False
artist_7d8a1bfca5f35895ac7f5330f2c63b45,Albert Posis,1,2,False,True,False,False
artist_a676476007135bac905cc5e9f33aa29c,Alberto Lombardi,1,0,False,False,False,False
artist_413b183fa8ab55198b43d40f9820a1ae,Alex Crossland,1,2,True,True,False,False
artist_64304129dd785e59a5eadf102ad2af0c,Alex Jett,1,0,False,False,False,False
artist_1b517f44a45459ef9653fea1b7a6e91f,Alex Lahey,1,2,False,True,False,False
artist_61f3a26d2eb75ccb991bc10f68138624,Alex Warren,1,2,False,True,False,False
artist_e973a068d9f358d8b27000cc8eaa688f,Alex Zhang Hungtai,1,1,False,True,False,False
artist_9fcc756af2cd58eaa94bbac729c67fa1,Alexa Kate,1,1,False,True,False,False
artist_fb66be65bfca5b5e8c26948d3ad9cdb4,Alexandr Misko,1,1,False,True,False,False
artist_4417d0022e9a58faa41a750145723803,Alexisonfire,1,2,False,True,False,False
artist_adc169cdf4945cff9dbd772033f00ef2,Alfonso Tan,1,2,False,True,False,False
artist_baad1f0339a8528c83a4dcf2d89f82c1,Ali Campbell,1,2,False,True,False,False
artist_5bc2cfa56e435018835c4ff50f7ac778,Aliah Sheffield,1,0,False,False,False,False
artist_f79cddd3810158aaa2099e60c4fae406,Alice Bag,1,2,False,True,False,False
artist_81a81681946356e2914b997831cc5370,Alice Phoebe Lou,1,2,False,True,False,False
artist_00244f8e146a5333a676e160b3ccb8fc,Alice Smith,1,1,False,True,False,False
artist_402e9c42344a512b9903e307c7bbb41a,Alien Ant Farm,1,2,False,True,False,False
artist_a96f35fa1c505d73b87ce7d51724931b,Alignment,1,1,False,True,False,False
artist_1e553767b8ca5bc29f20361a51e9fbc2,Alison Brown,1,1,False,True,False,False
artist_73b74383c5ab53709dabd4f785d0651f,Alison Krauss and Union Station,1,1,False,True,False,False
artist_864c6989c20456e59277161332cc3eb1,All The Feels R&B,1,0,False,False,False,False
artist_8539ce76ba02540cba35d7f2d3f53f8a,All Time Low,1,2,False,True,False,False
artist_da6f9ba003135e14ba288ad2a96f5273,All White Affair,1,0,True,False,False,False
artist_9f10cdf0a2a75b17aaf7abf0c855d9c8,Allure,1,1,False,True,False,False
artist_1b2ac8e2f26957a3972e27663c5654aa,Ally Nicholas,1,2,False,True,False,False
artist_8ec6b7aab4ed5f169793b3a26b9de0a3,Ally Venable,1,3,False,True,False,False
artist_0926a1eda72b503283b074769eb7b84e,Almost Legendary,1,2,False,True,False,False
artist_9463a5ca6bd3524f825af9010970f08d,Already Late,1,1,False,True,False,False
artist_6fe2f4faaba551f0ae102896b7bc3a88,Alt Bloom,1,2,False,True,False,False
artist_3bfa676b20f25dae97d26015e4144424,Altın Gün,1,3,False,True,False,False
artist_a4b1173f88a85550b8606def57f17125,Always You,1,1,False,True,False,False
artist_93586bd610fd549b9d9a93e395007205,Alé Araya,1,2,False,True,False,False
artist_6d6bcfb000b0592a8e1f1a70ab1d9d6a,Amari Noelle,1,1,False,True,False,False
artist_275320c1e22659fe928ae73b5778eb53,Amaury Gutierrez,1,2,False,True,False,False
artist_65fb9c6fd50850769089bae8b0dcb6f7,Amber Bullock,1,2,False,True,False,False
artist_9096d83abe0f53c897977871243605c7,America Loves Me,1,2,False,True,False,False
artist_462021bde6a35631ac01338102f49e85,American Hi-Fi,1,2,False,True,False,False
artist_5c99aaa46e30570cb989e6c63b4920d2,AmericanaFest,1,0,False,False,False,False
artist_3debeafaf231536eb2979a86999290d1,Amina Scott,1,0,False,False,False,False
artist_1bb9596248e456c1aede199c96bcba9a,Amp Live,1,2,False,True,False,False
artist_67ec8a34ecb55e93aba88b013718ad57,Amy Grant,1,2,False,True,False,False
artist_fa6f5dcc438954ee87fec06f45edd113,Amy Winehouse Tribute,1,1,False,True,False,False
artist_5372f0d392ab5819920a12ac32be65bb,Ana Popovic,1,7,False,True,True,True
artist_ef6af86a593852d58284ce6905350660,Anastasia Coope,1,1,False,True,False,False
artist_bf4271d3639051fdabd1b22a41dde5c1,Andre Lawrence,1,1,False,True,False,False
artist_da45d7519ea9566fbc2bdc0decaa17a1,Andrea Bejar,1,2,False,True,False,False
artist_d8ce4771bc1355968a690d3a1aeac1d7,Andrea Bocelli,1,7,False,True,True,True
artist_dba1bcac0b135c248e1528470c509e3a,Andrew Bayer,1,2,False,True,False,False
artist_3a97196042e05a62a756249085ea4607,Andrew Bird,1,4,False,True,False,False
artist_6264965e985b560d98d89b286116981c,Andrew Garden,1,2,False,True,False,False
artist_bc247f1d6bae53848dfc616a26105fbc,Andrew Randazzo,1,0,False,False,False,False
artist_3b75cf812f1c5694ab17f3a1c254d0e1,Andrew Rayel,1,2,False,True,False,False
artist_b2c3366788cc554c94b70eb0f8ab5a51,Andrew Ripp,1,2,False,True,False,False
artist_b7c302c370f256efbf6f4395a7c9dc81,Andy Burns,1,2,False,True,False,False
artist_f527b8e3e50553f2a760af4824774062,Angel Grace,1,2,False,True,False,False
artist_4a7fbfac212f5563860232fbcaf7cb8b,Angelica Gianna,1,2,False,True,False,False
artist_6ff35d2aa0bc51ac9d8a02771698e591,Angelicia Maria,1,2,False,True,False,False
artist_c30695c2aaa75e8a803fb2b07015c010,Angelo Mota,1,1,False,True,False,False
artist_1e94423ddf0858eca1beb0cd0592cc79,Ani Mari,1,0,False,False,False,False
artist_032c6a0282895c82a0bd74159836232e,Anika,1,0,False,False,False,False
artist_73c0dbeba5885d7a95d12748e99b378f,Anish Kumar,1,1,False,True,False,False
artist_fdf9f975fd4a57ee891f2b8c10db1f94,Anjunadeep,1,2,False,True,False,False
artist_e6253a663d2f51bc812084a611a0fd74,Ann Marie,1,1,False,True,False,False
artist_c932d1fec6cc5f1aa6e609466f7bb7f7,Anna Graves,1,2,True,True,False,False
artist_894f2606202d5d56b3687a343c3ca0f1,Anna Moon + The Stars,1,2,False,True,False,False
artist_b1f091c8a1cf5456a4667b3910436b6a,Anthony Hamilton,1,1,False,True,False,False
artist_2cddab8a553551079916e742bc448374,Anyma,1,1,False,True,False,False
artist_11581a91b57b50e4910a5f631814967f,Anything Ever,1,2,False,True,False,False
artist_8cb86540b54d50ba83bcef75f21ac6e6,Aquil Dawud,1,1,False,True,False,False
artist_c3247a68dcc4522eb8c8a909f070e626,Arbre Day,1,2,False,True,False,False
artist_9506204bba6f542aa3573d79d41857cd,Archie Hamilton,1,1,False,True,False,False
artist_c2616ae8ea4b5e3cbb81cac234faca9f,Argy,1,1,False,True,False,False
artist_5d8d830806b05d329f9cb09deb4f9911,Ari Voxx,1,0,False,False,False,False
artist_4f2c4d0b71cc5bc2b20f139670ee6cd7,Arkose,1,0,False,False,False,False
artist_7bd2832d30b15f1e811dbb9186a2caa5,Armand Hammer,1,2,False,True,False,False
artist_e38c59b428535729abbb2c6526156870,Armchair Boogie,1,1,False,True,False,False
artist_a6bcd88a63e451eeac2aa9ed23c3c1a4,Armed for Apocalypse,1,2,False,True,False,False
artist_b7f955829e475993ae12d01a94dacc4b,Ashes of Ares,1,0,False,False,False,False
artist_3fc1fd22f1a552e7b3f4c341e1134248,Ashley Anne,1,1,False,True,False,False
artist_d73c9ce723ce5a0298d6508d6e6ced86,Ashley Ray,1,1,False,True,False,False
artist_f9c80bf5f6b257d4af9ec9bfce4e37d0,Ashton Martin,1,0,False,False,False,False
artist_3f351818fe5d5b51a4685cbb2672d06e,Astrid,1,0,False,False,False,False
artist_716cdfb635c25805972612b046a81c8c,Atmosphere,1,2,False,True,False,False
artist_f67b45ee712b5e8f91e96f20e468ae1d,Au5,1,7,False,True,True,True
artist_b181b1d0018c522ea4f1e2fbf14bad49,Aubrie Sellers,1,1,False,True,False,False
artist_25f9a9915a645cee99472b48d659c179,August Ponthier,1,8,False,True,True,True
artist_5d68bc21f99a56dcaba8e1ec7deaf6bd,Augustana,1,2,False,True,False,False
artist_83f9437d6bf05517b24a21126ae1268d,Aurora View,1,2,False,True,False,False
artist_4983e188a5e45a679d8df966ac4db2e2,Austin George,1,1,False,True,False,False
artist_b13da1c5df635e049fa7d6f3b616af2a,Australian Pink Floyd Show,1,6,False,True,True,True
artist_c75b13dc4231514b93b9146416acd878,Ava Liv Mabry,1,2,False,True,False,False
artist_7526a75551be5268a43f4d728b5944bf,Ava Paige,1,1,False,True,False,False
artist_ffb00b21fb9f5b57972e8c034f9a23a8,Avalon Emerson,1,1,False,True,False,False
artist_7eb7bbba13995d80ad47ca0e2b032095,Avalon Emerson & The Charm,1,2,False,True,False,False
artist_59fd870cb3e75dcdacc2a20985897a66,Avi Kaplan,1,1,True,True,False,False
artist_c533b46a272b50e283160f2d5b5bf08e,Ayegy,1,1,False,True,False,False
artist_9d48bafa4996548eb7bf824b391672cf,Azyia Joné,1,0,False,False,False,False
artist_a445e14626cf531f990fd6d2179ee5d8,B/AN/K,1,0,False,False,False,False
artist_dcb55e38b5125bb4b7b55f0c5ed4886c,BABYMETAL,1,2,False,True,False,False
artist_d19ceb3b11d4547592b0d93cea307dd6,BAUMS,1,0,False,False,False,False
artist_d3c56845d5845e8e9bc7651b12fe98dd,BBMAK,1,2,False,True,False,False
artist_46276bb3516d504a9ff45b9d5db2f60e,BEAUZ,1,1,False,True,False,False
artist_e687d812756f58fd84b1feac6b1573ed,BEL,1,2,True,True,False,False
artist_e97cfe0d7da951f894b648b4be31ebc8,BL3SS,1,1,False,True,False,False
artist_2f3580e32f345a2d95e49a1c2e2003ba,BLACKCLUB,1,2,False,True,False,False
artist_ab79950e133551d28340fd8653990afa,Baby Van Beezly,1,0,False,False,False,False
artist_5343966c4cd156f68af462d48d9944ab,Babyface Ray,1,1,False,True,False,False
artist_67f2b38440cf57df8c5dc13fbd3114e1,Babyfxce E,1,1,False,True,False,False
artist_7d4b9d61b4505fa2b353644039a40744,Backtoearth,1,1,False,True,False,False
artist_40f85683496854febb9078f9c1abbd8a,Bad Head,1,1,False,True,False,False
artist_d7d42d5b306852758fe8062f31897ba1,Bad Wave,1,0,False,False,False,False
artist_dddedecec3745db3af92232aefc11f34,Baek Ji Young,1,2,False,True,False,False
artist_73913b53ba70525781bd6aae0e7f328f,Baek Z Young,1,2,False,True,False,False
artist_d03644741ec0570a8fad6845b202e4a4,Baila Habibi,1,1,False,True,False,False
artist_94264da994a95900a5aaae1c83dc828c,Bailen,1,2,True,True,False,False
artist_81723e9821a55f7fbe3a1e5135e8d350,Baird,1,1,False,True,False,False
artist_f72750c87af750cba30deda2c512ff80,Bali Baby,1,1,False,True,False,False
artist_edcb78ac25e256a2865cade888937b45,Bally Baby,1,0,False,False,False,False
artist_cf99374755aa519592bd8a21eaf4c800,Ballyhoo!,1,2,False,True,False,False
artist_41e22801705750c1804a169f923e8208,Baltazar Lora,1,1,False,True,False,False
artist_fdba39a89e3058d6901e5d2b79592efd,Bandits On the Run,1,1,False,True,False,False
artist_6590aa5df8c1545e9c52efaa48fbec14,Banoffee,1,1,False,True,False,False
artist_48af6a801b4c54e9956e046f1f152109,Banshee,1,2,False,True,False,False
artist_51aacaf1689950cfb68e261a5644533a,Bardo,1,2,False,True,False,False
artist_7142b35842ce560f8f2ad0afc39ccc4e,Barenaked Ladies,1,2,False,True,False,False
artist_f94e67d3d0d057738b04283362b488e9,Barrett,1,2,False,True,False,False
artist_a8835ab5d6d85ce6a9ae9e6a8c9602b3,Bassjackers,1,2,False,True,False,False
artist_9764d7d89b095abe9be6d1cf846297f7,Battery,1,2,False,True,False,False
artist_89738d36c5385b53b52c07c696ff3c0c,Be Your Own Pet,1,2,False,True,False,False
artist_e09294fc95405dc882aec774df7219ee,Beano French,1,1,False,True,False,False
artist_1a7d2be72a205085a5f81d6bcd2ca0d9,Bebe Rexha,1,2,False,True,False,False
artist_672c449d8ae05bfebda65a21a7e80269,Because of Art,1,2,False,True,False,False
artist_884ff98a6d965ca48bc5ac35f766c589,Becca Packer,1,2,False,True,False,False
artist_b4afb18f43d9554e9e56114348a34f8b,Becky G,1,2,False,True,False,False
artist_8371ae4a64d3565cb5a022fb184519b0,Belaro,1,1,False,True,False,False
artist_9d1ea16678fa5acf86e62d8e21d4c800,Bella Rayne,1,0,False,False,False,False
artist_99b752a9c45955ab9a53d8afe658eda7,Bella Rayne Band,1,1,False,True,False,False
artist_604d334c83125b3fa6bda2bb02c641ea,Bellies Out,1,1,False,True,False,False
artist_6feb20c6a7cf52c180ec42f015290b6c,Belly Gang Kushington,1,1,False,True,False,False
artist_96565d39a60f5a5e8e3e183f0a19dd81,Ben Kenney,1,2,False,True,False,False
artist_0bdd4951d3575906ba4217d6db6f9e0a,Ben LaMar Gay,1,2,False,True,False,False
artist_7d51d3f091e25cf4bff10b5788beb78d,Ben Nichols,1,0,False,False,False,False
artist_e02257fd7b8858f690a6dccbfdd7dff6,Benda,1,1,False,True,False,False
artist_f2abd276628457db90cd95883ce7a364,Beno,1,1,False,True,False,False
artist_0a96c6015d4c5e11a0782954a8748cf0,Benson Boone,1,2,False,True,False,False
artist_b905df2e5a08537db36412c75153f4bd,Bentley Robles,1,2,False,True,False,False
artist_cad1c99aa08b5e85a9cc5b39f61eb3cf,Beoga,1,1,False,True,False,False
artist_156812ac3fc3549e9c898e7ca5f55f2e,Beth Hart,1,2,False,True,False,False
artist_f2f1f8cae66c58288e31e0007433b45a,Beth Nielsen Chapman,1,1,False,True,False,False
artist_3b5e7fc29f9d5c2e929aa6ee9c245a1e,Better Off Dead,1,0,True,False,False,False
artist_bda86933072a58f1ac0d245e0f454e13,Big Brave,1,2,False,True,False,False
artist_db94abde55e157b98e39670bb8d7ac2a,Big Daddy Weave,1,2,False,True,False,False
artist_ea22c220ead051808b1eae943f7519af,Big Freedia,1,1,False,True,False,False
artist_a273309d92575a9b910850c45339060c,Big Gigantic,1,2,False,True,False,False
artist_33b5dab4a5645397a5db1bc448d172d1,Big Sandy,1,1,False,True,False,False
artist_6dc7969d52bf5288906ceaec367b5d79,Big Sandy & His Fly-Rite Boys,1,2,False,True,False,False
artist_2f905e4b04c558ba8aeb7e84bdcf9ca7,Big Special,1,3,False,True,False,False
artist_572c3df9ed2454cebfc2a15a4413147d,BigXthaPlug,1,1,False,True,False,False
artist_448bfcf917bc53a0aea2d21facc886b0,Bike Routes,1,2,False,True,False,False
artist_bede03de503c5272b47569bb07c1a661,Biking With Francis,1,2,False,True,False,False
artist_4da0b7a358055333bfecbcc4a2ee31e5,Bill Callahan,1,1,False,True,False,False
artist_d452991dc2085654b0a396c832e1dd6d,Billy Idol,1,2,False,True,False,False
artist_93d409ac1ccd5f459f427670cff41359,Billy Vincent,1,1,False,True,False,False
artist_2314d66ad7eb580b9a9e1a332baa8bf8,Bimbo Summit,1,2,False,True,False,False
artist_17b37c16119050289ca6dab0f8b26223,Bipolar Joyride,1,2,False,True,False,False
artist_beb95dc667855fd3a7258cfa36898607,Bird Streets,1,2,False,True,False,False
artist_3384f8017d6857c1acbd0c67b64c6776,Black Flag,1,2,False,True,False,False
artist_67d75e464c225c46a2867ed6bfd266f2,Black Hibiscus,1,2,False,True,False,False
artist_2c66f37d860b569aa2e148b85506e7f0,Black Joe Lewis,1,2,False,True,False,False
artist_9b20eec390b251928adc25e624db438b,Black Joe Lewis & the Honeybears,1,2,False,True,False,False
artist_c12cbd63ddd75863aa29042b95b60e9e,Black Kray,1,2,False,True,False,False
artist_2a09c1a7b0cf5f01b24e06e70a5e3f86,Black Sherif,1,2,False,True,False,False
artist_dca8a6d08b7957a2a6dcf14cb880b95c,Black Stone Cherry,1,2,False,True,False,False
artist_3e7da6cef15b5522bf46b01ef8f35ec2,Black Tiger Sex Machine,1,2,False,True,False,False
artist_6c374bebb9145405ae222cac7aebe234,Black Uhuru,1,5,False,True,True,True
artist_674923fdf1095afebfeb5d1e8074f421,Blackberry Smoke,1,5,False,True,False,False
artist_9b4bb11a87715ee3baf543b206b1436a,Blackstreet,1,1,False,True,False,False
artist_dfd05e456abc5751b73da60578c08365,Blackwater Holylight,1,4,False,True,False,False
artist_cfe12482ca1c57e78541bb72fef4b1c9,Blair,1,1,False,True,False,False
artist_e7cf7e1d06725f7fa9aa128cf596ba00,Blair Lamb,1,2,False,True,False,False
artist_48917eee2d9f55608828580efbeb99cc,Blake Mills,1,2,False,True,False,False
artist_65c0b8f8d68c50e2bb19bb2485ecce5a,Blanket,1,2,False,True,False,False
artist_cd09d8989ac5596695d2fcef54a9ad67,Blankface,1,1,False,True,False,False
artist_cfaeac162cf955f499e191e00aa49ce8,Bleary Eyed,1,1,False,True,False,False
artist_1184c089e4615fb796caf6e75858170e,Blessing Jolie,1,1,False,True,False,False
artist_66b558edaa3e5e8d863f180d9d127974,Blood Monolith,1,2,False,True,False,False
artist_72dbcbfba09650598486042760d98ef6,Blood Rave,1,0,False,False,False,False
artist_33e6264409685dcf81562ce90fd58a1b,Blood Relics,1,0,False,False,False,False
artist_b000d53f41c55aaeb0e31bd368d817b6,Bloomsday,1,2,False,True,False,False
artist_2672dd20a72f5ad0afcbda4106b6d48f,Bluphoria,1,1,False,True,False,False
artist_7b799fb4659c552d897c0b0e0a6f32a3,BoDeans,1,2,False,True,False,False
artist_8bfcacec04cc5ab2a67bf69ff8c0b4cb,Bob Dipiero,1,1,False,True,False,False
artist_84ee28ddc8605332a74c9f129a248448,Bob Dylan,1,2,False,True,False,False
artist_f957df3a275f56fb9a2ed001820f266d,Bob Schneider,1,2,False,True,False,False
artist_91a24b4db9d7553fb9ae3380b97dd1bf,Bobby Bare Jr.,1,2,False,True,False,False
artist_fed398f44b6e5273a67fb7f5dcf25542,Bobby Valentino,1,1,False,True,False,False
artist_1777bfba3a005ed9a1c2885b16814071,Bokani Dyer,1,0,False,False,False,False
artist_67d4e849d2a351be979ecaec274e611f,Bombargo,1,2,False,True,False,False
artist_9c2a2ec8c69658e2a15fdb4567df09b4,Bone Thugs-N-Harmony,1,2,False,True,False,False
artist_c6965e77703250bf902158f7fe17fb0c,Boneshakers,1,2,False,True,False,False
artist_fc6f9592ceb1579fa4fa6e63757d5a39,Bonnie McKee,1,5,False,True,True,True
artist_f44aeef5144b5b95b74283d7467c0520,Bonnie X Clyde,1,1,False,True,False,False
artist_f7c9f160843659f6ad36058fd9a3b1d1,Boo Boo Spoiler,1,2,False,True,False,False
artist_2853655cedae52b79944f901908bbd1e,Boogie Brown Band,1,0,False,False,False,False
artist_3736dbdfb88b5c8e887e5b1ee18776a6,Boojum,1,1,False,True,False,False
artist_bd43b66d2f225b6a9812541e5821187c,Booker T. Jones,1,1,False,True,False,False
artist_355c9f0d20ef59859233a4373cd55164,Boost,1,2,False,True,False,False
artist_d3c5d09a00ab5f3eb6d3dbef14cbb1da,Boris and the Joy,1,0,False,False,False,False
artist_d347f28828875b3f84b2e1c5e27729cb,Boris and the Mess,1,1,False,True,False,False
artist_e09ab3a30a5c52f19bad71361dc2b919,Bou,1,1,False,True,False,False
artist_7f62c96501aa5a50bbaaf14b2b0bc4ff,Box of Books,1,0,False,False,False,False
artist_231fc84973a65412a3ae4c55b6f72caf,Boxrooster,1,2,False,True,False,False
artist_965e133f37595c4ca256f1fedd65f8ba,Boy Bloom,1,2,False,True,False,False
artist_39b2faf4f3d85bf7a58f5e6b9f069700,Boy Golden,1,2,False,True,False,False
artist_d6d7a03ee22b53abb3c10d40d586071e,Boy Soda,1,2,False,True,False,False
artist_fc90ce41632a5bc5a49245db8d8af087,Boy Throb,1,1,False,True,False,False
artist_ed6de53601c758b08ea177a7aed81bca,Boz Scaggs,1,2,False,True,False,False
artist_970d237236e352c78d59dad494341218,Brad Jones,1,1,False,True,False,False
artist_01efbe28787655da9780358c0853631d,Brad Mehldau,1,1,False,True,False,False
artist_25a57c76b3e652fe8351f0db0d6adcc4,Brad Williams,1,1,False,True,False,False
artist_6f6a965eec01551e897931c98b6d4f8b,Braden Lam,1,1,False,True,False,False
artist_75f656622ea05e288a8db465da0293ee,Brady Prince,1,1,False,True,False,False
artist_0ea641813c0158d3aa163452c7953103,Brainstorm,1,0,False,False,False,False
artist_eecc845fcaed5be393e413d6e3d1954e,Brea Fournier & the Dream Ballet,1,1,False,True,False,False
artist_430e0d248cac502083ed9c8a46032ab3,Brent Kirby,1,2,False,True,False,False
artist_c3754e6e5c3952d08954b72cec539159,Bresh,1,1,False,True,False,False
artist_a2b1fd2aef945f09babdeaed070413b1,Brian Lopez,1,2,False,True,False,False
artist_5851b638db2b5bee96a8e7489562c6cd,Bridgette Tatum,1,1,False,True,False,False
artist_81d3bb7687145751aa931a6e77a32954,Brigid Dawson,1,2,False,True,False,False
artist_521095bd576a528583f73a173cbf320c,Briscoe,1,2,False,True,False,False
artist_c22782d002ad50779ada5c6e325b69c7,Broken Hill,1,0,False,False,False,False
artist_5a46757b5b975f939d8f63d71d238622,Brooke Taylor,1,0,False,False,False,False
artist_0e5c72a18178549eae8cba22d1883715,Brother Ali,1,2,False,True,False,False
artist_5843a8d60f865d94a1d99b03459246d4,Brown Horse,1,1,False,True,False,False
artist_46aab1315da45dde86d64678e275d5b0,Brye,1,0,False,False,False,False
artist_b81d1aedab4a56febc639f5d4f9d9614,Buckcherry,1,2,False,True,False,False
artist_ac14ec27b31e5504a0be58123eb084e4,Buddy Miller,1,1,False,True,False,False
artist_930b606bb5b65c65bc40eb366a1c4510,Buffalo Nichols,1,1,False,True,False,False
artist_40caf44c9c5352d7b5300d5d3359283b,Buffalo Wabs & The Price Hill Hustle,1,0,True,False,False,False
artist_ed429eb02dc05b958ab1595534845a94,Bugsy,1,2,False,True,False,False
artist_76f65110f5e05ab9b201fb832ddec67f,Bummer Hill,1,0,False,False,False,False
artist_e7f7106aec735db8b9d7d6de4d2ecf09,Burning Witches,1,2,False,True,False,False
artist_cd2970a07bcb539a9250b48c497811a8,Bursting,1,0,False,False,False,False
artist_eee02cfeb7fb5a5fba51ecea4a73d754,Bushwick's Dead,1,2,False,True,False,False
artist_bd170d892cc559f28690f1aa0dded87b,Bushwick’s Dead,1,0,False,False,False,False
artist_6e1ce1fca9075cc09022b2a727fa32f6,Byron Bennett,1,2,False,True,False,False
artist_d4776390381b526fa7023cb01857b4f0,Béla Fleck,1,2,False,True,False,False
artist_943e9ba9fd32567ba5bf77ba4d115bf2,CDSM,1,0,False,False,False,False
artist_f47b1f2a01a25d608b1945c899e2ef33,CHALANT,1,1,False,True,False,False
artist_749c2a084b91551d905e88f4719a615c,CIVILIAN,1,0,False,False,False,False
artist_03290e9a3252557ea54980eefe3c4dc7,CLOUDRIVER,1,2,False,True,False,False
artist_a3a2dab7f56e59069bdc971fc06ddadf,Cabin Fever,1,1,False,True,False,False
artist_aeac040392b55d90bb9d0bb3ec012208,Caitlynne Curtis,1,0,False,False,False,False
artist_0a44f3d90b6c57168aaaff1271c40895,Cal Rifkin,1,0,False,False,False,False
artist_071b9d10e42b58b8979f82e72166fe89,Calico Catbird,1,0,False,False,False,False
artist_2f9932b8456155adaadde6d347073e87,Caligula Blushed (Tribute to The Smiths & Morrissey),1,0,False,False,False,False
artist_8489d2260d5e5645bf7f818aee09c4cd,Call Me Beep Me,1,2,False,True,False,False
artist_c4f6da67d7b35a86b4b564a1061823f9,Call Me Karizma,1,1,False,True,False,False
artist_644999a479375ef2ad23160acaede715,Callous,1,1,False,True,False,False
artist_98232e19e2d0550686e30b239de3ff9b,Cam Steady,1,1,False,True,False,False
artist_8626a606b7415353a66383249263c4cd,Campanula,1,0,False,False,False,False
artist_bc15260573245d358aa33eac8a75ed5b,Camping in Alaska,1,1,False,True,False,False
artist_e596eda5d49156a4a8e6952be74917e9,Capochino,1,0,False,False,False,False
artist_b17b8432767b507c973b11487af8795a,Cardi B,1,1,False,True,False,False
artist_484ac97518bd55b1b9cfc7a918eb9747,Carla dal Forno,1,0,False,False,False,False
artist_1c3e60f971b9595191997636feba2b0f,Carsie Blanton,1,1,False,True,False,False
artist_61124bea4e465de288737ac9bd330bda,Carson Peters and Iron Mountain,1,0,False,False,False,False
artist_bcd69581cb775d0aa36bfa081dba2e59,Carín León,1,1,False,True,False,False
artist_278e678e87e25774a8f45874496c782e,Casablancas,1,2,False,True,False,False
artist_d9fb370c8260599fbe034378763ba567,Casper McFadden,1,1,False,True,False,False
artist_c5494f3b29c65da3a6a456ed071490fb,Casper Sage,1,6,False,True,True,True
artist_3aaff9c1cfc75eb0b38884db0b65e94c,Cassian,1,1,False,True,False,False
artist_3053f6de227c5b24a8d6bf8059e9b086,Castle,1,2,False,True,False,False
artist_6c6a2495f96455d2801f1a2e9cd018b7,Catcher,1,2,False,True,False,False
artist_abc15c3dc87059ae926206528773918b,Catherine Moan,1,1,False,True,False,False
artist_8468f3a07c3f5bb887c41fe703f73998,Catty,1,1,False,True,False,False
artist_b41f75293ced5d02970646b05d16c2c6,Cayden Wemple,1,2,False,True,False,False
artist_2d7f822f23745ff49eed5d5ed181846e,Cayley Spivey,1,2,False,True,False,False
artist_399f88b29aa15eee8f75cd3a6d321ef2,Cazeaux Oslo,1,1,False,True,False,False
artist_e091b4087ecb5f8386a1e253765c3678,CeCe Winans,1,2,False,True,False,False
artist_86593c45d38157ea90ac72b9e4192491,Celestine Manno,1,2,False,True,False,False
artist_d1887db6b4d45009b3fdb3e9a7cdc118,Ceremony,1,4,False,True,False,False
artist_12090ef2995c5e6ab954ed1112af31c8,Ceromantics,1,0,False,False,False,False
artist_38b4d76684a6562bb95d115ec1863206,Ceviche and the Boys,1,2,False,True,False,False
artist_dd063067b5765022ba7e41203c4377a4,Chan,1,0,False,False,False,False
artist_5d1c66fc8f66571c883dfcc1ed0c5135,Chancha Via Circuito,1,6,False,True,True,True
artist_fce4791904975c58b130866a27703ff3,Chanel Beads,1,2,False,True,False,False
artist_4a005328c80c55758fb69dedce232f54,Chanté Moore,1,1,False,True,False,False
artist_f60577ffc23b5568812568878587bc4a,Charlie Mars,1,2,False,True,False,False
artist_eaacdb22f4015dd083175b7c16f2b6f6,Charlie Sexton,1,2,False,True,False,False
artist_ab4967c02e3c5073bb4b24b03def6c37,Charloux,1,0,False,False,False,False
artist_a84560463827530a9204e2908e60ac38,Charm School,1,2,False,True,False,False
artist_8b4c3ec583e2512596b994b927aaca2f,Chenayder,1,2,False,True,False,False
artist_b82601723ea4535b897361fd67f5bd61,Cherub Tree,1,1,False,True,False,False
artist_a4e91595829b5376acb08e83e56c6875,Chevalier Figure,1,0,False,False,False,False
artist_6e3452c1ac165981afdd805b6e5b9b78,Chicago,1,2,False,True,False,False
artist_4ccd6d40525c522b88c8db50661354bf,Child Seat,1,2,False,True,False,False
artist_bb1b865b66375eabab4ad04f26674e35,Chingy,1,3,False,True,False,False
artist_3264722d8f695bff9064bb3f6ff1222c,Chloe Tang,1,2,False,True,False,False
artist_75f33ec00ff55ac9a1dcaa0392457aec,Cholera,1,2,False,True,False,False
artist_64645138ac045600849fa736865a5a61,Chris Avantgarde,1,1,False,True,False,False
artist_f410b9d3f2285af0a5bc18db7e5c2934,Chris Farren,1,4,False,True,False,False
artist_16e72987b797579e80335a08d8c8e51b,Chris Housman,1,0,False,False,False,False
artist_fc78874eb50a50b78f453f6c3aac36b9,Chris Mitchell,1,1,False,True,False,False
artist_198fa25b7f6c5bf99b10282af7c17b2e,Chris Pierce,1,2,False,True,False,False
artist_0d3f530fe90e53f597bacc8d06070c39,Chris Stassy,1,1,False,True,False,False
artist_2a03910555c25d68941f42b7d1d1f98f,Chris Stussy,1,1,False,True,False,False
artist_e7f3daedd76f554ba67de2fcf2020d54,Chris Thile,1,2,False,True,False,False
artist_a139160e4d735819b6198aca5ab0962d,Chris Travis,1,1,False,True,False,False
artist_d6d5aad9658b57e683a5c4db291358c1,Christopher Cross,1,6,False,True,True,True
artist_46b91433048850e99b12d39702207cc9,Christopher Guest,1,1,False,True,False,False
artist_4dd14eaea6425d74b0521555256cfc8a,Chriz Amaya,1,2,False,True,False,False
artist_fd63470720aa5ad198aa9e1c86d27b14,Chuck Mead,1,2,False,True,False,False
artist_9a1995fa68c657a9b5061e22b1535dda,Ciara Elise,1,2,False,True,False,False
artist_44d93a15bcba5d4c8ad2c25652271488,Cigarettes @ Sunset,1,2,False,True,False,False
artist_48f51f042cec5b598fe6ec50e0e3aad1,City of Evil,1,1,False,True,False,False
artist_ec57d5031a3a578fb53da7110aa43ffc,Clipping,1,0,False,False,False,False
artist_72b6c623a7be5d1b8a755e0ba826a321,Closebye,1,2,False,True,False,False
artist_31f193fc38855e9e8d8a27891b114c52,Club 1BD,1,1,False,True,False,False
artist_c5595dbe193b5cae892a9c0f73ec9612,Club Oro,1,2,False,True,False,False
artist_3dede95fa03c571ca4ff961c76f38964,Coco Smith,1,0,False,False,False,False
artist_b5d10bfafcf7554fa371ceed56b9b567,Cody Fry,1,2,False,True,False,False
artist_6a94acb6ea3a5ae5bd47829c06993341,Cold Gawd,1,2,False,True,False,False
artist_f02ac280a0df57a3a0fabab13e73e317,Cold War Kids,1,2,False,True,False,False
artist_b2d45c3e1ca35aca9ff008b980e8ab70,Cole Chaney,1,1,False,True,False,False
artist_34c67b77c9f35647a2ba384e3b5528cc,Cole Phillips,1,1,False,True,True,True
artist_57fffa417c6e5b0ea7aba427cd76c33a,Colton Mortensen,1,2,False,True,False,False
artist_135f9ce42d06577795aa77b21f81f507,Comet,1,2,False,True,False,False
artist_c67939196986527d926a640577985f8f,Committieemen,1,2,False,True,False,False
artist_7d6bdfa604b75c24b2a3ca167332c700,Computerwife,1,2,False,True,False,False
artist_420b449236d15a51b96658b281507f1a,Conception,1,0,False,False,False,False
artist_ded09b5c54ef5567a6a0cc806eeea76a,Concrete Caveman,1,0,False,False,False,False
artist_b0ea9aeb08ec5ade97188ae477974d32,Connie Smith,1,1,False,True,False,False
artist_fbd2e0151d775c01b2492d1bfc8917d7,Cooking Class,1,2,False,True,False,False
artist_2a6c2631e54b54bf8432808e07b8cc02,Cooper Moore,1,1,False,True,False,False
artist_3549f13ceb39572bbafd5e188fbcdf5b,Copper Cross,1,1,False,True,False,False
artist_2f681a084acc5f87bd1f5f97f2470c59,Cordovas,1,1,False,True,False,False
artist_8b0153ac39df554685bb9ee722f0d5ee,Corey Fonville,1,0,False,False,False,False
artist_d3aa84e44c775a9a8b542c16b1241976,Cortex,1,1,False,True,False,False
artist_c63ef209ab6b539a8b6bf37ca50db23f,Cosmic Gate,1,4,False,True,False,False
artist_ad05dcff303a585c8bfb72ed90326d99,Council Hill,1,2,False,True,False,False
artist_0e186c0fff865e5c8dbacac555a04fd0,Countdown from Ten,1,0,False,False,False,False
artist_bcd89eb2ca4d55fe8762594d853d487b,Courtney Marie Andrews,1,1,False,True,False,False
artist_9879f4ae78d65771aad67e702bdedc8d,Coyote,1,1,False,True,False,False
artist_3b96cfa237ff572086a63f313b4143cb,Coyote Island,1,0,False,False,False,False
artist_f6dbb6d1555354eb8232bff5516b5808,Cozy Worldwide,1,1,False,True,False,False
artist_bffc35a28bd6504d99bec0e470b6fb05,Creeping Death,1,0,False,False,False,False
artist_3c9cb00b447751e285e47738eed212c2,Creux Lies,1,2,False,True,False,False
artist_7bf926ec95ba5c45a314edf04592534b,Crickets & Cicadas,1,2,False,True,False,False
artist_ee70b0215e515073aa2348a9f93a7981,Crickets and Cicadas,1,2,False,True,False,False
artist_7b76ff77b5035b7d9bb3d7887148b9c2,Crimson Glory,1,1,False,True,False,False
artist_a519e03e7f595845bca5f1233d3f3939,Cro-Mags,1,2,False,True,False,False
artist_97128bf637725f9285f435dbe444f426,Crooked Teeth,1,2,False,True,False,False
artist_1ff74ce43a865821a9167bd7d87b1075,Crossbreed,1,2,False,True,False,False
artist_64d0c177f95d5f7799eb44601efe6a2b,Cruz Beckham,1,0,False,False,False,False
artist_525800d6253c57b3bee8f897bf811db9,Cryogeyser,1,1,False,True,False,False
artist_36ab31a4e043547ba1ac90dc6879e884,Culprits of the Youth,1,0,False,False,False,False
artist_945d2551847e5c61916241017c007718,Cultus Black,1,1,False,True,False,False
artist_6c1d368732b451b8ae07519e771501bd,Cumbiatron,1,1,False,True,False,False
artist_866bc1e9dea754a18e8ad8feca4dcc72,Cut Chemist,1,1,False,True,False,False
artist_08b4e6cd692e5a8e8333adca8afd656a,Cut the Architect’s Hand,1,0,False,False,False,False
artist_b443f20a5ea05dd7af54de79b520f64b,Cyclops,1,1,False,True,False,False
artist_a82be3c54c025966a43773a809c64b06,D Bloc,1,0,False,False,False,False
artist_c7ccf7cde8be507b984c65ba71efd8ba,D.I.,1,2,False,True,False,False
artist_e198f99fd1165a15a0474796ed6c8a8f,D.K. Harrell,1,2,False,True,False,False
artist_2d025bab8ed4562584fc077a12d0ffb7,DARCO,1,1,False,True,False,False
artist_64dd0ef4fb615e8ba09fcb05a184731c,DGM,1,0,False,False,False,False
artist_cf8ae5d42f2f5097936fcee78f89a6c1,DJ Abby Dear,1,1,False,True,False,False
artist_821a40c981825021a67d237b6ae95bdd,DJ Ana Paula,1,1,False,True,False,False
artist_2a6e80200b74500180bb147be63c47c9,DJ Battlecat,1,1,False,True,False,False
artist_b5f1e032d75f50e18aa1bcf60741c365,DJ Boring,1,2,False,True,False,False
artist_ab3e87b79196550583bfc5d988ddbd67,DJ Cruz,1,1,False,True,False,False
artist_a5cdc241e2295249ac8ae698e1ef35dd,DJ Day,1,1,False,True,False,False
artist_dfac9a8bd6cf5a90a5303b083c365d64,DJ Envy,1,2,False,True,False,False
artist_993da63b9cc156d594ba63a9b65d632c,DJ Goldfinger,1,2,False,True,False,False
artist_5743f8c9bed75ca1b5f7e00ff656caf3,DJ Hard Cor,1,0,False,False,False,False
artist_ad7b17fbff6b529a9891054d844b7d9e,DJ Holographic,1,0,False,False,False,False
artist_1e54f2a442f952b9b56cbfe9a87868d1,DJ Indica Jones,1,0,False,False,False,False
artist_01f9004ee6d652a18aa0aac1ac6b0000,DJ Jesse De La Pena,1,2,False,True,False,False
artist_1527a9276e3a55a59bffbafd8443e1c4,DJ KN De Vila Velha,1,1,True,True,False,False
artist_180914882fb7504aa2b3389cf6c11934,DJ Max Gain,1,0,False,False,False,False
artist_f49a22264f165636922331a84a3cd815,DJ Quik,1,2,False,True,False,False
artist_321935baafbc5fbead9e39baf3bd1855,DJ Snake,1,2,False,True,False,False
artist_b36427805f1b5cda8312705937f42997,DJ Spinking,1,2,False,True,False,False
artist_d611a4ca28af512ea9c4514443fbfca9,DJ TUNJO,1,1,False,True,False,False
artist_e5269e7faed95e7bafde18e49079b5a1,DJ Vision,1,0,False,False,False,False
artist_b9915d28ca3855fdbad6a1d4abdd57ef,DOVECHLD,1,1,False,True,False,False
artist_0172d2ecde835ea4b33965e14712f07b,DREYA V,1,1,False,True,False,False
artist_fdd53a4f008157629f4ef8537b6803e5,Dabin,1,2,False,True,False,False
artist_cdd1e078fbc3505f85ea013a53988e17,Daft Punk Night,1,1,True,True,False,False
artist_5947a23d01235fc28b62494e9cc72b02,Dahlia Fatale,1,2,False,True,False,False
artist_9e7bcfca5d545a7b802f52757eb5d675,Daiky Gamboa,1,1,False,True,False,False
artist_ea553135e1115d399ce51b53b47f73d9,Daisyhead,1,2,False,True,False,False
artist_a2fdb55e336257f983df377a4d6de663,Damien Escobar,1,1,False,True,False,False
artist_44f625b011e05f4099237e0d768f2b56,Damnation A.D.,1,0,False,False,False,False
artist_539b4c52683e5c338c39ee7fa7aa8841,Dan Miraldi,1,2,False,True,False,False
artist_6c8ec748e4c75b71afccfc15d521ddc4,Dana and Alden,1,1,False,True,False,False
artist_7df59455db76540f9e53d34878c4b645,Dancing Plague,1,2,False,True,False,False
artist_edfc1822b32b59e6a4cc272f46e4c634,Dani Flowers,1,1,False,True,False,False
artist_94d6e2e87e25578d904b4c9e1f459398,Dani Toro,1,2,False,True,False,False
artist_07728514d86a544fb4d6e784f6b7a51f,Daniel Avery,1,7,False,True,True,True
artist_60d07eb03d39526389d9b82ff6bb8bee,Daniel Leggs,1,1,False,True,False,False
artist_be7d12f6b88757afa90e2ddf39b3c557,Danielle Nicole Band,1,2,False,True,False,False
artist_18ec9d44e0db521eada2b3def2b9f5fc,Danna,1,1,False,True,False,False
artist_001e4169496c559c9976a5c20835ec75,Danny Avila,1,1,False,True,False,False
artist_fa15e2a3eb875b9ea3876bf7cada53b2,DannyV,1,1,False,True,False,False
artist_5deaf01a532156d9a0dfccb454eecc36,Dansyn,1,1,False,True,False,False
artist_dba3935befec5a2e86701679b11a16fb,Danzig,1,2,False,True,False,False
artist_8200c724d3f7595b9ebcd644995b397f,Dari Bay,1,3,False,True,False,False
artist_d7bd3a2322a558ae9161afa3d7ceec7c,Darksoulthug,1,2,False,True,False,False
artist_29086b9757f35fddb85bbb185ee77258,Dash Berlin,1,2,False,True,False,False
artist_6ded802eb7105d209cdc3e8438a5794b,Dash Rip Rock,1,2,False,True,False,False
artist_8da71d290cdc58ea8297a957890b0e7f,Dasha,1,2,False,True,False,False
artist_6151b05d6a9c545a908b3cbda69f2acb,Dave Heatwave,1,1,False,True,False,False
artist_c3831dffa00c583c96706be39d1fac7d,Dave Hinrich,1,1,True,True,False,False
artist_67bb2305ad8f58b9858597d81acf822f,Dave Stryker,1,1,False,True,False,False
artist_2b8f9fffa20a5e9e8d7a4b80e04895dd,David J,1,1,True,True,False,False
artist_400ee586ebcf55018c7a568c5a1814cf,David Jame$,1,1,False,True,False,False
artist_1a516e02fd6556b5829c69f00c8a9737,David Lohlein,1,1,False,True,True,True
artist_175ef60db7fc50a8906a8784fca68e4d,David Löhlein,1,1,False,True,False,False
artist_c13a1b99035a5f8aa410bacd3fc7ad44,David Nail,1,1,False,True,False,False
artist_c345a5ec7db35f85b9fe7d6ea3063e9e,Davy Knowles,1,2,False,True,False,False
artist_765f44faeca757768f178a4ae2a887a3,Dawn of Victory,1,0,False,False,False,False
artist_b4340c08b2075c8bb3ff2332affdb5b2,Dax,1,2,False,True,False,False
artist_70b0b22d86af5e348b07c9260e43a9d4,Dayshift,1,2,False,True,False,False
artist_426d06516b535ed28a50c11f16a91b64,De La Soul,1,2,False,True,False,False
artist_2dc15a24c6ed571bb4ef797a780c1c0c,Dead Animal Assembly Plant,1,2,False,True,False,False
artist_80d38b4de5f45f8fb57e070e066dfe60,Dead Kennedys,1,2,False,True,False,False
artist_df142907d2f0508bb2266df3dc791ea1,Dead Waiter,1,2,False,True,False,False
artist_3ba196dbdfd65413afe9837babd2213b,Deadlands,1,4,False,True,False,False
artist_7e61ebd363ad533c8d612df4fc478f5a,Death By Stereo,1,2,False,True,False,False
artist_29203c7ec97e5ad1908fb2f61c39a036,Death Cab for Cutie,1,2,False,True,False,False
artist_bc9016e4cfe35f92b653eb7e2349d62e,Death Lens,1,3,False,True,False,False
artist_fd025ee4095354cfbd4a2635b5ee26b0,Death Valley Girls,1,2,False,True,False,False
artist_992790b6a67057219d9a00d1aa246aba,Deborah De Luca,1,2,False,True,False,False
artist_b6171d1caa615ce28e74647f0d2bd43d,Decoster Universe,1,2,False,True,False,False
artist_47c12f8dfb945e3fa366b1b10d1b6233,Dee-1,1,2,False,True,False,False
artist_bcb8cd9def0858129dce7031c9a9e138,Deerhoof,1,4,False,True,False,False
artist_5c05362b056f5de486124187c52cd9ac,Defeated Sanity,1,3,False,True,False,False
artist_bd6ca1cdddef5b00be4d4d59030557a9,Delivery Boys,1,1,False,True,False,False
artist_a1850dd9677d5ae98d07cd3348aab368,Demifiend,1,1,False,True,False,False
artist_c0b90002d1b854819a9a8639c4bdac1d,Denitia,1,2,False,True,False,False
artist_403bbfa00e9257bdbf38e9980a3e4f8c,Descendants,1,0,False,False,False,False
artist_8698ac31b4495e59a29b0a23ef2125ca,Desert Hearts,1,2,False,True,False,False
artist_68f87becda5455a1b47e1b5073fe56cb,Desiree Roots,1,0,False,False,False,False
artist_047e67c30e9853d1b8d571e6c4f9b9f0,Dess Dior,1,1,False,True,False,False
artist_a3c5301d1e8453ae80276fcc75075795,Destiny Bond,1,1,False,True,False,False
artist_aa42e1a91ae55b18afdc8da21f6155f0,Destroy Lonely,1,1,False,True,False,False
artist_4a411a49c09b5d9097f35a835dc01cb0,Deux Visages,1,2,False,True,False,False
artist_456664c9c0b3562ab568478291212ae8,Devault,1,1,False,True,False,False
artist_61213a38ec1f560492edba529ebc6158,Devin the Dude,1,2,False,True,False,False
artist_d032ffdc933150c0a2b248efe7cb3d31,Devon Gilfillian,1,4,False,True,False,False
artist_7a25d3834c9d58bb93f1b44a0f8c0cda,Dexter and The Moonrocks,1,2,False,True,False,False
artist_2124d1ef5b6d5a6ca84a3a22e5c2e7a6,Dhyan,1,2,False,True,False,False
artist_5f4ab56ce472542e8e2bd190284ad6c6,Diamond,1,1,False,True,False,False
artist_3bd3561c0f2a577e9418d0e94fa82f2e,Diamond Cafe,1,2,False,True,False,False
artist_9c221815e0d558648d21f50d1e1d9958,Diamond Eyes (Tribute to Deftones),1,0,False,False,False,False
artist_e3f68ff6a47253c58d18f82d66dd5a64,Different Font,1,1,False,True,True,True
artist_84f5d5e15a815ff0b3dff207ac377a3f,Digital Underground,1,2,False,True,False,False
artist_53669c8f29be57da86e6dbe3cf9436e1,Dillstradamus,1,2,False,True,False,False
artist_49e30ddc479759259c7e450128721941,Dim,1,2,False,True,False,False
artist_840a3dadace05b2f913918b3ba3fb2d1,Dinosaur Jr.,1,2,False,True,False,False
artist_632a17e936e45612b9e72a0ac9c46a43,Dirty Guv'nahs,1,6,False,True,True,True
artist_e727c62f9f6c57c6b2ee89686a258c3a,Dirty Heads,1,2,False,True,False,False
artist_6801790d28c25cbcaf03e63144cb4e58,Distant Matter,1,1,False,True,False,False
artist_e6d1b1fff41254f58bc9cf1adb3bcbc8,Ditz,1,2,False,True,False,False
artist_bfd5d3a0420c5c129dd9659b41da6dc5,Dixon,1,2,False,True,False,False
artist_7a170e893ccf546b96cd2728d0a200ed,Dizgo,1,3,False,True,False,False
artist_5eec1f6beaee58f2aaa02829647a4cdb,Do or Die,1,2,False,True,False,False
artist_d1968820c7495d92bc2426eb9fbab056,Dolly Ave,1,0,False,False,False,False
artist_c48232eef8305c7fbfffdc4263077dc3,Domas Žeromskas,1,0,False,False,False,False
artist_8bb3793342395f818125bf0ccf0b0a34,Don Ready,1,1,False,True,False,False
artist_2320ec93bbe05fc59a853397e79b77f9,Don Was,1,1,False,True,False,False
artist_9a39506c3b9e58df834fae658d1b0e01,Donnie Vie,1,2,False,True,False,False
artist_5a0c398a09f859988a6ec3da570fd6c9,Donovan Woods,1,4,False,True,False,False
artist_d5708aef46525a7c8f6c0e4f04bd2d3b,Don’t Panic,1,0,False,False,False,False
artist_ae9b5994945a57c2956d7e0e028fce45,DoubleJack,1,1,False,True,False,False
artist_b54e6fce430852b8afa1cf3a4dfc45b5,Dovetail,1,2,False,True,False,False
artist_38ee50f095a052e18b346e0e57075900,Down By Law,1,2,False,True,False,False
artist_be2198259eab555face9846ba406b657,Dr. Fresch,1,2,False,True,False,False
artist_03751b798039554ab65c886d50b57a82,Drag the River,1,2,False,True,False,False
artist_b41c064247e052c38464c4078a728a54,Drain,1,2,False,True,False,False
artist_f0388f316cf75daaa3b3681a2699cf80,Drama,1,1,False,True,False,False
artist_6ad0b737f4cc5817afa2c9d770870767,Drayton Farley,1,2,False,True,False,False
artist_b114ed1a1d975565bfd0c434118e97d5,Dream Phases,1,2,False,True,False,False
artist_e8d599f1c33f5ee4bd0d55dc8ce7e7eb,Dream of Kore,1,0,False,False,False,False
artist_d54f844806bb59e9a3f0ae4a3c3fbdd3,Dreezy,1,1,False,True,False,False
artist_4cb30097e77f5bf2aeb0b778cb0d1091,Drew Landry,1,4,False,True,False,False
artist_cc4823f27f9d5660b4eb5381ea6169fc,Drink The Sea,1,1,False,True,False,False
artist_ea012bf6560f53008e49597298db3978,Duane Betts,1,2,False,True,False,False
artist_6b307eaf22cb5825a485ee23e7789996,Dueto Voces del Rancho,1,1,False,True,False,False
artist_e6dbb4c0daa35c988b26fefbac338fe8,Durante,1,1,False,True,False,False
artist_701a161a69d655f98ffb7f0eb96935ab,DustBowlChampion,1,5,False,True,True,True
artist_49db9cde74ff572f9aaff8ab36f65a06,Dustin Lynch,1,1,False,True,False,False
artist_504e785dca6b518bb6ed69e19e4ef55f,Dwele,1,2,False,True,False,False
artist_d1b25bdbcd325b17a7174c0a0b0ccca5,Dyego,1,1,False,True,False,False
artist_0eff037a9613553aa71df3d9c6c2803e,Dylan Reese,1,0,False,False,False,False
artist_f0ffde644dbc5c0087bbfe92a0957a1e,Dylan Scott,1,1,False,True,False,False
artist_41ea74490e215f30a598de1907c35123,EJ Jackson,1,1,False,True,False,False
artist_4d946fa9f6955a5e8716022a2b798cb5,ELIAS,1,1,False,True,False,False
artist_a549a021c8f85b9c8b5d980e9b33873d,EMMMA,1,2,False,True,False,False
artist_1510367a1d6d50ea90991bc1fcb8849d,Early James,1,1,False,True,False,False
artist_37edcebfb3155592a8a93ba1581bf033,"Earth, Wind & Fire",1,1,False,True,False,False
artist_c4160967585b5f259013f4f03b407193,Earthtones,1,2,False,True,False,False
artist_2c196f0384e8504d8b2f2b5a13fb119f,Easy Honey,1,1,False,True,False,False
artist_ae64a1e24d865f15b0cd286fdfd37d1a,Echo Bloom,1,1,False,True,False,False
artist_7f563c54c11c55a194899e9f2f513e4e,Echolalia,1,6,False,True,True,True
artist_854deb20fcb653c7b242195d064c5eea,Eddie Sundra,1,0,False,False,False,False
artist_60b6b51f89cd5b81887a1bd453a0cd4b,Edith Marquez,1,2,False,True,False,False
artist_62013022136e5c4da9a93779d8360d9f,Edward!,1,2,False,True,False,False
artist_0c5540c75738550a9a69406ed8af8ab3,Edén Muñoz,1,1,False,True,True,True
artist_f5b7a668e58f5e37ac690d9e4834da0e,Eihwar,1,2,False,True,False,False
artist_50b38690747b594f940359f11db68003,El Lapiz,1,2,False,True,False,False
artist_56118045123d5a3aaf764dc05322280f,Electric Avenue - The 80's MTV Experience,1,0,False,False,False,False
artist_75708181949f5d5e96fc805c38cd8861,Electrik Seoul,1,1,False,True,False,False
artist_7a7809fe552e5a0a9b48be18ba3371df,Electroluxx Pride Party,1,0,False,False,False,False
artist_644fccaff4135e46ad4b8747703bbe4a,Electronic Orchestra,1,0,False,False,False,False
artist_a2a491138948535b9b7f3a4cb968f70d,Elephant Stone,1,2,False,True,False,False
artist_057685cf2f125ed08814ccb5d1148b05,Eli Brown,1,2,False,True,False,False
artist_055a3122dfc752769193ffc08ab707b0,Elif,1,0,False,False,False,False
artist_a2559c90efc85b7f80e9c6e8647b0366,Elijah Johnston,1,2,False,True,False,False
artist_d9a39b08b1c451e79b573989d8b482a0,Elio Mei,1,2,False,True,False,False
artist_a2d21f3a23bf59ce99b88b53bf99c749,Ella Can’t Save You,1,0,False,False,False,False
artist_a099b077583958ab85e49a974626d8d8,Ella Rosa,1,2,False,True,False,False
artist_b5c3bf8bf3e65df3973d9d153b2677be,Elliott Skinner,1,1,False,True,False,False
artist_0f612c71bcbf552483ba45432aaf54d7,Elmiene,1,2,False,True,False,False
artist_457a697763e6560583b109f6059f08fc,Elsa Nilsson,1,0,False,False,False,False
artist_b47af7d62f8e5417899916958cb31944,Elvis Costello & the Imposters,1,2,False,True,False,False
artist_5cfc6d933e335ac98a015064c2052660,Emi Sora,1,2,False,True,False,False
artist_c8a4398d0242566c940d141755e166e2,Emily Bear,1,2,False,True,False,False
artist_ff56bf6d4edc5c6584bfbe10dfd17481,Emily Frembgen,1,1,False,True,False,False
artist_06af35c3136f54aba6be7d1300e2bbac,Emily Scott Robinson,1,2,False,True,False,False
artist_d851b619b2f25fc08cfff8fc9b3afa0d,Emily West,1,1,False,True,False,False
artist_9fbb3c237ef75ed0a3ab3b05e7d6cf98,Emma Harner,1,0,False,False,False,False
artist_31d7150d3b135e4d8462c2b4da040be9,Emma Ogier,1,4,False,True,True,True
artist_92bd77c310e9534dba43893b75825450,Emmit Fenn,1,1,False,True,False,False
artist_dc5e7079ef3c509c9bcdc4ea0b8966ff,Emperor X,1,2,False,True,False,False
artist_8fc835889fa85c498789b1128b6f1885,En Vogue,1,4,False,True,False,False
artist_b720961ae6ed5999ac8479c44c849769,Erameld,1,1,False,True,False,False
artist_ced3cbbe760e55338e363eeacd7672e6,Eric Benet,1,1,False,True,False,False
artist_bc82441b1fc65b0987ea8c98e1960f20,Erin Fox,1,0,False,False,False,False
artist_3e84f0d9cf085a3ebdcd74fd7afddde9,Erin Rae,1,1,False,True,False,False
artist_fbff659a3f1254ee8b153936b8d2ca55,Ethan Regan,1,2,False,True,False,False
artist_5a5e4c0674025ef0ab586eaef9902a42,Ethiopian New Years Celebration,1,1,False,True,False,False
artist_92ab40451642521ab3716e875d1c3ae8,Eva Croz,1,2,False,True,False,False
artist_a6b264cb0f5158a8b934da23e5c0462c,Evangile,1,1,False,True,False,False
artist_9216b21019915559a427842f2b61df9c,Evelyn Champagne King,1,6,False,True,True,True
artist_96a2fa9b48165035abd25413a993c7e1,Evelyn “Champagne” King,1,2,False,True,False,False
artist_df31c52f13665a90a815ddb0ee79e1ef,Everything Everything,1,4,True,True,False,False
artist_d1abfb3762e450f394119e458d3d96ab,Everything Yes,1,1,False,True,False,False
artist_cad2405181af5b47933a4973460104d3,Evil Empire – Tribute to Rage Against The Machine,1,0,False,False,False,False
artist_a9dcb366227b5b9dbd780273e086d8dd,Executioner,1,0,False,False,False,False
artist_c33e3d416c0f50338bb78cbe2047c977,Exit 18,1,0,False,False,False,False
artist_39f46e5506345fd7b0f819a4af55ae60,Exposé,1,2,False,True,False,False
artist_2a55d5348d205f6ba9a84b63a947a725,Extreme,1,6,False,True,True,True
artist_35b9d4a3024d529fba4f40ffc8790aeb,Ezequiel Arias,1,1,False,True,False,False
artist_2b23a3b9e16a51dca0972611aa268694,F.Silvestris,1,1,False,True,False,False
artist_0576928819f75d7ea6147588ebf6e53a,FEELSGOOD,1,2,False,True,False,False
artist_fdd60c476ef45ab3bf02ab74f310a281,FEM&M,1,0,False,False,False,False
artist_80b4e3b23107539a8b03ca320ddcba6e,Fabiø Guerra,1,1,False,True,False,False
artist_65960beb630551e7ae32811fab05229b,Face To Face,1,2,False,True,False,False
artist_46a53906ed89599bb6d7fed9e23d0ca0,Faisal Kapadia,1,1,False,True,False,False
artist_848a4a57d4c65c4e837c83b1f6d74e26,Faith In The Glitch,1,0,False,False,False,False
artist_41ccadda9b8b5feab9bbe79210b8bad0,Farayi Malek,1,1,False,True,False,False
artist_ad0b048859f75334ac8daddcb4fc509a,Fare Evasion,1,2,False,True,False,False
artist_e106744edc1059b4bd839db854dcd6e7,Farruko,1,2,False,True,False,False
artist_28adb0cf230c5aadb8a62398ca970f45,Fat Joe,1,2,False,True,False,False
artist_35baad9a1e465fa8b9d1305c994c16ba,Favela Encantada,1,1,True,True,False,False
artist_75df1e486c19557ea56e08e2a64fbdc7,Faze 3,1,2,False,True,False,False
artist_096aa5d2689b52efa63b68849907df5e,Fedge,1,0,False,False,False,False
artist_d392bdc2c3295d9fb1fc5d1ea4eee773,Feed Me,1,2,False,True,False,False
artist_4a8e3d8e70ad5dee8689dc96c1679f82,FendiDa Rappa,1,1,False,True,False,False
artist_8f68e6a142ca536ca44df09cdb980e5a,Fenix Flexin,1,1,False,True,False,False
artist_8e113aa8ca7e5f16b03c4a3873f2a627,Fetcher,1,0,False,False,False,False
artist_8c4c3b8cf23f5aaa9000b1f88a04c542,Fiddlehead,1,4,False,True,False,False
artist_1e718e1993f050c7aafaf34445ebe2aa,Field Cate,1,2,False,True,False,False
artist_a4267f07ece55dc69bea66e1fdd033f0,Fifteen0eight,1,1,False,True,False,False
artist_04b59989dd8f53f0ba8868944597810f,Finally Balanced,1,2,False,True,False,False
artist_f1403898728d58dfa684ed511e3bd100,Finn Wolfhard,1,2,False,True,False,False
artist_ee88140eab3458a9bd558c3f432b22a4,Fires in the Distance,1,1,False,True,False,False
artist_9df543c0b2e0598588278f345cc51f79,Flipper,1,2,False,True,False,False
artist_7f4ecc7ea5695c28a4009bc74fd4de1d,Florence Road,1,2,False,True,False,False
artist_bc70bf6db6b25029a6e7ec79b112cd06,Flosstradamus,1,2,False,True,False,False
artist_8e0346c6ee2e57898e7f013f5b80d721,Flowerbomb,1,0,False,False,False,False
artist_81276dc87a17535b95ae7e44df8e00fa,Fontaines D.C.,1,2,False,True,False,False
artist_9af1f072683f5db8b631b00ebac0cee1,Fool’s Game,1,0,False,False,False,False
artist_1f047c9e66fb51b6a0dab678c2b94d81,Forfeit (Chevelle Tribute),1,0,False,False,False,False
artist_635741d46e265e52b6c481b353de2e63,Foster the People,1,3,False,True,False,False
artist_4292d83f1d975323b1765f0cbff5fed3,Fox N' Vead,1,3,False,True,True,True
artist_536e40d02c0c5857b678adfb706f3586,Fox N’ Vead,1,1,False,True,False,False
artist_6dee11c722e55f4e8fd7d31f1855f610,Foxy Shazam,1,2,False,True,False,False
artist_eea9f8667ece5fe2bb72e28f33b874d3,Framing Hanley,1,2,False,True,False,False
artist_4af75b7268455b29be5f0798ca17545f,Franc Moody,1,2,False,True,False,False
artist_f2ccd4ee903451dd8ba2f0e6be258a12,Francisco Cespedes,1,2,False,True,False,False
artist_224e26e0248f5b1794375e4ed935ee10,Frank Solivan and Dirty Kitchen,1,2,False,True,False,False
artist_68082542c7bd592aa3d267fdfacbefcc,Franky Rizardo,1,2,False,True,False,False
artist_175b39af642855e383444e2c4edd8453,Freezepop,1,2,False,True,False,False
artist_39355c12318e5c3aa0249eb08e4ee284,Friko,1,2,False,True,False,False
artist_14561ff09711547884e020593ac912e6,Froggy,1,0,False,False,False,False
artist_a30c44ebb40b5016b4ce58251d1b7beb,From Ashes To New,1,1,True,True,False,False
artist_3207ed8484055ebca85764a9a6e4772a,From Indian Lakes,1,2,False,True,False,False
artist_9d13682ed462568abea6e53fe47250ea,Frost Children,1,2,False,True,False,False
artist_be3c06620bc55432a74215ddbddaaff2,Fruition,1,6,False,True,False,False
artist_517fd9ceb02c53e4b1e7f7b94f3f64c3,Fudge,1,2,False,True,False,False
artist_106ace807e8954aab8207b1d76daaca9,Fuego Fest,1,2,False,True,False,False
artist_db89358c52455e1e88055d83bd991638,Full Bush,1,0,False,False,False,False
artist_6477f0e2350b5c7aa10012b8d951524f,Full Nelson (Tribute to Limp Bizkit),1,0,False,False,False,False
artist_c1f529a78471596197dc5c2f9cb2d5cc,Fuming Mouth,1,2,False,True,False,False
artist_6c26af4688c95ad58290929596ee24f5,Funebrarum,1,0,False,False,False,False
artist_dc0162b846d75a7190e32c3c76dc09ac,Funk Freaks,1,2,False,True,False,False
artist_b818353faec2555f9f4072e2b9a5e139,G Herbo,1,2,False,True,False,False
artist_8f46eeb0cb9853cdafd4070b4e8014fc,G-Eazy,1,4,False,True,False,False
artist_c2ec09bdf65450639de6b045ac96d0ef,GAWD,1,6,False,True,True,True
artist_41bd28ebfd3c57a8a4535e1a959d0578,GENWUNNER,1,2,False,True,False,False
artist_e109781be7465cdc833f8477e31f3568,GO PUNK YOURSELF!,1,2,False,True,False,False
artist_3a17ccb284b95874b97a87c2ee5ea4d0,GSP,1,1,False,True,False,False
artist_9c0d3f72322a5cfd8d521f06a74a9a66,GUPPY,1,2,False,True,False,False
artist_7316a7831b5b5fdfaa8e40837d27f9b0,Gabby Barrett,1,2,False,True,False,False
artist_5261cea07b7e52e9af9b5c587fbfac86,Gabe Parsons,1,0,False,False,False,False
artist_0b6bf936f49351909801028c296f52e5,Gable Price And Friends,1,2,False,True,False,False
artist_7db5fd6c5b55592192729ff090275e1d,Gabriel & Dresden,1,2,False,True,False,False
artist_b6caa88466ed5f72b7e8e909795e90a0,Gabss,1,1,False,True,False,False
artist_5dee21f5a6a152ca9459ed42915b5cc5,Galcher Lustwerk,1,1,False,True,False,False
artist_c452e26f4067517fa234d35add4394f5,Gallant,1,2,False,True,False,False
artist_8f8610b0968d5a719ec383b5f1ca0c15,Ganja White Night,1,1,False,True,False,False
artist_cabf243501a9566f849b02c623664ec9,Gannon Fremin & CCREV,1,2,False,True,False,False
artist_d788777ea1d1564d8a4d4ce3f4f9df81,Ganser,1,2,False,True,False,False
artist_b0db16f8ac5a5771a7e8413e4192d24b,Garaj Mahal,1,1,False,True,False,False
artist_5585574db7815b83964660a915cbc43b,Gareth Dunlop,1,2,False,True,False,False
artist_575b0268e3e454dbabcdc3131197dd99,Gary Puckett,1,2,False,True,False,False
artist_132cd93a8eaa5c5d9aac09fefea593de,Gasket,1,1,False,True,False,False
artist_f2b2c016756b56c3ab97b79b300522ff,Gayathri Krishnan,1,2,False,True,False,False
artist_0ff4ad158fe95cacbec5eb61367bc31c,Geoff Rickly,1,2,False,True,False,False
artist_4e674d5b9bc7557f98cae7720e1096d9,Geoff Tate,1,2,False,True,False,False
artist_20adeda5ed225a7082a4e13d69622aac,Georgia Harmer,1,1,False,True,False,False
artist_28e1d0f9bb685fb793c2a9d3a1c8c803,Getter,1,2,False,True,False,False
artist_8b163806d3855f9198fdfb5cbb1e8c9e,GhostDragon,1,1,False,True,False,False
artist_400d6b8f4e385da0aa866d0b452e0e8f,Gift 4rm God,1,0,False,False,False,False
artist_43e9476af7aa5cca97cacfc13b6e10b2,Gigamesh,1,7,False,True,True,True
artist_85100e3002c652a1ae3a33e306f370c4,Gigi Masin,1,1,False,True,False,False
artist_fef405ce1e2c5e94a15d90fcc8b1b389,Gil Grand,1,1,False,True,False,False
artist_7faaeb5940ba50e99d170a6e686dfc9b,Ginger Root,1,2,False,True,False,False
artist_b85928d20f345d21bc0c6135f1e4b253,Gipsy Kings featuring Tonino Baliardo,1,2,False,True,False,False
artist_bc9296e053cc5d81a42cd99efb646793,Glasear,1,1,True,True,False,False
artist_a5125eef024f59f2b9ae2a9dd0fa2145,Glass Cannon,1,1,False,True,False,False
artist_feff23749c7951efab1b219c64b630db,Glass Edge,1,2,False,True,False,False
artist_0f98a9c798ad59a49ef5925008e66410,Glizzy Glow,1,1,False,True,False,False
artist_6c52570743db55e58eae6006da1885be,Go Betty Go,1,2,False,True,False,False
artist_ee7ff048c98e54318dbd22750bda35c7,Golden,1,2,False,True,False,False
artist_a9784cb75c1757bf88bd7a180fc7cfa2,Golden Cats,1,2,False,True,False,False
artist_eaadd411810553cf859b57532eb8cff2,Good Terms,1,2,False,True,False,False
artist_d61480ecd5665edea6a326f99a391112,Goodbye June,1,3,False,True,False,False
artist_95a013a32907566e8b99605c194a5039,Goose,1,3,False,True,False,False
artist_049992c9ce1c549583181588ac3d7784,Gordon Sterling and the People,1,0,False,False,False,False
artist_52702c9a905359bd9f0577770d3ffb05,Gorillaz,1,7,False,True,True,True
artist_12a378dfb5c1517d8ad45a7c6d9adfcf,Goth Babe,1,8,False,True,True,True
artist_43dc340cb22a5acbbdcf3f31320d5edd,Gov't Mule,1,2,False,True,False,False
artist_de1b216e87e45a81bc2489c8d135e9a3,Gracie Abrams,1,1,False,True,False,False
artist_4b4cc7ecdd1b51d38cfe45d9d00acc39,Graham Barham,1,1,False,True,False,False
artist_a2318c3e1d8250e4a2a0c692dff51128,Grateful for Biggie,1,0,False,False,False,False
artist_95839d6d73fe5340a6ec3f251a3dcb74,Gravelroad,1,2,False,True,False,False
artist_50dadfad06035c0e8d799ed40baa816a,Grebe,1,0,False,False,False,False
artist_a9d5eac0e20059aeba888657e780f3ce,Grivo,1,2,False,True,False,False
artist_dba3076a08cb58f2a7547e9f5e8201b0,Grizz CLL,1,2,False,True,True,True
artist_76c50a52512758d7acc530905407e3ee,Grunge Night,1,0,False,False,False,False
artist_473858d061aa50b6922830e2752391eb,Guardin,1,1,False,True,False,False
artist_b11d482402565be4874a84ccc544ed19,Guitar Center's Drum-Off Grand Finals,1,0,False,False,False,False
artist_3cd78a590d6d596495db0343876bf793,Gunhild Carling,1,1,False,True,False,False
artist_8ae206479bda50f79e530022aeb10ac4,Guns N' Roses,1,2,False,True,False,False
artist_f18bc9b0311351bc9a5fa1b1b420c38c,Guordan Banks,1,0,False,False,False,False
artist_8da92db94fc857e4973d00c008e060ba,Gustavo Dudamel,1,2,False,True,False,False
artist_a9dba59006ff58448b7fa2164d4de009,Gut,1,0,False,False,False,False
artist_6275e79b20a55704b23f70d555a05f96,H2o,1,3,False,True,False,False
artist_5a45e3e1f6bf5a44baf851721e9aad97,HANSON,1,2,False,True,False,False
artist_0ade82bf11565615be7b55f162e0dd02,HAVAN,1,2,False,True,False,False
artist_10d952fc58fd5d9fa542247bc8160e90,HIGH SOCIETY,1,1,True,True,False,False
artist_546a9e612db15c558e75a9d69b095707,HIT&RUN,1,0,False,False,False,False
artist_139fc1d9ab215ba7acaa71dc0a3eb3e5,HOLY WATER,1,1,False,True,False,False
artist_b6fcc2672d1257aca5a1c7fb907c668b,Haiden Henderson,1,1,False,True,False,False
artist_5e0527deab1657deb1387fb95fbabade,Hailey Picardi,1,2,False,True,False,False
artist_eabdb48ad4b65ce785fa900f2e6f93cb,Halestorm,1,2,False,True,False,False
artist_63b188ba615d58b8bf2c5552d328708b,Halloween with the Nerds,1,2,False,True,False,False
artist_8d94e57312cf5e7b9507a512540a66a0,Hambear,1,2,False,True,False,False
artist_3b7c70286e285594a6d0e2452bfaba7e,Hamro,1,0,False,False,False,False
artist_61db9ea5f17051f48648be1eb7852a19,Hana Eid,1,2,False,True,False,False
artist_c2327f54f3a05f93abf2caf77b1adc1d,Hannah Harper,1,1,False,True,False,False
artist_7f00c75cec755b4fac5a8d39e6093bfc,Happy Daze with Costa,1,1,False,True,False,False
artist_a5a450063379532fb641b3d3cb3bd147,Harper,1,1,False,True,False,False
artist_68a635db3c2358288b8190931b390bfb,Haruomi Hosono (細野晴臣),1,0,False,False,False,False
artist_1162a90a02195137b8a2bb696dc0cef2,Harvest Moon,1,2,False,True,False,False
artist_08ee6e924a335938a9cf843376119ff4,Harvy Valencia,1,1,False,True,False,False
artist_53a11c7480535dd0abf6c5cb64b1b379,Hashpipe: A Tribute To Weezer,1,0,False,False,False,False
artist_83c803cf462f53409ad811543615c0a1,Haste the Day,1,2,False,True,False,False
artist_df73a6a63ed3513e93e766540bf622bf,Haywire,1,7,False,True,True,True
artist_1012c442bbef5bbc85e350f822565ba7,Headboard,1,0,False,False,False,False
artist_afcfaaa6b7b357eca8421ede0c7ccf72,Heathen,1,3,False,True,False,False
artist_1b29fc4c42005fa0889e529cc4199a1e,Heilema Gray,1,1,False,True,False,False
artist_a2f5da6c253b566badc54cb89cc03cd8,Hello Vee,1,1,False,True,False,False
artist_494bd6ac71115704803f24849a9ec95d,Heno.,1,1,False,True,False,False
artist_4d27d45b4e8452c4925086a09596e514,Henry Morris,1,2,False,True,False,False
artist_57f1f739a75d58f69490570da1c9167d,Hernan Cattaneo,1,2,False,True,False,False
artist_411d369e19525f279a2ebeac11621c19,Hernán Cattáneo,1,1,False,True,False,False
artist_86c91e8abfd85f4b9ba4e3e1ca1ea27d,HiTech,1,1,False,True,False,False
artist_aba606d2a307569e8a64b568b293e47f,Hidanny!!,1,2,False,True,False,False
artist_64e00a9f9ceb5d4591353aa41c38923f,High June,1,2,False,True,False,False
artist_94d148b452ec578b92f66ce03dd2bf49,Hill House,1,2,False,True,False,False
artist_9e586795f6065c929d4f2684afb179a5,Hinayana,1,2,True,True,False,False
artist_e14860dc7e5a5d2a905a0384259451f0,Hinder,1,2,False,True,False,False
artist_4de6f5e775e05924a5a52409de73b70a,Hiroshima,1,1,False,True,False,False
artist_6439bd9b0b7a51a5849c1b1818cab541,Hollow Men,1,0,False,False,False,False
artist_6b0fe0823872584aade0736156260ec5,Holy Wars,1,2,False,True,False,False
artist_6fb353ba54115de4a0133e24d7e59093,HomeBase,1,2,False,True,False,False
artist_24ea4c2c97d058f5becdf1ef8a348010,Homeshake,1,4,False,True,False,False
artist_31404f1e3789538ab74ba441a5e758c0,Honest Mistakes,1,2,False,True,False,False
artist_24b4d9c3e4a255f3a2157072a0a88176,Hoobastank,1,2,False,True,False,False
artist_19cc8eec6e1153f6936caac38bb56fc4,Hoodless,1,2,False,True,False,False
artist_b2a1fe550ef7527b82cdeb3ecf16e389,Hoodrich Keem,1,1,False,True,False,False
artist_96e7c9142fdc5bc19e18b789fcd79706,Horse Vision,1,2,False,True,False,False
artist_f51a0fea4f765e9c8b6a13d06acba9ff,Hot In Herre: 2000s Dance Party,1,1,False,True,False,False
artist_0426985509e356979316443afaf1904d,Hot Tawdry,1,2,False,True,False,False
artist_f8bbd4605c0157b8886107e2e73d42a9,Hotel Fiction,1,2,False,True,False,False
artist_4b2742a7efa95d598eb72631963a4353,Hotline,1,1,False,True,False,False
artist_04a0a617c6d359cbac4bc5b47f72ef61,House of Burlesque,1,1,False,True,False,False
artist_37f939ae05a05ab4ab0f344d30f2cf41,House of Heavy,1,1,False,True,False,False
artist_2a9fe58ef8945d9d89c8a9f3a2733ac9,Houses of Heaven,1,7,False,True,True,True
artist_eebf60dbc98251b4b8bf003649ea6c0a,Howard Louis,1,0,False,False,False,False
artist_a3273b97f2b358b9a016033b336642f4,Humble The Great,1,1,False,True,False,False
artist_26423f7087c5543a885c24dba732c729,Hunter Hicks,1,2,False,True,False,False
artist_1ba7f577577a507cb01435393a6406b9,Hunter Metts,1,1,False,True,False,False
artist_d57be368087d5e43abe6be42ef8ce4bb,Hurricane Wisdom,1,1,False,True,False,False
artist_52dc5c7e889053d7ab6fdf2c169299bb,I Hate Models,1,7,False,True,True,True
artist_0a3ef3c0aaed54e7a0577ca34edc480e,I Wanna Dance with Somebody,1,0,False,False,False,False
artist_320daf27c3d05f3b987405e6091157eb,Ian McConnell,1,2,False,True,False,False
artist_268fdd72949e5843a2f82c6d00ee49b2,Ian Ridenhour,1,2,False,True,False,False
artist_d794b03c04dd5f538c13c6f7993f2f87,Ice-T,1,2,False,True,False,False
artist_dfd0abb370d95151a412d70c8d866e26,Icewear Vezzo,1,2,False,True,False,False
artist_3c941bbe7b78575c8dc0c8ab0208f066,Ida,1,2,False,True,False,False
artist_64ad1764bf2f56ae8962e2d79687f31e,Iggy Pop,1,2,False,True,False,False
artist_ea99408587f859f1934e99d589942761,Igorrr,1,4,False,True,False,False
artist_c29f544e6a91578c867ae551456c68aa,Iguana Death Cult,1,0,False,False,False,False
artist_6eb3d6500d245330b9227f38c70e5dec,Impel,1,2,False,True,False,False
artist_8048d910442f579b9591edc3816c99b6,Incidental,1,2,False,True,False,False
artist_fcef880084b45c269107117fd83b047a,Indo Warehouse,1,0,False,False,False,False
artist_c1a9e5b525135cb69840b9cabfe19fe4,Infekt,1,6,False,True,True,True
artist_87df1b10013858c78916cf54e06676d3,Infinity Knives,1,1,False,True,False,False
artist_0921a48221e15a1b988a9d842a7672d0,Infinity Song,1,1,False,True,False,False
artist_578e19a7cb475b08a1040448742dfcad,Ingrid Andress,1,3,False,True,False,False
artist_8a61bf60b0345f44a8ad6b2ad94c8825,Inhalt,1,2,False,True,False,False
artist_c32aaa61943c5f509b7406c4e0396594,Innellea,1,1,False,True,False,False
artist_d3f06f1326ea59418bf024409f1d80d6,Introverted Funk,1,2,False,True,False,False
artist_8f8c78a9c3e055bb911a0d539cf54ab1,Intuition & Equalibrum,1,1,False,True,False,False
artist_376b77d11c1052dd9c9b430e9687b0cf,Ira Dean,1,1,False,True,False,False
artist_4a5f6ffe0628520ba40a08876badccba,Isaac Hadden,1,0,False,False,False,False
artist_66bc7d2424e051f9baaa9eca9ee3978d,Isaac Soren,1,1,False,True,False,False
artist_2040bf985d6d5a288852e1e1b1f88d0b,Isaiah Falls,1,4,False,True,True,True
artist_31aa94dc126a57b2a0b7241093cb687f,Isaiah Sharkey,1,3,False,True,False,False
artist_731560c9f5f65c0eb79062fc4160ffa5,Ishi,1,7,False,True,True,True
artist_4283f5a47e1a5f12a9da885ddb88eb1a,ItalianPrada Mulada,1,1,False,True,False,False
artist_ccf23836014f579fb0306f46b168781c,Ivy Lab,1,1,False,True,False,False
artist_3256c83ea68b5c6f9ff3bb8a343d19c0,J.D. Shelburne,1,1,False,True,False,False
artist_bc37067aa84f51cb976cfa38974136e8,J.I the Prince of N.Y,1,1,False,True,False,False
artist_f0a2910703755fd3a011bd96dbb78250,J.I. Prince,1,1,False,True,False,False
artist_4f40e28c0cce5519bcf2eb6c37cf5b21,JD Simo,1,2,False,True,False,False
artist_8eabaedb6490538cbdf46876dc205447,Jacaranda,1,2,False,True,False,False
artist_191e6d2b3f4a5e069300578f75a2732d,Jace Everett,1,2,False,True,False,False
artist_ccbd67f114fc5a39960261d8045e7b3e,Jace M,1,1,False,True,False,False
artist_be5e6214c8aa571fa991389bfc6b0fa5,Jack Grace,1,2,False,True,False,False
artist_a3416ec2be175ffeb42ec651cd0851f5,Jack Xander,1,1,False,True,False,False
artist_543acc7d2c7457dcaaf5eecf096ed8e4,Jackie Hollander,1,1,False,True,False,False
artist_6b5d8faec1445dc4bc19f84a1e1b79cf,Jacklen Ro,1,2,False,True,False,False
artist_b307ea58f3bc51ddafc7518098f9e448,Jack’s Mannequin,1,2,False,True,False,False
artist_4daac4110d7c54aea44f7d7c7776eaab,Jacoozy,1,2,False,True,False,False
artist_b2e16a61c9ee54499c74b20694cd6d13,Jadea Kelly,1,2,False,True,False,False
artist_76fc5ef12a525067bb719d9b20a08f57,Jagged Little Thrill – The Alanis Experience,1,0,False,False,False,False
artist_801fe907e1b2512d9464fa8aaa403243,Jaguar Glass,1,2,False,True,False,False
artist_e9e7942af89a54a8982df47fd8fff640,Jah9,1,1,False,True,False,False
artist_2163b0485ae75ed88088276665f47c15,Jaheim,1,1,False,True,False,False
artist_a4e0a2b880dd5581ab213585f27c2116,Jahson Paynter,1,1,False,True,False,False
artist_ea9e1bcbe71e52668cb70f36be2e94bf,Jake Jordan,1,1,False,True,False,False
artist_69c2bc23b4ae5e86a506cf2c3aaea0c8,Jake Thistle,1,2,False,True,False,False
artist_16fc7a1901a55d39ae99f326618721d5,James Fernando,1,0,False,False,False,False
artist_3648214b631e53768ec2f0a04e898bf5,James Grant,1,2,False,True,False,False
artist_0a1a9b0f1fdb57d1b6d40d64fbe2a3e3,James Keegan,1,2,False,True,False,False
artist_037f43ee4be95f0c8f111f6311a968b4,James and the Cold Gun,1,0,False,False,False,False
artist_5c1d89c525d45298b8d25bfde788c302,Janae,1,1,False,True,False,False
artist_afbd3b363f0259498a668674c40b1c3b,Japanese Breakfast,1,2,False,True,False,False
artist_47431e6cd8f554ffbe28c3115cc5fb7e,Jasiah,1,1,False,True,False,False
artist_125e4ce95a305cffb265f95a489c316a,Jason Matu,1,2,False,True,False,False
artist_3eeac42a0e6850729f27d31ec2daafcc,Jason Ricci,1,0,False,False,False,False
artist_59d1ae3a9c275362ac865a9fbca69863,Jason Scheff,1,2,False,True,False,False
artist_4a170ed0fc4f5f9bb41f8fef3e736892,Jay Buchanan,1,2,False,True,False,False
artist_80749456c27a5839a988cc78e344c1aa,Jay Demarcus,1,1,False,True,False,False
artist_28d852e7f7b35ece9cec66dd7716fde9,JayWhit,1,0,False,False,False,False
artist_781765d864585df5b3be5d1aa50a5192,Jayo Felony,1,2,False,True,False,False
artist_c9ae6fe7275d5fefa055360df11349a0,Jeff Babko,1,5,False,True,True,True
artist_dff69fcc6531544fb7f0a9f65bab2495,Jefferson Hamer,1,1,False,True,False,False
artist_27e24e1d0f465e20b82398442e69ab3e,Jeffrey Nothing,1,1,False,True,False,False
artist_40cc2e229b315049aeba2c15736558b5,Jenna Davis,1,2,False,True,False,False
artist_7ad268794a8852eda57d4e7b53544fb7,Jennifer Knapp,1,1,False,True,False,False
artist_b0c064e37a8657778d706bc0ff983897,Jeremy Camp,1,7,False,True,True,True
artist_91a8423b941c5d0a923e3a9c0fb288d7,Jeremy Sole,1,2,False,True,False,False
artist_cf3bea00d63753c6b0baa7c4b24aa629,Jerry Douglas,1,1,False,True,False,False
artist_fa6faa60d5a1528bb43da5690c3b4ab8,Jerry's Middle Finger,1,2,False,True,False,False
artist_0e3a10ec4e5b5a739addba1d749b1f6e,Jesse Barrera,1,3,False,True,False,False
artist_3f31fe8405ad55309936c48fbad37392,Jesse Solomon,1,2,False,True,False,False
artist_1c4d394df18e554ca90c92312ccb59fc,Jessica Audiffred,1,1,False,True,False,False
artist_fd456e2a6c0c50f39064780a128839d9,Jessica Woodlee,1,2,False,True,False,False
artist_7aacf072fb3559d1a23802b68b5c3e2d,Jet Cemetery,1,1,False,True,False,False
artist_c542bf8129bc5c1a837ff15d3ca6c68d,Jet Pilot X (System of a Down Tribute),1,0,False,False,False,False
artist_f6acd5302cd55c1f97813e480c3a6a0e,Jim Stephens’ Full Tilt Boogie Band,1,0,False,False,False,False
artist_9f138d603640587a8fa26b3245081403,Jimmy Ritchey,1,1,False,True,False,False
artist_027bb5d2b0b45aa8b20c59bb37d8cea6,Jive Mother Mary,1,2,False,True,False,False
artist_ff3cb0c857e752499ebe9faf508d61d0,Jiwon,1,2,False,True,False,False
artist_7521fa5a24385c7eaaa817bc8f064bec,Jkyl & Hyde,1,1,False,True,False,False
artist_b25063701f4d52a2b12e562989e8d639,Jkyl X Hyde,1,1,False,True,False,False
artist_a30c89c506125835982c64b4d4e2bd22,Joanne Shaw Taylor,1,2,False,True,False,False
artist_61cfad86253b56e1a48b7b5406cdd3f4,Joaquina,1,2,False,True,False,False
artist_da52c160a3ef54edbc3c5189bbb9f8b8,Jody Wisternoff,1,2,False,True,False,False
artist_cfe1dd32d10f5884937ca63204c664bc,Joe Jackson,1,2,False,True,False,False
artist_c0bd00c1e23e5c78a52c40c8ae9e0096,Joe Jordan,1,2,False,True,False,False
artist_0e41de2f01635111be45c8c9a63e2e09,Joe Marcinek Band,1,2,False,True,False,False
artist_9512a311385d5b92ba428ff234596d00,John Davis,1,2,False,True,False,False
artist_da2800a3229e57d0a6dcb15e17f79e80,John Oates,1,2,False,True,False,False
artist_56ea7bcd95d45798979ab6f882f04902,John Paul White,1,1,False,True,False,False
artist_93cdcf22c3265eb08ac334f71889eebb,John Summit,1,2,False,True,False,False
artist_8d463a3f5a4f51378cd5b09c033473a8,Johnny Cisneros,1,2,False,True,False,False
artist_4a0a7317243e5e2480acaf8679ab9a22,Johnny Dynamite,1,0,False,False,False,False
artist_85aa23ffb712565aa47c70c9af14846d,Johnny Manchild and The Poor Bästards,1,0,False,False,False,False
artist_47f98514b98056189c1fce546f6b464b,Johnny Valentine,1,1,False,True,False,False
artist_710cc1e59fe95e92b0c909bb5eecf671,Jolene Lozano,1,2,False,True,False,False
artist_3fae65efeba359a0862696be45c5c06f,Jon Langford,1,2,False,True,False,False
artist_273824d9bf5b56e2b955a313dd1fe8d9,Jon Wiilde,1,0,False,False,False,False
artist_75c2c99e980b597a8d241f89fb20d7e0,Jonah Matranga,1,2,False,True,False,False
artist_105417cfe23a5baaa51e65ea01c047ea,Jonah Roy,1,2,False,True,False,False
artist_2f6c5c2af8b352cbb35ba9c8d62e8b14,Jonathan Hulten,1,1,False,True,False,False
artist_98b7da3f0b9d5853b28bee807e7b5cbb,Jonathan McReynolds,1,3,False,True,False,False
artist_b0a3d0c1edb75c0282aa0b3c2afddd0d,Jordana,1,2,False,True,False,False
artist_6d049bac9124519da6b582703870a9c3,Jose Gonzalez,1,2,False,True,False,False
artist_f627b1e983d45be6867e81af76fa0171,Jose Maria Napoleon,1,5,False,True,True,True
artist_2da0fcfc75775ad9b8c4b50290e587cd,Josh Fadem,1,1,False,True,False,False
artist_d7689c78bed35d7d8594e52728056c92,Josh Phillips,1,2,False,True,False,False
artist_add916a6fbc65da6be605ae907652b9e,Josh da Costa,1,2,False,True,False,False
artist_5c9b324217fe53939103d2bd6c089339,Joshua Bell,1,1,False,True,False,False
artist_05a8c4eba8bd537282f7cd6fb8f29792,Joshua Ray Walker,1,4,False,True,False,False
artist_8ef9f996f0d657e9bc765d7dab3825de,Josie.,1,0,False,False,False,False
artist_e1ed2fe245c85b07acafb283bf729d2c,Judge,1,2,False,True,False,False
artist_76a8d366b13851668385280838c29e43,Judiciary,1,8,False,True,True,True
artist_a3f462624c155aae8ab451c0bb415b1f,Juelz Santana,1,2,False,True,False,False
artist_acc376a2b2745281970e6cba1355dd59,Juicy J,1,3,False,True,False,False
artist_3204e71eec3f5824bcb928ab56df6387,Jules Daud,1,1,False,True,False,False
artist_07bc46fc43495713a31ffaa873741614,Jules Paymer,1,2,False,True,False,False
artist_7f25272f9a4c590fbc7578aa8beebf2a,Julez and the Rollerz,1,1,False,True,False,False
artist_7af06e9b01ca5b72afc083c3dbaef5a1,Juliet by Night,1,2,False,True,False,False
artist_5371633758075fb89fbf0b660766f2d6,Julieta Venegas,1,5,False,True,False,False
artist_9229fdd898e55f839b979af8daee047b,Juls,1,2,False,True,False,False
artist_5083272c539c518fa917b20430e43866,Juno Allah,1,1,False,True,False,False
artist_dee87ea9a6de5143b63c3f8c33534cf0,Justin Martin,1,1,False,True,False,False
artist_5dea7fc4ec8d5d94bb38854f586f5c09,Justin Moore,1,1,True,True,False,False
artist_a5bcc66ee02c5b91be0f4b35ef515bf2,Justin Mylo,1,2,False,True,False,False
artist_e929e8ffe2035e7caeff0473dac5817a,Jyoty,1,1,False,True,False,False
artist_34f487c926ea5fce969772b07acf5615,K-POP Superstars,1,2,False,True,False,False
artist_b8497cdf7702576695bf5fd9231f2bf7,KARRAHBOOO,1,1,False,True,False,False
artist_973996bd71ef5e2ca49f02d478943f54,KLOUD,1,1,False,True,False,False
artist_851f2d91d9aa55f98ba590e6a3316220,Kai Kastro,1,2,False,True,False,False
artist_97eecbb33f2c5444ba01e2fe574a043f,Kamaiyah,1,2,False,True,False,False
artist_4a254389a2c95f8e8069363c6efd6181,Kany Garcia,1,6,False,True,True,True
artist_3800f2148c5657799998050ac36c2427,Karaoke Time Machines,1,1,False,True,False,False
artist_967038e20ad65a28978cb2db9791beb4,Karl's Garcia Band,1,2,False,True,False,False
artist_31410fac46285fcf9f96fbe5f0776f5e,Karma,1,2,False,True,False,False
artist_3a200c48abae562893058538d670c67c,Karma Kat,1,1,False,True,False,False
artist_6eaca7eea0eb5841a3d18c0856588653,Karol G,1,2,False,True,False,False
artist_2fc4cfc45e885974abc6ae8b9863fe48,Karsten Sollors,1,1,False,True,False,False
artist_a49c107b3a3e55b4a2e364e5bd25a873,Katherine Blanford,1,1,False,True,False,False
artist_238da872eddb5ad98d6a77df231eac06,Kathryn Gallagher,1,2,False,True,False,False
artist_75c599eebcdf5405a1ef5b9642a95f5c,Katie DeMartini,1,2,False,True,False,False
artist_eba28aa0d11f502a88929571866868bd,Katzù Oso,1,2,False,True,False,False
artist_d7411942a4625add95e0e1dfc89c127e,Kayla Waters,1,1,False,True,False,False
artist_58b0f44d81115c77965d4c8962f1dad4,Kayzo,1,7,False,True,True,True
artist_93431bcdd2ec5222865d2879fbb129c0,Keekihime,1,2,False,True,False,False
artist_07fa2e251870575eab40c9140d58b205,Kelley Swindall,1,1,False,True,False,False
artist_4c090a2da4b05b73b4c3c206ce6fddf9,Kem,1,1,False,True,False,False
artist_c129b7007bf95f71a59b2e4e955d8b73,Kennis Clark,1,2,False,True,False,False
artist_e98eac4d472d52b79459902d5bd32217,Kenny Loggins,1,2,False,True,False,False
artist_73a2f8770dee5503809e984449e86bb3,Kenny Wayne Shepherd,1,3,False,True,False,False
artist_0ec06e528d8d5dbd82bc7463cbe43af8,Kenny Whitmire,1,2,False,True,False,False
artist_4f959b10c4615ba09d0ebce93ce2250e,KennyHoopla,1,1,False,True,False,False
artist_c01eefb2f26d576794415272925a78b4,Kevian Kraemer,1,2,False,True,False,False
artist_665a46142d7052d5a15a7d9a10ad6a42,Kevin Atwater,1,1,False,True,False,False
artist_399ed131855452e79cda31985e2f16c5,Kevin McCarthy,1,1,False,True,False,False
artist_363909be11a65271a29c9c84129ec6ee,Kevin Spears,1,2,False,True,False,False
artist_ec0e2832a83856059f49c8251001a796,Kevin de Vries,1,1,False,True,False,False
artist_98a2ac1c1a2e54e9b784e81379a769cd,Khantrast,1,1,False,True,False,False
artist_91d442878bad5914acf92647bebddf2e,Khotin,1,2,False,True,False,False
artist_0d81574f94215d7cb89f190984857da5,Kia Kadiri,1,2,False,True,False,False
artist_9d6ccb9e034f577eb3734899e2baab7c,Killer Mike,1,2,False,True,False,False
artist_019deef2347357bc9709984c1eedb1a4,Killswitch Engage,1,2,False,True,False,False
artist_a5afddf0145253a7875f7d7808196f54,Kim Richey,1,1,False,True,False,False
artist_0bab337a591254f4820317afae48c160,Kimberly Kelly,1,1,False,True,False,False
artist_7848522a810f548a82d9b85abf77c78c,Kindred the Family Soul,1,2,False,True,False,False
artist_34cdaec3241a50419483d770d5a1e050,King Pari,1,1,False,True,False,False
artist_f76d555024bd5599817e2cd9f4b34455,King Stingray,1,2,False,True,False,False
artist_477d182331555d928d3e3648180c1fdd,King's Command,1,1,False,True,False,False
artist_9f11f6e0cb9859ea9be90e4e6cb125b0,King's X,1,2,False,True,False,False
artist_68a6500040dc535c871e202bda654e03,Kittenhouse,1,1,False,True,False,False
artist_32f279576bae50399125638aeaa10603,Knovo,1,1,False,True,False,False
artist_b183fa648ced59519f93bb84655f0b56,Knox Fortune,1,1,False,True,False,False
artist_de8626f9448c5948b85c259b1a46dcaf,Knox Write,1,2,False,True,False,False
artist_77d7ce2eb9c25e1ab8b4e91f3de14cb3,Koda Pendants,1,2,False,True,False,False
artist_80b79800338959b2926118bbb50bea94,Kontravoid,1,2,False,True,False,False
artist_35d2e95dfe2e5d08aba248dac66a66d7,Kontrolled Khaos,1,0,False,False,False,False
artist_9a235e63e20851df8325160607bfc658,Kool Moe Dee,1,2,False,True,False,False
artist_db735ae864705c27894fd79bfc3ec25b,Korby Lenker,1,2,False,True,False,False
artist_0de473efefaf5d11a44db27a1c11e7f5,Korolova,1,1,False,True,False,False
artist_7132920499e45018bc2c17dc70776f5d,Kostas,1,1,False,True,False,False
artist_99c97921589d585e9b74e4eec29c7f66,Koyal,1,0,False,False,False,False
artist_767673f5bf8655a38eccd25bb747798f,Kris Allen,1,2,False,True,False,False
artist_d5ec6335d77e5ae68a38497f10fbcac6,Kublaii,1,2,False,True,False,False
artist_77b5781ae35a5441866aaccd8a4840ea,Kumar Sanu,1,1,False,True,False,False
artist_72bb75dc39f951468e3595a6a2747047,Kurt Carr,1,2,False,True,False,False
artist_74a07daa6cd651fe8a14d857b8009faa,Kuru,1,2,True,True,False,False
artist_f17a3a604b9d51059266b45157d10648,Kwam.e,1,1,False,True,False,False
artist_710b74040b185ecfb9b36166b8d8eff3,Kwame Adu,1,1,False,True,False,False
artist_a897089b6a595e1ea6734cf387d5f653,Kyle Freeman,1,0,False,False,False,False
artist_fd130f56dc865513bf816ecd7e0d5ddd,Kyle Smith,1,0,False,False,False,False
artist_24bc0eb8ebb85b1fb77c7476d2bde6b0,Kyra Fields,1,1,False,True,False,False
artist_e90c49c3301e5fcaaa23f05b4b7d560e,Kyshona,1,2,False,True,False,False
artist_e2517384d4a456a0bd650c2f4a2c6ab3,L'Rain,1,2,False,True,False,False
artist_3ea88d41fa9453b69f646b62b5f3e6f9,LAPêCHE,1,2,False,True,False,False
artist_ad07927a62a25cf4b0c31d4143c36ddb,LE SSERAFIM,1,5,False,True,True,True
artist_a53eeb40d5165a08a112eb8bb1855af8,LIFEOFTHOM,1,1,False,True,False,False
artist_3eda626c96c35dc4a5f32a53c9453598,LYKN,1,2,False,True,False,False
artist_92be28d028105f1992eea0c7c529c6cd,LYNY,1,1,False,True,False,False
artist_f0dc1de9316d5f4c98099f84aab48f37,Lacey Sturm,1,2,False,True,False,False
artist_87facc4112205c299b0ac187f762cfab,Ladrones,1,2,False,True,False,False
artist_fc797f9a0aa65531bed2baa1d9d38d9b,Lady B,1,0,False,False,False,False
artist_59e89798b78a5c2abe0a7b93dd0452ba,Lady B Basement Party,1,2,False,True,False,False
artist_34b639c38244547b92dfecc347ca9889,Lambeth,1,1,False,True,False,False
artist_ac50c3fad1dc559083dc4449aa515020,Lamont Landers,1,2,False,True,False,False
artist_e0656db1b5ba516e8ae0a071ec4507c3,Lance Lopez,1,2,False,True,False,False
artist_0c2dd1a709955e4b8645c326de9f7020,Lane 8,1,2,False,True,False,False
artist_4f9b4a0c930151ddbed271e2510e8eee,Lang Lang,1,2,False,True,False,False
artist_44d1777d736b54299c892f4b86a56ad1,Langhorne Slim,1,2,False,True,False,False
artist_cd7888729c1854acbe0d073a6c964c60,Large Professor,1,2,False,True,False,False
artist_b2c007c8b5f45bd1ad6fc26add52a3a5,Larissa Lambert,1,1,False,True,False,False
artist_a626fea6da6b5bb08d903fd577004cb5,Larkin Poe,1,2,False,True,False,False
artist_65897b5ad734579789e7647a87e5d1a1,Larry and His Flask,1,2,False,True,False,False
artist_7013afad72a957c4a0a65aa35d17f01f,Last Known Species,1,2,False,True,False,False
artist_581f8b07f77f59b1a9fc53f95ecf3a93,Latoya J,1,2,False,True,False,False
artist_79aaeea513955634b453403a133035d9,Latvian Radio,1,2,False,True,False,False
artist_0bbf87d53773573a99d59b8fc67bc250,Laura Stevenson,1,5,False,True,False,False
artist_7d860b31617c54a196c2bc0501247e20,Lauren Anderson,1,0,False,False,False,False
artist_6a6be6ebf9b55fb48ed3bb663c894d11,Lauren Jenkins,1,1,False,True,False,False
artist_bfdae99d23e85831b2e5b94b7ae62a44,Lauren Mascitti,1,2,False,True,False,False
artist_c5b5bdb43fc0589e8b07c9cdd897558d,Laurie Lewis,1,1,False,True,False,False
artist_cc33aa33330356bda8bdca8b9b3681a0,Lavalove,1,1,False,True,False,False
artist_ac18dfc5884a5fbb83dce054c389ec5e,Layton Giordani,1,1,False,True,False,False
artist_0198f77e42a25fb3a4da82d2327e2556,Le'Andria Johnson,1,2,False,True,False,False
artist_c6a0d79108485e5683522665ca6299b0,Leah Blevins,1,1,False,True,False,False
artist_365c7d7d7f0650b68e653be0168e68f3,Lee Ann Womack,1,1,False,True,False,False
artist_f7ace7b6d80056048b1c554d9f6113e0,Lee Reynolds,1,0,False,False,False,False
artist_451e2182e815525b8b161fcb0ea66884,Leni Sydir,1,1,False,True,False,False
artist_d07d25dec5f851c1a2d2e3b062b00fc0,Lenka,1,2,False,True,False,False
artist_ccc2970df0755b09be50093abd667dbd,Lenox Hills,1,1,False,True,False,False
artist_b9983315d1915973a1e2decf30e0f347,Leo Lovechild,1,2,False,True,False,False
artist_4da8400e96d45b7cbb4d9baf5d380d32,Leroy from the North,1,1,False,True,False,False
artist_69a13fa407e55b0c8f24023f4ebf000e,Les Greene & The Swayzees,1,2,False,True,False,False
artist_53e8569f02dd5005b4aa6e69ce989b48,Leslie Jordan,1,2,False,True,False,False
artist_0b96121f95e2590cbd16cb49e14d6e16,Leslie Satcher,1,1,False,True,False,False
artist_d44eeaffe5315bb7a5f4c5bff36c45dd,Levi Lowrey,1,1,False,True,False,False
artist_d5ba12bd27585483be5961990a54007c,Libianca,1,2,False,True,False,False
artist_254ebeeb58d653d1b5d9a7434b48991a,Lido Pimienta,1,7,False,True,True,True
artist_ea323b185eab57f9baff5f8c8e7cb210,Lightwatch,1,2,False,True,False,False
artist_8179a9a650de59fa9b601cd469b49a09,Lij Michael,1,1,False,True,False,False
artist_05f51dd12cab57d586e9f68629e91dee,Lil Bakuh,1,0,False,False,False,False
artist_d3da307f3cb35b17ab1462f9ed96216f,Lil Eazzyy,1,1,False,True,False,False
artist_fa12c53405135737b6d5be79681faad0,Lil Flip,1,2,True,True,False,False
artist_aea742cca6e350079cf6a4df73e076a2,Lil Jon,1,2,False,True,False,False
artist_0e4f028272965039b26217ca865ec038,Lil Kim,1,5,False,True,False,False
artist_4ccb0dd72cb5596a963132aaebe8ac14,Lil Shine,1,1,False,True,False,False
artist_aaac0654a88f5b53bc15a91e0ef4aceb,Lil Texas,1,1,False,True,False,False
artist_f4afd914e50654fea6ef5b38c7435cc6,Lil Yachty,1,1,False,True,False,False
artist_ec3153c3fef755f197fa8ce5c92d17a3,Lilly Hiatt,1,7,False,True,False,False
artist_c0a0261148335f6dadb988cf89794178,Lily Hain,1,2,False,True,False,False
artist_7647fb25091953d1b0abc465f89bf27b,Lily Pesikoff,1,2,False,True,False,False
artist_00bf903c77d0564fbc87a559c0d76133,Linda Perry,1,2,False,True,False,False
artist_2d3e84d3f039500b87c6500b228e22ea,Lionel Richie,1,1,False,True,False,False
artist_014810f61f585365a7f92cca0167fc0e,Liquid Soul,1,1,False,True,False,False
artist_dbd9c74a56a15c7f865a2ac109d6dcda,Lisa Loeb,1,2,False,True,False,False
artist_ab54c66628755ecbb58965999d248208,Lisa Polizzi,1,2,False,True,False,False
artist_fd8843e0bd9451da99730c3ea7ca86f1,Lisp,1,2,False,True,False,False
artist_602a4bbdab1b5c5db71bab62dfe49af5,Little Image,1,1,False,True,False,False
artist_740f7d0de9da5fd99e1c0a771a46712e,Live and Let Die: The Music of Paul McCartney,1,0,False,False,False,False
artist_fd5829c153055a8eb2007d318328db03,Livingmore,1,2,False,True,False,False
artist_4784d98b53f75468ac126638fadacacb,Liz Hanley,1,2,False,True,False,False
artist_42d8600dc1a05a78988b324e9c794e93,Liz Longley,1,2,False,True,False,False
artist_0808cba2206654e085cf42616ef163ac,Lizzo,1,1,False,True,False,False
artist_80b2dbed1805548b99fe0cfec79546eb,Lizzy Jane,1,1,False,True,False,False
artist_d6ebe90f3ca753c4b56701d26a91ae37,Locklead,1,1,False,True,False,False
artist_b52a69e0af0c5cee9635d69f00da6007,Lockstep,1,0,False,False,False,False
artist_1661324a0e395ab9af0f23ff55dd9853,Logan Halstead,1,1,False,True,False,False
artist_531bcc34ee56518ab51d0cb90af9dc94,Logic,1,3,False,True,False,False
artist_a99b0a1e296756cba60cefede362ea30,Lolo,1,2,False,True,False,False
artist_d9651e0e936851449b05cd5c26481a0b,Lonnie Holley,1,2,False,True,False,False
artist_57c4875150d756f09a36c4dd6a10ee2f,Loose Buttons,1,2,False,True,False,False
artist_503bc84d0caa5454aa3c73fe3e01bd35,Loose Ends,1,3,False,True,False,False
artist_971b813a98d053d1afc43c46be0ca4c6,Los Caminantes,1,2,False,True,False,False
artist_aed4882d1fc952daaadecf5337a91c1f,Los Yonics,1,2,False,True,False,False
artist_4132fc1f5e025f05abcdfcf47266bd1d,Lost 80's Live,1,2,False,True,False,False
artist_b412028d6a005c6cb27248ab9f616bfa,Lost Hollow,1,2,False,True,False,False
artist_e827a2ccf4e956f49ada2288282f6381,Lost State of Franklin,1,1,False,True,False,False
artist_8866ea94a3c05297a5e32eeb85c72909,Lot 49,1,1,False,True,False,False
artist_ebedb2b182665bd7aafe509ba3572114,Louis the Child,1,2,False,True,False,False
artist_d107857d9d0d52f8a0086237aea8c1d6,Lounge Fly: A Tribute to Stone Temple Pilots,1,0,False,False,False,False
artist_7eb86e53df63564eaaf657981882c404,Lovecraft,1,0,False,False,False,False
artist_cc4e42a8ab7357dc84ace88eb1166a56,Loveshyne,1,1,False,True,False,False
artist_41a99031c27059ce9dabe1724f15aa50,Low Hum,1,2,False,True,False,False
artist_0fd9f6995ec15235ac70d9b8e56e8dca,Lucius Arthur,1,2,False,True,False,False
artist_a76a4467b4eb57c7866ee38e204301c4,Lucky Me,1,2,False,True,False,False
artist_2b47baf2049257c091f2491824e3adfe,Lucy Wainwright Roche,1,2,False,True,False,False
artist_5270c07dc28850b48d3c59f88fd4163f,Ludovico Technique,1,2,False,True,False,False
artist_2eee0e36b6f0532e866462c0121b2ef6,Lukas Nelson,1,1,False,True,False,False
artist_678282eb3ba65facac5b44e6585515da,Luke Bower,1,2,False,True,False,False
artist_6d89e68451e153a281a8f887b3d12263,Luke Stewart,1,0,False,False,False,False
artist_265dbd46ea395b14845d1b484ecf2236,Lukey,1,2,False,True,False,False
artist_2fabaa3935fc5aaa92933169a0351f44,Luminati Suns,1,1,False,True,False,False
artist_ed832b3dfdea5909b187e47b46d0f0e0,Luna Li,1,2,False,True,False,False
artist_7c86748016015d5f89f7e34fa08577a7,Lunar Vacation,1,2,False,True,False,False
artist_bcb430822f415102a14ad34c2f1fd878,Lupillo Rivera,1,2,False,True,False,False
artist_e76275c74cac5fa2916f821acd7960b4,Luster,1,2,False,True,False,False
artist_9d3e2c83cf865ef9bc51a24218c51602,Luther S. Alison,1,0,False,False,False,False
artist_f4b2eedc6eb9501b92966383bf7f3919,Lydia Maes,1,2,False,True,False,False
artist_8c4928d004b8557c88214dee05e816eb,Lynyrd Skynyrd,1,2,False,True,False,False
artist_a7d5575eb58e556bb7870014e6f697e5,Lyons Lane,1,2,False,True,False,False
artist_bba0f64500275c45aa65e50d17d114b8,Lyrus,1,1,False,True,False,False
artist_f31011703415517a8004a3514e01c925,LØLØ,1,1,False,True,False,False
artist_cddb9c7486295803807c539e3513ed24,MADI,1,0,False,False,False,False
artist_c700461d3e54517da551b5bd9c3cf7e0,MC Eiht,1,2,False,True,False,False
artist_d509301c4dad5ea0874bb31dab3f10c3,MEDUZA,1,3,False,True,False,False
artist_7492d1354b0756098c570e475e3bbf23,MIA,1,2,False,True,False,False
artist_ab5e9cbd35ae5a639e476019e8975794,MINA,1,1,False,True,False,False
artist_7e8d636b53b35ad6950c97c0dfef8ce3,MISC,1,1,False,True,False,False
artist_62897c93c6a2550b994df3f72ae8f2ee,Machine Head,1,2,False,True,False,False
artist_e5210ad97b2951ce96a7af30499de00c,Macy Todd,1,6,False,True,True,True
artist_b6a5f1f1a0335739a13e9aa05038b3e1,Madden Novogratz,1,1,False,True,False,False
artist_2494920c14ce56c38d9add68736b0ad8,Maddy Hicks,1,1,False,True,False,False
artist_fb355a7f1cc75331b263ad7415d49b9d,Madeline Edwards,1,1,False,True,False,False
artist_5f2af6f7bed3568d91e216f4d239dc3e,Madeon,1,3,False,True,False,False
artist_b5124e06aae15fd79c7c5ac51b1216ea,Madison Kozak,1,1,False,True,False,False
artist_f801d5b365db5846b4888e16651b5d78,Maestro Ilaiyaraaja,1,2,True,True,False,False
artist_3936bdd0785154f79ac5d5a480fbdbc3,Magic Sword,1,2,False,True,False,False
artist_fa3cc877e61b5642b6e9406473424ae4,Maia,1,0,False,False,False,False
artist_3e44249acb9f539d9ce230a23aba0e7a,Majick,1,2,False,True,True,True
artist_7593ebea709c5aed8e7df5fa468356f0,Mali Music,1,2,False,True,False,False
artist_e6fab9ba63b556baaae3e1aaf926d21c,Malik Montana,1,1,False,True,False,False
artist_978c79b976615ead9c54ab32bafc5148,Malive,1,2,False,True,False,False
artist_ffff07fbea8e5d02acbefd80c72ba4ba,Mamma Mania!,1,2,False,True,False,False
artist_2cfa7428324057d99567621825f6b13a,Man Man,1,2,False,True,False,False
artist_4c02c32f8a8156babbabbbc736aecb71,Man or Astro-Man?,1,1,False,True,False,False
artist_ef7628e2c7ff54c0855fb85ba2108e8e,Man or Astroman,1,2,False,True,False,False
artist_4d3e2cb5c80752b78300731c444f11e3,Marcel Dettmann,1,2,False,True,False,False
artist_0680ac5189d15ec6a2ff2177962078a6,Marco Antonio Solis,1,2,False,True,False,False
artist_ebf1d680fbca52a08a29a363b585e852,Marcus Tenney,1,0,False,False,False,False
artist_ad0d4a13f5155b1d82f31451d003298b,Mariachi El Bronx,1,3,False,True,False,False
artist_5b0d8a659796546393d60c7be4dab8f8,Mariachi Nuevo Tecalitlan,1,2,False,True,False,False
artist_badcb1a0bff35349a74d457e9915bf6a,Mariachi Vargas de Tecalitlán,1,2,False,True,False,False
artist_ed3c2c4f1133599c8c1ac0828c5773bc,Mariel Gesualdi,1,1,False,True,False,False
artist_caee896132ad5b0b967920f68b60fddb,Marielle Kraft,1,2,False,True,False,False
artist_4e7cf98e5adb5ffba3b0333a651416e0,Marina City,1,2,False,True,False,False
artist_126c6981c835557292b6594fe0fe8c54,Mario,1,2,False,True,False,False
artist_a4c808a9b3a15e169f86013dc26d2f5a,Mark Lettieri,1,2,False,True,False,False
artist_8b3464a5f6a359c6bde21a38a5843554,Mark Lettieri Group,1,1,False,True,False,False
artist_b8912143ea5c5b599c81cfa53d96e390,Mark Stuart,1,1,False,True,False,False
artist_ccc2193651c55790931ca6ebf07af763,Marley Brown,1,1,False,True,False,False
artist_3c895a32e5c15c3788a552fee4d40bfb,Marloma,1,2,False,True,False,False
artist_815c0e0a839a5cfa973d3f1eb1ddd662,Mars Mignon,1,2,False,True,False,False
artist_8bf8fce4071c5294ae453d2d45ea9094,Marsh,1,1,False,True,False,False
artist_92ef919461855187932e517893759ff9,Marty Stuart,1,1,False,True,False,False
artist_7772ecc9538455f8b996677a2a4df0f2,Mary Bragg,1,1,False,True,False,False
artist_dfcbf6e31a6e50d7a91c65310064caf3,Mary Droppinz,1,0,False,False,False,False
artist_09493bc14cb9573f867f1ddcbb8887e1,Mary Gauthier,1,1,False,True,False,False
artist_879dd20e063d52c29b693b7419859684,Mary Kutter,1,0,False,False,False,False
artist_c0d55c5c064d5d14858c401fccb3fc0a,Mary Shelley,1,2,False,True,False,False
artist_195471d8fc525b98acffc08d4043e985,Massey,1,0,False,False,False,False
artist_0eee3a2e745c5241a477ea044a58a9b6,Masters of Funk,1,2,False,True,False,False
artist_62de52cec0fb51a7ab104aea55abc2a0,Mat Kearney,1,2,False,True,False,False
artist_0e6719d1dba95482b2e36bfc2183fab4,Mat Zo,1,2,False,True,False,False
artist_4eb88daffda5599290d02d8282ee8491,Matt Nathanson,1,2,False,True,False,False
artist_35969eada931561288dd37517f8eab0b,Matt Sassari,1,1,False,True,False,False
artist_67382b6f450c57419364cc6dfb968436,Matt Willis,1,2,False,True,False,False
artist_e2a2f7e3301857d4ad32803bf564218c,Matthew West,1,7,False,True,True,True
artist_b703de40ccf4509fbdb046bf83e5d74a,Mau P,1,1,False,True,False,False
artist_a0f73ef256bb5d75b1fbd1c9d66784eb,Maul,1,2,False,True,False,False
artist_d60fbb2c09db5a018204b0c76f3e129b,Max Styler,1,1,False,True,False,False
artist_c5a4170f382c50f09862f16ae2e3cfce,Maya Engen,1,2,False,True,False,False
artist_6435ad3844fb53659b4841aa366462ab,Me Like Bees,1,2,False,True,False,False
artist_211d1d428b3055f4b702b63de601361a,Medicine Place,1,1,False,True,False,False
artist_a722629d8b895a14934f23ba57be735b,Megan Stalter,1,1,False,True,False,False
artist_8c2052aceed852ebbf8867ba56a47d16,Mei Semones,1,2,False,True,False,False
artist_d9159b56cfc453229ab2f5e8ba1475a1,Meital,1,2,False,True,False,False
artist_2d767c80fb74502b96fc7b66d93c7cef,Melanie A. Davis,1,1,False,True,False,False
artist_f1eba3493fd7589c9e5bda4d24a01225,Melanie Charles,1,1,False,True,False,False
artist_3c60e00edaa7572793579463805f1b72,Melanie Martinez,1,2,True,True,False,False
artist_75e5909bcc395bdea1edf16f656d3d94,Meli’sa Morgan,1,1,False,True,False,False
artist_83ff6e500c92511d916c9736d0221e2b,Memphis Bleek,1,2,False,True,False,False
artist_be7c537acd9d5401810e26572875c00d,Mercury,1,2,False,True,False,False
artist_f976ef27ca4a516993e324d86ab8a3d0,Meyru,1,2,False,True,False,False
artist_e52eec67c52b54839587351e97ce9493,Michael Loftus,1,1,False,True,True,True
artist_0bfc1d7c28e05211b09d387e55bd0eaf,Michael Logen,1,2,False,True,False,False
artist_101d6b55e9465babbd363f82f4bb3150,Michael McKean,1,2,False,True,False,False
artist_a97cf8e9134d5f08b9b066aa28902a89,Michelle Rose,1,1,False,True,False,False
artist_2576a8e2967d508f9f5413b8fe0f6b0e,Michelle Shocked,1,2,False,True,False,False
artist_dc19ce55c6165ba1a524cba12d8ff35e,Micky Dolenz,1,2,False,True,False,False
artist_8bde305f6fcb5ffaba6a32ce702bb9dc,Middle Aged Dad Jam Band,1,0,False,False,False,False
artist_605dd2ed487c5b0695d24ee0a6bf8b76,Midnight Magic,1,2,False,True,False,False
artist_b658b2f16dd65669b9ca5d3f160f36c4,Midsummer Motel,1,2,False,True,False,False
artist_4225c9d7169851199eb7bb4b5d49b62c,Mike Mills,1,2,False,True,False,False
artist_5c2bb53597e758e7ad3fdca1cc97d836,Mikelparis,1,2,False,True,False,False
artist_6b23d1af54225d3e8386c710babfac96,Mikey Lion,1,0,False,False,False,False
artist_a51ff63866e25e27a38393b65a17bcec,Miko Marks,1,1,False,True,False,False
artist_ddc4ae7bbbd55a76a07f459f082eecb4,Mila Culpa,1,2,False,True,False,False
artist_057adf444b4a51fa900bd16562f479e6,Mild Minds,1,5,False,True,True,True
artist_44e7821294205cf792727edef3c81ca8,Miles Jay,1,0,False,False,False,False
artist_d360bd18451957e68618817ddc1f962b,Miles Moon,1,1,False,True,False,False
artist_026a3774e3665720a59a4960ac0983a3,Mint Fantôme,1,1,False,True,False,False
artist_6a8df7b743885d249e4a64e2d38c4d20,Misery Blooms,1,0,False,False,False,False
artist_2176ad5e6d5b5a3a9baa11ef55972e74,Mishell,1,0,False,False,False,False
artist_67af403ca2a65beaae373bc8f88dface,Miss Grit,1,2,False,True,False,False
artist_ccfba75bd1f6563697cf35afae9677c0,Miss Trezz,1,2,False,True,False,False
artist_f1eb6577d8a75c7381636b2854ce2727,Missy McIntosh,1,1,False,True,False,False
artist_5e94580f01b351aebd6f583d05ae2bf5,Mita Gami,1,1,False,True,False,False
artist_ab50d7989663500fbefde5ccf7a803e7,MitiS,1,2,False,True,False,False
artist_8214ba049f2a54e18e2868f99db4205d,Modern Color,1,2,False,True,False,False
artist_fc1f4d57800851be8b59846abb406324,Modern Ghosts,1,2,False,True,True,True
artist_871c13dafed05667bb54c517051f7a62,Moko Bovo,1,0,False,False,False,False
artist_e3030e1336175b90a546245fbcaced1f,Molchat Doma,1,2,False,True,False,False
artist_dfacc183f68e561496596356f1b5f1ac,Mom Jeans,1,4,False,True,False,False
artist_bd4d33ffc2f552e293c539df9e07aa5e,Mon Rovia,1,2,False,True,False,False
artist_b7fffc48a70059fdaeede2d1692e7ea0,Mon Rovîa,1,0,False,False,False,False
artist_42145e3496985ad9a3ee659b5b053a53,Monobase,1,1,False,True,False,False
artist_739a1d8b59f65c729e435961637482ba,Montclair,1,2,False,True,False,False
artist_9a42c537a3d05f55ad36f0848dae4765,Montell Jordan,1,1,False,True,False,False
artist_1484d855245f54b28558d69bd2309742,Moody Good,1,1,False,True,False,False
artist_91453b6abd0e52ecb2774cac2230be7d,Moon Destroys,1,3,False,True,False,False
artist_3537e4655f315baead830cb468bc83e3,Morgan Page,1,4,False,True,False,False
artist_3fe5b0957baa5384950bb0a4ad989022,Morgan Sorne,1,2,False,True,False,False
artist_740e820528f25d129b1fd9bdbf2464dc,Morgan Stewart,1,0,False,False,False,False
artist_c8d5cc23923b551f94a713bc0a2789a2,Morris Day and the Time,1,2,False,True,False,False
artist_cfa78f193a355c59b98c73c4ee83d837,Morrissey Blvd,1,2,False,True,False,False
artist_dacae6e82e12530cbcfa4bd6581881da,Mortal Ground,1,0,False,False,False,False
artist_e53b007e1a9d54d682ebc5f2263ef578,Motenko,1,3,False,True,True,True
artist_2b4d13b182a85e12841e0f5b0e0604c2,Mount Eerie,1,5,False,True,True,True
artist_08d8aeabc18d505a9e89b1fa05fc6be7,Mport,1,1,False,True,False,False
artist_bfe848c5f7235d31bc5760c29bd45550,Mr. Fantasy,1,1,False,True,False,False
artist_5e87ac3edc905e9895f3202850587ef6,Mr. K Soul,1,0,False,False,False,False
artist_5c5253fead8e59d4b769c7cab53c986f,Mr. Mota,1,1,False,True,False,False
artist_b4e1596bcd075b1e94da074574af3275,Mr. Talkbox,1,2,False,True,False,False
artist_ca1e145d198350d4bb5e126b69a9f5fd,Ms. Jaylin Brown,1,0,False,False,False,False
artist_ed9a7e329a9c5c71a4653e60b1aca487,Muchas Problemas,1,2,False,True,True,True
artist_97e99f11bb915d7cbac61c53814401ec,Mudy,1,0,False,False,False,False
artist_bd6e127a1a5e57d9a00a048c8a371755,Murda Beatz,1,1,False,True,False,False
artist_25558a7b418a5d37a28847f4628bea5e,Murder Junkies,1,2,False,True,False,False
artist_9888500b050754f6a2c709d77b09709f,Murdersome,1,0,False,False,False,False
artist_98f20142c4d25f1c821084578605ca76,Murphy’s Law,1,1,False,True,False,False
artist_f612ce2b617251518ccf03945867dcae,Murs,1,2,False,True,False,False
artist_7d1bcbdce6cc510a8710cb409d8ec464,Muscadine Bloodline,1,2,False,True,False,False
artist_61a17b4a554d5db49b456bf3a613139c,Muse,1,2,False,True,False,False
artist_0fca33a84b9458e2b58627ded63ecd71,Mustache Harbor,1,2,False,True,False,False
artist_0179f148102f5babbc7ec04f6c4d0720,My Favorite Color,1,1,False,True,False,False
artist_c570c814bdd7504b8038da7664711c30,My So-Called Band,1,2,False,True,False,False
artist_ca3a84f3d011553abfbc8edace2d7b19,Mya,1,1,False,True,False,False
artist_cae40abfa924555491e20364dbe9bd8f,Myles Erlick,1,1,False,True,False,False
artist_9ba2d01df0d75089a237a83d7c1475e9,Myles Parrish,1,1,False,True,False,False
artist_645119e2943a5c8a94906a49f6507fee,Myriam Hernandez,1,2,False,True,False,False
artist_8a8f228c58965cdabf11976a39c2e529,Mötley Crüe,1,2,False,True,False,False
artist_766016326a2d50818a9d8e2258d15428,NEEL,1,0,False,False,False,False
artist_98d12a524c2055bfa1f8d91d81f7a912,NOAH NOAH,1,2,False,True,False,False
artist_31c49303cc1353279e778dc309e53b71,NOVULENT,1,0,False,False,False,False
artist_1848e1bd44cb517ca094575c3fdf1cde,NRBQ,1,1,False,True,False,False
artist_c150aee5dd2a5b19aca03fc813a0bffc,NUFFER,1,0,False,False,False,False
artist_d2a6ff139dd6503b8cb3421d4373f8a6,Narrow Head,1,2,False,True,False,False
artist_082408a006f45c93866b3bb8660dc323,Narrow/Arrow,1,0,False,False,False,False
artist_14f9a8d39dd45ed19e90bd7fbca7c37a,Nascar Aloe,1,1,False,True,False,False
artist_35018dd9052558cf9d0d425d9ef24c41,Nashville Songwriter Awards,1,0,False,False,False,False
artist_209780e90bfa5521aff548dce28e23d0,Nashville Symphony,1,2,False,True,False,False
artist_0a25ec5102a65042a9827e2b17a7192e,Nate Miller,1,2,False,True,False,False
artist_5882ddc1f1fb515f913f66f9d9d793b1,Nathaniel Jamiel,1,2,False,True,False,False
artist_934f005b6fbe5a9fb4bbbec335cd3399,Naturally 7,1,1,False,True,False,False
artist_e8da81c8efaf5d6fbc9e2e9cd09aee0d,Naturally Blue,1,1,True,True,False,False
artist_d2df47242d1c5e5e9b628d2106b2463e,Navy Blue,1,2,False,True,False,False
artist_42e2d5b57894564895ab3fc56282fb7f,Necrot,1,0,False,False,False,False
artist_c13155a0055253c299cb95640772588c,Negative Force,1,1,False,True,False,False
artist_9f0c124e23a952169d0d3f60a88765a2,New Vision,1,2,False,True,False,False
artist_d205ef7b06e35bb1a2573f89b1777009,Next Level K-Pop,1,2,False,True,False,False
artist_231b83c7c3c15e65b669105c38db281c,Next Showcase USA,1,0,False,False,False,False
artist_677226c7231252dc84d277d16363c7c6,Next of Kin,1,2,False,True,False,False
artist_fcd7ddc30b5d59d58a9054a38b2042a9,Nghtmre,1,2,False,True,False,False
artist_977f0e7be0aa59b1b936484c9df04991,Nic Vans,1,2,False,True,False,False
artist_d372ac473a045273b05ff1fc2199d096,Nick Aiello,1,1,False,True,False,False
artist_b34105d3ed935652bedea6fb6d48726e,Nick Leon,1,0,False,False,False,False
artist_a31fc2edc06d5409870106521bf9cc8d,Nick Lowe,1,3,False,True,False,False
artist_f3aabfbde88b5226b277694cfeced3dd,Nick Warren,1,0,False,False,False,False
artist_2b4e1d78ba0f54a6b466d2d815cd071c,Nicko McBrain,1,2,False,True,False,False
artist_e558940d652f5a598d52a5630c25bdf0,Nicole Henry,1,1,False,True,False,False
artist_ca466cf88aae540b9608e26c72774670,Nicole Lawrence & The Durango House Band,1,2,False,True,False,False
artist_6d725272036e5743a36d8f6c6833d880,Nicole Nicolalde,1,1,False,True,False,False
artist_d40dffbf9b1c5a3db703292487787d95,Night Beats,1,2,False,True,False,False
artist_e96772db978f59b8b1c4896fe29aad19,Nik Parr,1,1,False,True,False,False
artist_e754085fe7695ffbb50264211e2a9f57,"Nikita, The Wicked",1,1,False,True,False,False
artist_0ccbe67b28bc522a9d53e64c287d35d4,Niko Rubio,1,1,False,True,False,False
artist_461e0493bcc857e9b85c847393939fb6,Nimi Nightmare,1,1,False,True,False,False
artist_36c5078d7bdd5b5b96ca694d216210f4,Nite Wave,1,0,False,False,False,False
artist_72d5039cd6925198a6cf44f8f6b22eea,No Static,1,0,False,False,False,False
artist_afda2e51881f5d6bb97d48f072288781,Noah Cyrus,1,2,False,True,False,False
artist_18d3446b3df05eed98bd7d88c0977902,Noah Hill,1,2,False,True,False,False
artist_f5e7b6acf0bd5297a5895418a80c6401,Nocturne’s Kiss,1,0,False,False,False,False
artist_e2e6378328815585b2921a8dec6f4cc2,Nolan Taylor,1,1,False,True,False,False
artist_255a8be3252a576cb2bae2ecbfb4d870,Norside,1,2,False,True,False,False
artist_f01c96ca8ed953809187775eec292754,North West 200,1,1,False,True,False,False
artist_6aac610addb652e8920f7143d0c8f2d8,Northbound,1,2,False,True,False,False
artist_78a87db03e4b5d0a83f8abc0a72d0ca4,Not My Weekend,1,2,False,True,False,False
artist_5ac1e5451436597982151bcd8a318d44,Noveria,1,0,False,False,False,False
artist_136ca0918f185f89bc009a57b6058c9f,Nox Novacula,1,2,False,True,False,False
artist_dea7bd62c9075d76a2f2b79d47b18704,Nu-Metal Night,1,2,False,True,False,False
artist_b6686dd454f3551a9917209d68992dd8,Nuala,1,2,False,True,False,False
artist_7454d4a436ee50dc9e75717eb4fa42ec,Nudey,1,2,False,True,False,False
artist_284e1976e94b5cc1982d179e82c38a10,Nyla Simone,1,1,False,True,True,True
artist_61277d6fd8c05b52ba0adf10253984e5,O.N.I,1,1,False,True,False,False
artist_a8b02b18ff105141a09178188bbe5ef1,OGMA,1,1,False,True,False,False
artist_12a70d6669925fd2931fa64c2b218c06,OGUZ,1,1,False,True,False,False
artist_0cdaf0eeb0c252e3bc110d93f8f91f7e,OK Go,1,2,False,True,False,False
artist_fcb0764c593d5463bd02733d9bc2bbf1,OMRI.,1,1,False,True,False,False
artist_db93840e853b58848482de2c5866e140,ORLOVE,1,2,False,True,False,False
artist_0e20c155ef1a5a1faebb14960507b9c7,OUT IN FRONT,1,2,False,True,False,False
artist_91b09c6893db5c74a3bb253a378c5701,Obey Your Master,1,0,False,False,True,True
artist_7738e500da78541282cc790606464d2a,Obey Your Master – Metallica Tribute,1,0,False,False,False,False
artist_2cf58b0130b55ba6a97edadb4cff5a3b,Obituary,1,2,False,True,False,False
artist_a443a6c153405f918325fd60fb29591a,Oblé Reed,1,1,False,True,False,False
artist_304f6e76c78154ee8b26541ad10bfa3a,Off Campus Night,1,0,False,False,False,False
artist_dc75e1eb6bb05359a84d544fbb18fdb6,Off The Hook,1,0,False,False,False,False
artist_3564d9c68032526a9a5490edcbfea506,Oktae,1,2,False,True,False,False
artist_b3dc92331f465a6ea440c9fe6a0a3f60,Old Crow Medicine Show,1,5,True,True,True,True
artist_eb35f2d24a1151b1a6cbe5bd5c4b0c42,Old Mervs,1,2,False,True,False,False
artist_561d4a70ec4655d2a97d6dc55dfb92e7,Ole 60,1,6,False,True,True,True
artist_918819294dbe5bf9a3eb89e436fe1271,Olivia Rodrigo,1,5,True,True,True,True
artist_0e31fd739ea353508c4191d87f30116b,Omari Banks,1,0,False,False,False,False
artist_5a5047ff7cf95d88b51eb95d981f4eff,Oneida,1,2,False,True,False,False
artist_1765f1df920b51f8a9fcd3f55ffe89ec,Oni,1,1,False,True,False,False
artist_ea073b2a490555fdb3453542792940c7,Oolong,1,1,False,True,False,False
artist_a9491fe658355c0db16b6888c8f7ceab,Open Mike Eagle,1,2,False,True,False,False
artist_7c33378f81d95ec887734efb9be49729,Operelly,1,2,False,True,False,False
artist_4ac545e3307c571daae0563b4efa684e,Ordh,1,2,False,True,False,False
artist_cf0477371f8556de836f63a617571492,Origami Angel,1,1,False,True,False,False
artist_341eee5735055e818972957411528afb,Original Boyfriend,1,2,False,True,False,False
artist_04448ada3ddf5b8fb4bc4ab01e17aa07,Otsukare,1,0,False,False,False,False
artist_6a6e078986e958d183e05ae8d4649a45,Our Man In the Field,1,2,False,True,False,False
artist_0f56ee57771e5ce080c23e30b6bbe17b,Outer Shapes,1,1,False,True,False,False
artist_8f502aab505f530590ff304e44109a82,Outlaw Music Festival,1,1,False,True,False,False
artist_61f639e6b2fa5f59a11e8f503cbbfe84,Ov Sulfer,1,2,False,True,False,False
artist_36fb8d827e1755a9996d6df6b2d33196,Ov Sulfur,1,2,False,True,False,False
artist_79d8f73b0b2b55238f155c082a56a93a,Over Our Eyes,1,0,False,False,False,False
artist_f5dd6a50237c59b98688c3d6dade9e61,Overserved Again,1,1,False,True,False,False
artist_62e5f2abb8765b1a842baa1f1de784cf,Ozztin,1,1,False,True,False,False
artist_ab8ea3353a6354df808ddebc6237d403,PRINS,1,2,False,True,False,False
artist_fb07281bdca754aca723d6617ffaeb69,PRIYANKA,1,1,False,True,False,False
artist_62460bccce7056479c6936fed0172fa4,PUP,1,2,False,True,False,False
artist_47a6c523ca135893846773b0617d1bcf,PZ',1,1,False,True,False,False
artist_e048f26fc0da536e9120fcf1da70e5ad,Paco Osuna,1,1,False,True,False,False
artist_72511d42d6b35ccdb31cf8963cc60c84,Paige Plaisance,1,2,False,True,False,False
artist_1a04282ea678536cb25a705132531143,Palmer,1,2,False,True,False,False
artist_ae85928e14835edab5ea678110ced480,Pansy Division,1,1,False,True,False,False
artist_a275cc4c5fdc5930b7bebcb07b9b5490,Pants Exploder,1,1,False,True,False,False
artist_6d3172f2f3d454b993cb4030f69185a7,Papercut (Tribute To Linkin Park),1,0,False,False,False,False
artist_f7e879db2a605c948960d6728c0ab854,Pariah Pete,1,1,False,True,False,False
artist_78e7bccb201850b9b8ed3faa960c8532,Parker Millsap,1,1,False,True,False,False
artist_7986947b9dfb55868f9909a55cb95a2b,Parrotfish,1,0,False,False,False,False
artist_fa758351809e50da81209c1378141aaa,Partiboi69,1,1,False,True,False,False
artist_6c33233e257855dabf61d234e8b26c17,Party Iconic,1,1,False,True,False,False
artist_0dfa390a2a8f50d4957e2cb8181e1467,Pat Metheny,1,1,False,True,False,False
artist_e5560ca053bb50178648d06f7e510005,Pat Travers Band,1,2,False,True,False,False
artist_3997bfbff2f850ffbbdb073cb02bf74a,Patrick Alban,1,0,False,False,False,False
artist_52b2e92fdfb35051bb86293e1a412c3e,Patrick Davis,1,1,False,True,False,False
artist_52135996249a546aad389785b36a141d,Patsy Blue Ribbon,1,2,False,True,False,False
artist_ff135be44fe45a18b7008d8a64a378ef,Paul Wall,1,2,True,True,False,False
artist_c09725e8b8aa50438846e6791b54511e,Payton Smith,1,2,False,True,False,False
artist_413015a75525529a8c3a65e0bbff2519,Peach Face,1,0,False,False,False,False
artist_4016ffd064a8509f9e0cde9a4b20b209,Pearl & The Oysters,1,2,False,True,False,False
artist_3aca50eacb565541b5121c7de769cbb6,Pearl and The Oysters,1,0,True,False,True,True
artist_29f55f840a525ec3a9d440a1bb1fc806,Peephole: Tribute to System of a Down,1,2,False,True,False,False
artist_c955ad6c4e7754eab9198f55c8fbeeeb,Peezy,1,2,False,True,False,False
artist_b094feb497825a1aa46495629017f0d8,Pendulum,1,2,False,True,False,False
artist_26c0f4057c0a573096e5bff30732f003,Pennywise,1,6,False,True,True,True
artist_eaec20647d3e544fa7a2795279150c11,Pentatonix,1,2,False,True,False,False
artist_3681c78eedc45cb8a4140a8edad4775a,Peter Himmelman,1,2,False,True,False,False
artist_e435947d929f5d85a39b350f93992047,Peter Moon Band,1,2,False,True,False,False
artist_80de13456df1582ba6ac32795e7c3c72,Petey Pablo,1,0,False,False,False,False
artist_941677f657215d93aa48c2465dba9492,Phantom,1,0,False,False,False,False
artist_011c0438d88d54d7a0a85093bcb789a8,Phantom Planet,1,2,False,True,False,False
artist_7ae5ba6fd1a259739a448d9db08446f2,Phil Pickens,1,2,False,True,False,False
artist_931ab3a0ad265a24bb16c5df72544df5,Philou,1,0,False,False,False,False
artist_119b20462daa5bdebf8e3c023658e403,Phora,1,2,False,True,False,False
artist_0150b034d1f4501f80c63cd75b3fcb30,Please Don’t Destroy,1,0,False,False,False,False
artist_a54b43d727d65a16a0c8eb7bbafa7090,Pluko,1,1,False,True,False,False
artist_e73fb0d8d9d25c06ab8ebbc7c6bfad49,Plunky and Oneness,1,0,False,False,False,False
artist_5eb391e3a9375c06a96f45535ba00822,Pofsky,1,1,False,True,False,False
artist_83b9ae75a4f35f0cad5dfba46bc7b2af,Pollyanna,1,7,False,True,True,True
artist_600e5a1c1bab5eecb258dc11e7c660c4,Polyphia,1,2,False,True,False,False
artist_b2d167622e0759db9ca93b3c8125b360,Pop Rocks,1,2,False,True,False,False
artist_b19a01136b5c581abfdbeefb9869a58c,Poppy Jean Crawford,1,1,False,True,False,False
artist_90a4ce66313452fb8d131cc015ce2204,Porch Light,1,2,False,True,False,False
artist_823904b694eb5ffd9e29083c5da55c4e,Posición Unida,1,0,False,False,False,False
artist_8961b775c3aa57cfad106309fe607710,Postcards For Sympathy,1,2,False,True,False,False
artist_94c3209a89a85de6a8f09d32953243ef,Posture Clinic,1,0,False,False,False,False
artist_47a82dcd35325275b8239a974d8cb5a9,Potluck,1,2,False,True,False,False
artist_2ea35077f1915a959a5c716466a90026,Preciosa Night,1,2,False,True,False,False
artist_15122578af7c5c5bb99c1a10c95cc946,Preston Lydotes,1,0,False,False,False,False
artist_7a63c694ef1b5f39af1c3e94ac1cdd01,Prime Moose (A Tribute To Primus),1,0,False,False,False,False
artist_838e6ef961055be1a6b639053317c3a6,Producers - The Band,1,2,False,True,False,False
artist_03ec5e61885b54a584978398f0206bb4,Profanatica,1,2,False,True,False,False
artist_c5e351ce409e56b38b95ace3d3f9c689,Progenitor,1,0,False,False,False,False
artist_e640a22b17655ccea7b834becae6ef39,Projekt Hybrid Theory (Linkin Park Tribute),1,0,False,False,False,False
artist_5a19c806790358b5b64210eec4c7f535,Prosecute,1,1,False,True,False,False
artist_97fc794e64d25236b8dea82a1b43568a,Prospa,1,1,False,True,False,False
artist_6f04d4a5a87351499339b58e19028439,Psymon Spine,1,1,True,True,False,False
artist_b8888fab417c547098acaca97ecd4ede,Pump Action,1,0,False,False,False,False
artist_ea8e760285435516917052645037d421,Pyro,1,7,False,True,True,True
artist_9b2c89875d33559480d8537e3d5a077a,Quavo,1,1,False,True,False,False
artist_4ae6f82e05d75c97901c3d457fd25c8f,Queen Key,1,1,False,True,False,False
artist_75ab68742312521f8796cb0d499b1998,Queen of Jeans,1,1,False,True,False,False
artist_57cab6bf1173581398530edfb8fb520b,Quiet Light,1,1,False,True,False,False
artist_23e9ea9e3b295c6f84d59f92689e19a9,RJ Pasin,1,2,False,True,False,False
artist_e09d87dc90cd51638cedd00bbb11baad,ROGE,1,0,False,False,False,False
artist_90e343c87f57599caf859842c13793a3,ROME,1,2,False,True,False,False
artist_ba974778bd69582b97c7d20fe6f3ee9d,RSVP,1,1,False,True,False,False
artist_37f2ec9116a6505ba9cbad4b2cc0e22a,RUSSELL!,1,5,False,True,True,True
artist_ef562e13683552e0b215316e9efd700c,RX Bandits,1,2,False,True,False,False
artist_e86e0959ce1c509bac1ac91bebcf5115,Rachel Ana Dobken,1,2,False,True,False,False
artist_14eaf845e814582dabb8acb2615a7b02,Rachel Chinouriri,1,2,False,True,False,False
artist_4284a8b1904359ea99746d85729edf86,Rachel Walsh,1,1,False,True,False,False
artist_7010586206e05529a37de6b69a512f8e,Rad Cat,1,1,False,True,False,False
artist_0241825545f856e7a0f43b58b8801b35,Radney Foster,1,1,False,True,False,False
artist_9fcd7f83d80f5883a33f1c580c1f8d3e,Ragdollz,1,0,False,False,False,False
artist_fe540b0e44c157ad94111564c3500420,Rainbow Girls,1,1,False,True,False,False
artist_d841b19b1a4e52baa2787cfbef4ba52b,Rainbow Kitten Surprise,1,4,False,True,False,False
artist_92db71f5fdec5370bbe241a8622664c1,Rainer Maria,1,2,False,True,False,False
artist_286e30cb666052928492347623a11249,Rane,1,0,False,False,False,False
artist_a1db1ab4c7935d8cbc9dcf42ee0148fd,Rangoo,1,2,False,True,False,False
artist_e947026898765e80979866cfb292beef,Ranjit Bawa,1,1,False,True,False,False
artist_67637f3f850250119ed1494c05748b26,Rapsody,1,2,False,True,False,False
artist_c50d2f91fdbb56eb914063d29f056343,Raq baby,1,0,False,False,False,False
artist_dbc7a6c012de589e878ce90a23e59f34,Raulin Rodriguez,1,2,False,True,False,False
artist_a399f01a96c95f2b9adedfc9505d0746,Rave Jesus,1,2,False,True,False,False
artist_141a9583e70f514fa355d364e4b593d3,Ray J,1,2,False,True,False,False
artist_e612f0158fff5e3e91d010b7059e283f,RayBurger,1,0,False,False,False,False
artist_f75edbd47ad65b5481ee3669fd3c849e,Receiver 3,1,1,False,True,False,False
artist_950a67ac9d3b5288a047aa79c3c4174e,Red NOT Chili Peppers,1,0,False,False,False,False
artist_c601d9c821245483819424ed849e70c8,Redemption,1,0,False,False,False,False
artist_9dca320bc9bf57bbac4f49dfba031b01,Redferrin,1,1,False,True,False,False
artist_3ed7d91026d3567ea97ca92630520edc,Reese Wynans,1,2,False,True,False,False
artist_f88bd5c57d865da5b7261d51ecf14fa6,Reggae Bash World,1,2,False,True,False,False
artist_aec141f6a2e957d58b8cbab1ac6b397e,Rehash*,1,2,True,True,False,False
artist_580ce2372b3853a0b73536c619267737,Reign In Blood,1,0,False,False,False,False
artist_ed337eefaaad576489b72c8a9d40d223,Remedy,1,2,False,True,False,False
artist_f98fbe9c3a76582bb2ad4f99f7651884,Rene Lopez,1,2,False,True,False,False
artist_4881935d5b4c55c7935d486efc6034d4,Rentboy,1,0,False,False,False,False
artist_ba4829aa3d825bd29fee475343a204e0,Reservoir,1,2,False,True,False,False
artist_5844af158b2953dc9f002bb601ec3d9d,Resistor,1,2,False,True,False,False
artist_a9c51215fcc05daa93424eae046271a2,Revocation,1,2,False,True,False,False
artist_9279cd4fc0a45ea68e26e1e63de6596e,Rhett Akins,1,1,False,True,False,False
artist_3b1aaab6b57d5f0689a502a4ceeba435,Rhythm HB,1,0,False,False,False,False
artist_25c37d70283e5521807ae07002bbc20a,Rich O'Toole,1,1,False,True,False,False
artist_06708476211c594d879eb14ecfe9d905,Richmond Jazz and Music Festival,1,1,False,True,False,False
artist_179c3056c4ca51a28004a72299434871,Rico Nasty,1,3,False,True,False,False
artist_847ee31e0d1b5762b92b28653940dce8,Riese,1,1,False,True,False,False
artist_778b7037e21950ae8c65b89e2ff7e43b,Rik Jam,1,1,False,True,False,False
artist_0b150292d3045817bfd367379c12eaa3,Rikki Lumi,1,2,False,True,False,False
artist_0f8ed60067585b3583b87fc35c9fa090,Riot Ten,1,1,True,True,False,False
artist_fc79d2c1b6fa5832984ae456ce2a54d3,Ripley,1,0,False,False,False,False
artist_f85f971034905ae4b76892a4589d98eb,Rise Against,1,7,False,True,True,True
artist_61e3692eb6565fc49f5ea06ea1951f74,River Moon,1,0,False,False,False,False
artist_cf4c6d8c2d815f6b95ee083bdd2860b9,Rivers of Nihil,1,4,False,True,False,False
artist_f940ba13428e5d37b27818632a6c5117,Rivkah Reyes,1,2,False,True,False,False
artist_742f5d37bfc9506097f2afc599ea286c,Rjd2,1,4,False,True,False,False
artist_337e841d566952289be7da3c48e8a932,Rob Araujo,1,2,False,True,False,False
artist_cc9eeaa23abe55af83f1644cfc9e683e,Rob49,1,2,False,True,False,False
artist_8bda9c25f9fb54dfa5a1c63f9a5adf0f,Robby Hecht,1,2,False,True,False,False
artist_37a2074f65175e318c33700741e9b69c,Robby Krieger,1,2,False,True,False,False
artist_9b3a3a8562805f4eb56a318ddc2ddff2,Robert McDuffie,1,2,False,True,False,False
artist_a04e81fdf4fb56b8bfe4bddb2af161b5,Robin Schulz,1,3,False,True,False,False
artist_da5af2e251a75b0782d8016ec4ab34d9,Robyn Hitchcock,1,2,False,True,False,False
artist_37b3599e93a25a91884d3e1339cedadd,Rock The Ryman,1,0,False,False,False,False
artist_a773aa9e8510560ba6de9b6851d05c6a,Roddy Lima,1,1,False,True,False,False
artist_eb16259743095362a6ebb22efaac7ceb,Roger Clyne and the Peacemakers,1,2,False,True,False,False
artist_289942d1bcd75a3f9b8a93e95f46e5d5,Roger Daltrey,1,2,False,True,False,False
artist_9ed4be68b23e5ce09360c06988e198d9,Rohaan,1,1,False,True,False,False
artist_b39878103d88501e9860249bbfa6ac8e,Rohna,1,2,False,True,False,False
artist_918ab4caf381557b93596b48f07e7bb4,Romain Garcia,1,1,False,True,False,False
artist_66c2b01a3d8357a7b44b48267a1220e3,Rome Streetz,1,2,False,True,False,False
artist_701f36c88b705a1b9b57b478bc54ded7,Ron Dante,1,2,False,True,False,False
artist_9804d5a89c47576486b69af9b47539b6,Roni Size - Reprazent,1,0,False,False,False,False
artist_ee264d13d6505e5488af9f02de12e503,Rosewood,1,2,False,True,False,False
artist_5aa5348414495cc3bcff171383071890,Rostam,1,2,False,True,False,False
artist_3c19f0bdce485243971665c8e18f9899,Roxette,1,1,False,True,False,False
artist_5699bf23131d5a9492d107ff68f1975e,Roy Khan,1,0,False,False,False,False
artist_8932d4ca3f285c49b7c369f2d1b8aa8c,Royale Lynn,1,1,False,True,False,False
artist_f8e2ab5c429652699b36cb97673d8bfb,RuPaul,1,2,False,True,False,False
artist_05f7c609692259f791b89253dd097d49,Rules,1,1,False,True,False,False
artist_997760289364528891beee54cebed878,Rum Jungle,1,2,False,True,False,False
artist_5ff2dca5224352e7b7d78561058f8d87,Rumours ATL,1,0,False,False,False,False
artist_88822bef55145026a39f73c215becf16,Runny,1,2,False,True,False,False
artist_b8fd86c5b13e53d3996520077e941b5e,Russ Baum,1,2,False,True,False,False
artist_8dc6aaa79d9d5abc8b49a31e79e364a5,Ruthie Foster,1,1,False,True,False,False
artist_298ece786ac05692b8246122ef68f59b,Ryan Charles,1,1,True,True,False,False
artist_737da7ec499f560eaad5be11b179d36f,Ryan Nichols,1,1,False,True,False,False
artist_624a2b1dabf15707a788bc907f7608f8,Ryley Tate,1,1,False,True,False,False
artist_4edc0b1595b1560092bcc20a44f9757c,SAMA’,1,0,False,False,False,False
artist_7e375f3aa8255db0b5ac6386cf306f17,SAMSARA.,1,1,False,True,False,False
artist_076ca5ca5d5652eea3eedad8baa838ac,SEU Worship,1,1,False,True,False,False
artist_067d9fdfc4c45e818b63b3c7b9abd2f1,SILVIA PÁEZ,1,1,False,True,False,False
artist_d24217d2e7c454b9acca7c15284a4280,SOFI TUKKER,1,2,False,True,False,False
artist_0017239530ff5278a1ef17daf18ad26c,SORIA,1,2,False,True,False,False
artist_0241b6b1306d54eca61f4f658ebafccc,SRI,1,1,False,True,False,False
artist_33a12e3c73d0599bb56a2453346d3e11,SWMRS,1,2,False,True,False,False
artist_da6f34aa221b5482b3b873395ceba846,SZN4,1,2,False,True,False,False
artist_7712deb0ce415f0dbbb00465c6fe51df,Sacred Skin,1,2,False,True,False,False
artist_7ebb700d7e8259e48a9cea109a00996b,Sad 13,1,2,False,True,False,False
artist_4c01cd67a9f35d8693e53e335bb489de,SadBois,1,1,False,True,False,False
artist_112c6b3915de5d41a2fc275a21895979,Sada Baby,1,1,False,True,False,False
artist_35df58ff6f3c50aab2b72c37268eeaf3,Sadie Gust,1,0,False,False,False,False
artist_32ff3adeddbb5698aeeb3229646a31a6,Sadie Sandler,1,2,False,True,False,False
artist_408ea80add585117858f8fde618332ac,Saint,1,1,False,True,False,False
artist_cc641622279054da81a976c6adb01d46,Saint Pepsi,1,0,False,False,False,False
artist_71663fb39d26546f9cde18f2f804a3c7,Salt N Pepa,1,4,False,True,False,False
artist_3a9de08c857e5f5cbb3d27463c6b2101,Sam Brown,1,2,False,True,False,False
artist_890a162f06db5eaa810e7060829619e4,Sam Burchfield,1,2,False,True,False,False
artist_bf2d0d98b38b5cc588e38c69fca83955,Sam Fribush,1,1,False,True,False,False
artist_94ab379974b558ca8f80238ae56d553d,Sam Greenfield,1,2,False,True,False,False
artist_5ce3c2934c8255469b78dd27ec64c48c,Sam and Louise Sullivan,1,1,False,True,False,False
artist_7222866e233b59a38cb3d6e49526d01a,Sama (US),1,1,False,True,False,False
artist_5fb84443da02505bbc43266a9123e2ca,Sami Cuervo,1,2,False,True,False,False
artist_dd36a0f527dc584499656e66f7deb0c5,Sammie,1,1,False,True,False,False
artist_e29ffa8305ca5796a22ac79dec6c0f23,Sammy Shiblaq,1,1,False,True,False,False
artist_263914232d475515bf82c2b121c0299e,Santana,1,2,False,True,False,False
artist_c6575795fb675891bb2c7fca04b57eeb,Santigold,1,2,False,True,False,False
artist_790d20705372567f846495ededdf519e,Sara Devoe,1,1,False,True,False,False
artist_3c57335f10ff55cbb5b6c33b861438fa,Sarah Lee Guthrie,1,2,False,True,False,False
artist_1d2ed6eb9f3956bea70330e6092cb1ba,Sarah and the Sundays,1,2,False,True,False,False
artist_6ae3b86f43fd570488aa23e8ccc88ddc,Sasha Allen,1,2,False,True,False,False
artist_d1e4b4a761885957b2519841c6759ff0,Satellite Citi,1,2,False,True,False,False
artist_c7cb4063b37a57558746a7d016a1452b,Satin Jackets,1,5,False,True,False,False
artist_be8703a68a265ad1a3fa922859d389dc,Satisfaction,1,1,False,True,False,False
artist_09c78f346f5c5930bfadfd7b00c9b3cb,Saved By The 90's,1,0,False,False,False,False
artist_f8cc150ff0075aa78a36ba3997708e0d,Saymyname,1,5,False,True,True,True
artist_6bd559e65507591d82690bccd09e780c,Scam and Jam,1,1,False,True,False,False
artist_ef98eaeed0675bdbba2c6f1a606deeab,Scardust,1,0,False,False,False,False
artist_d494adfeee645eb78371e40d367c67f8,Scarface,1,2,False,True,False,False
artist_0dd91a3c0c9152bdb1289c1c943751ab,Scarhaven,1,2,False,True,False,False
artist_512a59a8901f5cab85a8ae83b496812d,Scarub,1,2,False,True,False,False
artist_62acd791486a5dd7950c8a67b070677f,Scattrbrain,1,0,False,False,False,False
artist_a0c8c4071b37540888c392f498a8c761,School of Rock All Stars,1,2,False,True,False,False
artist_cef33bb468f4581eb773035b49e1a9d6,Scotia Rose,1,0,False,False,False,False
artist_fcc28b92b5f2529d99bb64c8c3d98334,Scott Robinson,1,0,False,False,False,False
artist_93c5ef780d5952a5bbc619d6960260a4,Scott Robinson & Bronze Nemesis,1,1,False,True,False,False
artist_1a4aee5b419658fca06ace3b058d78d3,Scrapper,1,1,False,True,False,False
artist_7633669e495355c2be35c7df3cc0ae94,Seamstress,1,1,False,True,False,False
artist_c0ea3c7b739c5602895773ad8cfd715e,Secret Chiefs 3,1,2,False,True,False,False
artist_974487bc0dea58b1a2b6a1c146a49237,Secret Society,1,0,False,False,False,False
artist_6f80ee2c89e3514f810279e1142c235f,Seether,1,2,False,True,False,False
artist_8322f674ad0c508fbebdeae028909902,Selena Gomez,1,1,False,True,False,False
artist_f30dce7f59a55f4496f77ef27f007037,Seth David,1,1,False,True,False,False
artist_6a9a33ae722a55418e212d2a0ea591d4,Seth Troxler,1,1,False,True,False,False
artist_97de33a87fa05021983e526ce81e2e4b,Seven Spires,1,1,False,True,False,False
artist_de0a3a827dfb5cf1aa1ef2fa474be5c3,Seven Teller,1,2,False,True,False,False
artist_ddb451ad3aa855bbbd661d041b31f9c1,Sex Week,1,2,False,True,False,False
artist_c061b216ab3d518cbfedc865de137dcc,Shacara Rogers,1,0,False,False,False,False
artist_d7cb5f4890d15f88a89bea9b1948d564,Shakeout,1,1,False,True,False,False
artist_dc0dd0328f4b59e0a6fc8544aa32ae54,Shakewell,1,1,False,True,False,False
artist_5887ee40ff4c5cceb1846d42098649b4,Shakey Graves,1,5,False,True,False,False
artist_7ed830633dcd5aa1bfce5172e6b5a125,Shane Guerrette,1,2,False,True,False,False
artist_cc6ba8f8c90d55228535dd5121b16e62,Shania Twain,1,1,False,True,False,False
artist_7d0d8cf801435112a50643dea2b24661,Shanté Chefé,1,0,False,False,False,False
artist_44d77d6f5e045f52ba8220036987d2c5,Shari Silver,1,0,False,False,False,False
artist_ccac789f122458988ecbf8fec27e71a3,Shaun J. Wright,1,2,False,True,False,False
artist_5a23d5ac309258eeb2cccd3b6ebc2a32,Shawn James,1,5,False,True,True,True
artist_da3d05b8cc6553978676f9efe8277c4f,Shearing,1,2,False,True,False,False
artist_e6f93c20bc02521a980b1cfbcf138e83,Shera Shi,1,0,False,False,False,False
artist_4ffaa7843c785914ac3a576b3415c4c9,Shinedown,1,2,False,True,False,False
artist_d48da85f27ca565cacb3889a6fc49e54,Shinyribs,1,2,False,True,False,False
artist_ce50c46ee60e5cadb613d2b06ddbb9ac,Shotguns N Roses (A Powerful Blast of GNR),1,1,False,True,False,False
artist_68e52d5cb69a5f34803c1ceb8a438bf5,Shotguns N Roses - A Powerful Blast Of GNR,1,1,False,True,False,False
artist_988d6b2b70fb56edaa424941b0e0bad9,Shreztah,1,1,False,True,False,False
artist_716cb067c5c652b48a0428edc004aa1c,Shrine,1,1,True,True,False,False
artist_4c6d5feca92e593cb44d3121e1c657b8,Sicard Hollow,1,2,False,True,False,False
artist_7eff99d91546540f88978fd46ec219fa,Siddhartha,1,2,False,True,False,False
artist_986350aedaf25ffbbde518aac106da60,Sierra Sikora,1,2,False,True,False,False
artist_bda1c6b67c5c54a98b3eb2626e31a3f1,Silent Addy,1,0,False,False,False,False
artist_2718e3f321a659a8b97b8052fab7bcf3,Silent Disco,1,2,False,True,False,False
artist_b145aeb5dd475545bbabd7614a561cc9,Silent Legacy,1,0,False,False,False,False
artist_6c12378720a55409b8b4022ea66dbcc2,Silk,1,1,False,True,False,False
artist_503f8b06c3ca5485addfc87255119d89,Silkworm,1,2,False,True,False,False
artist_d2f7c6a1789a591e8759f0bde493eb4c,Silvana Estrada,1,6,False,True,True,True
artist_4e985fb2aa5e5ae5baea837608f25bfc,Silver Maple,1,0,False,False,False,False
artist_90c3a9a6cb7c5c99bcf786021c7c8273,Silverada,1,4,False,True,False,False
artist_0549e120d75350e5ba23daac6da95b4c,Sinatra,1,0,False,False,False,False
artist_cbc5a4cf79f35ebf827dd3a79d6ece08,Sippy,1,1,False,True,False,False
artist_f389f798b08452e5a5de40a7d37680bd,Sir Chloe,1,2,False,True,False,False
artist_201ad5bba78858f085b55df7945a3534,Sirena Radio Club,1,2,False,True,False,False
artist_76bd00fc10b254849e2d0ad636ba5a0e,Sisqo,1,1,False,True,False,False
artist_2295179fda655354a82d79e363ff1519,Six Gun Sally,1,1,False,True,False,False
artist_ca61f0d9e44e54f397853c2b23a01a9c,Six Sex,1,2,False,True,False,False
artist_53a9f602c35f5d9690a095fc60178e7c,Sizzy Rocket,1,2,False,True,False,False
artist_1c10fec1ba4354d9ac2388ef5c8a260a,Sketches,1,2,False,True,False,False
artist_930da1b710bb5bfa8042e23687d0917b,Skrilla,1,1,False,True,False,False
artist_81a14444bbf95f238bcb9e6858f86770,Sla Squad,1,1,False,True,False,False
artist_80673d697c6456d9af12bb76e009a8f0,Slacker University,1,1,False,True,False,False
artist_6803c1f1c4e6583f854a38b51c1dd55e,Slane Stuart,1,2,False,True,False,False
artist_3270685a617d5311b7fbdfb972602938,Sleeper's Bell,1,2,False,True,False,False
artist_5ce9b825ea96518aae3d62e25c72d18e,Slim Thug,1,2,False,True,False,False
artist_c39ef0187851508bb1be2bdb323c5cb4,Sloppy Jane,1,2,True,True,False,False
artist_d81212af272258bc88e0ea703e413111,Slow Animals,1,0,False,False,False,False
artist_8483d6c6863556f581d3b99fb2cca742,Slow Magic,1,4,False,True,False,False
artist_8bdd640a88c451a38c6be2d6c7f89258,Slowhole,1,0,False,False,False,False
artist_5c40010f900a5850bc11741dcc180d8a,Sludge Mother,1,1,False,True,False,False
artist_5255d5fd3dc753b880f49fe5c43aec57,Smokey Brights,1,2,False,True,False,False
artist_db96e9f3db9f53e197e97ab95e8eec09,Sn8ke,1,0,False,False,False,False
artist_0a5b5d1348c055ca8088541c1a273f08,Snakes Of Russia,1,6,False,True,True,True
artist_aa038789ee2555bc9f93b18cd2ed0d40,Snorkeler,1,0,False,False,False,False
artist_193aabbe4e5454d6a3aa05d0bcd39628,Snow Strippers,1,1,False,True,False,False
artist_3ec6334f231e552ebb51037e4adfdfb0,Snow Tha Product,1,2,False,True,False,False
artist_b411831ba1f554aa837272c8409f9b1a,So Fetch -- 2000's Dance Party,1,1,False,True,False,False
artist_64882525179e5c7394803e42743045d1,So Near,1,0,False,False,False,False
artist_7dd5c7f29e8351289d9dfe3896beb59e,SoFaygo,1,1,False,True,False,False
artist_cc1d2147d7c75ab6afe9ecdbec05c6fc,Soap Box Derby,1,0,False,False,False,False
artist_e90ce00e213b57e6ac01327ea84d6da9,Sobs,1,2,False,True,False,False
artist_380f6420c9c55b2eb09b6137a83792cb,Soft Blue Shimmer,1,2,False,True,False,False
artist_3a5d9bfcbee1543ea374a920ae35b6d4,Soft Spot,1,2,False,True,False,False
artist_ea80cbe0985e5e9ba3dbb0c45de826bd,Sofya Wang,1,2,False,True,False,False
artist_10a403ccb1c7526c9fd984e9eb1cd778,Sol ChYld,1,1,False,True,False,False
artist_e101f43fde1651469a27165b31882909,Solar Federation,1,0,False,False,False,False
artist_d7ce529fd8c65a0cbc221f67a79c1f33,Somebody's Type,1,2,False,True,False,False
artist_3d4ebba0caa95891863edba94ce28eb8,Somebody’s Type,1,0,False,False,False,False
artist_8f3d5e229e0a5505a3a888d898125cf1,Son Little,1,5,False,True,False,False
artist_21d53725d80c51e585ce5f5067677df2,Son of Son,1,1,False,True,False,False
artist_b331e18488235493ba015a46e2ea6a08,Sons and Heirs,1,0,False,False,False,False
artist_b1d67483cfbc5f458caeb0dff04a2f7b,Sophie's Body,1,2,False,True,False,False
artist_e87b5fa885c15dd5bc9ed219d2d578d0,Soraya,1,2,False,True,False,False
artist_e5694ce2186b51df9485db3b6f3ebea5,Soundwaves,1,0,False,False,False,False
artist_1a90ac0f35f8546ba3de9ab22744b83d,South Central Skankers,1,2,False,True,False,False
artist_6b2b72d0b2cb58db812874d786945ba6,Southern Culture On the Skids,1,7,False,True,True,True
artist_9e9bc385377d5259bca382508fd16515,Space 92,1,1,False,True,False,False
artist_ea8b8ac7cc5f5e40965b47d6bd60204f,Space Kamp,1,1,False,True,False,False
artist_2dcf248f647559a9826fbb9b7901a4ed,Sparta,1,2,False,True,False,False
artist_71af5706b5de574894852c771b233691,Spineshank,1,7,False,True,True,True
artist_0cea0a4d125f518ab00963bb60c8ed20,Spite Fences,1,2,False,True,False,False
artist_c4a440ddaeb052a88646db14234d84ed,Spunk,1,1,False,True,False,False
artist_b02325853b325e7cbbf6b3e85fc052f2,Squiggler,1,0,False,False,False,False
artist_d30419b3b0fe5b7fa6da77fa10b0b602,St. Vincent,1,2,False,True,False,False
artist_8b7268a9341f59bbb1408cd57df02cdb,Staind,1,2,False,True,False,False
artist_49873b7656dd5bffa3d944d39362cb98,StanWill,1,1,False,True,False,False
artist_cf5f8b7e075c510bbb3daabbb7184e50,Stanley Simmons,1,2,False,True,False,False
artist_df0d399c004b5881b492bfb139d83d4f,Star Card,1,0,False,False,False,False
artist_9e03b29c89d25742af59bf3f7abad8ef,Star Moles,1,0,False,False,False,False
artist_577be0dc826157929d76eaeb3c67580e,Starchild & The New Romantic,1,1,False,True,False,False
artist_a94315a47fba536bb9b6aa35bd537cd1,Starjunk 95,1,1,False,True,False,False
artist_f063bd3f353b5694a43a9628a6c33d3c,Start Making Sense,1,0,False,False,False,False
artist_ea393b33d5605516835383eeb4fa16a6,Start Making Sense (Talking Heads Tribute),1,1,False,True,False,False
artist_caabcb5ad3925941bf71bd89993f4f7c,State To State,1,2,False,True,False,False
artist_f739759d77ae5782bd9eb5968e646f7f,Steal Your Peach Band,1,0,False,False,False,False
artist_dcf261de8ede5e9b88e3bd16e534bebc,Steep Canyon Rangers,1,5,False,True,True,True
artist_e8a8b65ecebb58e6956e20301d501af6,Stefan Weiner,1,2,False,True,False,False
artist_52328c919aea5670b008cc337da5ddc7,Stella & the Rockets,1,2,False,True,False,False
artist_ea62d85c32ed50ab9c8f0d562e509a58,Stello,1,0,False,False,False,False
artist_16ced243c1365c0ab74c01438f230dd6,Steph Strings,1,2,False,True,False,False
artist_3119d5c40ad9566cbaae6888d8d9de9f,Stephanie Mills,1,1,False,True,False,False
artist_fd9a0fdd09d85378949778b976c2df72,Stereosity,1,2,False,True,False,False
artist_360fef424a4c518d83968839838bedba,Stetsasonic,1,2,False,True,False,False
artist_a7291dcc958950fa8fc6101b4c284f39,Steve Aoki,1,3,False,True,False,False
artist_a75fc6b04a945045b8898e02d75f2fee,Steve Forbert,1,2,False,True,False,False
artist_9cde303bc4835737b60928b5f217ada9,Steve Martin,1,1,False,True,False,False
artist_6118e0cb512a54a88dd872d1c2873739,Steve Martin & Martin Short,1,4,False,True,True,True
artist_98dbf6c0d0b15c3b8ed2a0679750e2c5,Steve Poltz,1,2,False,True,False,False
artist_b19e3ea2f1f759a2a186c3c9f25e4007,Steven G,1,2,False,True,False,False
artist_0d0ea1abd9535bbbbcefb66bff5b0d92,Still Remains,1,2,False,True,False,False
artist_e5afb56383fc518081d1f5e2b070306b,Stoney LaRue,1,1,False,True,False,False
artist_9d14f6aa50fc582d8de1f21581bedd1a,Stony Kill,1,2,False,True,False,False
artist_aeb42a84ef78519db2019d07dfeea91c,Styx,1,3,False,True,False,False
artist_b56102bdc2c35122af53bfe0ac0c4639,Subfuse,1,2,False,True,False,False
artist_841ef55892a8557bbd0437a088bd7aa9,Subtronics,1,1,False,True,False,False
artist_a48d0f4be4b35accb39bfa27600c8e71,Suicidal Tendencies,1,2,False,True,False,False
artist_80c85986de2b5e52bd7c4997a7869302,Suicideyear,1,2,False,True,False,False
artist_90efd004625955e6b5ce6a9f8acd441f,Sun Casino,1,2,False,True,False,False
artist_8a6f9985bbe858aeb8cb937f8789d62c,Sunburst,1,0,False,False,False,False
artist_04f2ae354590555294a78b30fb8ec5c2,Sunday Artist,1,2,False,True,False,False
artist_5aa5ed7f1fcd56229fe7449285692110,Sunday Saari,1,1,False,True,False,False
artist_367c8aa549bf5b9d9bfcf9aee4ba7f1a,Sunday Sauce,1,1,False,True,False,False
artist_ce072dc3dcb55a6787470d8f09e0e9e4,Sunday Static,1,1,False,True,False,False
artist_034119d0628c5349ba05f7dec3e29081,Sunny Day Real Estate,1,2,False,True,False,False
artist_fbc6c215971f5018bb683faff33b7833,SunrYse,1,1,False,True,False,False
artist_8d4cb1ac0f2a5f72ad9d5e4646dc27b1,Sunset Rollercoaster,1,2,False,True,False,False
artist_39ac77728fd85c6ba32c93bdf762c26a,Sunset Rollercoaster (落日飛車),1,1,False,True,False,False
artist_2a958a9468575aeb990086abda7f7069,Super Diamond,1,2,False,True,False,False
artist_62dd0f46edbf5a05a450eda3e317b3cd,Supernova,1,1,False,True,False,False
artist_e52c03069df357a18851f4cc1b85a08e,Supersonic,1,1,False,True,False,False
artist_46dd659aa23f59cea7909e946dbf8124,Susanna Hoffs,1,2,False,True,False,False
artist_a7f0fc717a015f2ebf4a3b674062d577,Suzy Jones,1,0,False,False,False,False
artist_dbbf084f82c853d2b680cf541840f546,Svdden Death,1,2,False,True,False,False
artist_fe73ab90c80c51158fedbdd4912674f2,Swamp Dogg,1,1,False,True,False,False
artist_8a379dac0eb659b2bbfb11b4702e4ad8,Swapa,1,1,False,True,False,False
artist_460cecc879f25d7cb3f419f06434d23f,Sweet Talk,1,2,False,True,False,False
artist_bcfa1a0611b85515ae659b0122f49662,Swimming Paul,1,1,False,True,False,False
artist_7eabc251a2a8546a8364ae34c55e24de,Sword,1,0,False,False,False,False
artist_cade19dab3305765a0902541c7e50ad8,T.I.,1,4,True,True,False,False
artist_e2eb1b6435b150408b9d18f21b50e068,THOT SQUAD,1,1,False,True,False,False
artist_0d336ce9d261590d94cc6b690ceb337e,THRICE,1,3,False,True,False,False
artist_686bf938b01d5a79b36fb3d5f67a8af2,TLC,1,5,False,True,False,False
artist_f0db00633b01548f96b3e918575be62a,TOKiMONSTA,1,2,False,True,False,False
artist_9e2605a87a7b5841aacd05f58e0978b4,TORTURETWINN,1,1,False,True,False,False
artist_6140a9e95d7c56d1ae0024a62cd6fa55,TWINS,1,2,False,True,False,False
artist_25afdd8b8f645bdc8fa470c9b930064d,Tabasco Birds,1,2,False,True,False,False
artist_2b9fe63dc5125c45a3367bdce1c88d9e,Tacos and Tequila Festival,1,0,False,False,False,False
artist_f3bb3be3071e5330aa97535945014b1a,Taiki Nulight,1,1,False,True,False,False
artist_87ebccb4a5aa5563a00e78c0a428bfc4,Taisha Estrada,1,0,False,False,False,False
artist_e8485275454c5b8380d4d242633d9a5c,TajMo: The Taj Mahal & Keb' Mo' Band,1,1,False,True,False,False
artist_0f7feeb0c44254c5bf3fb1917ab2acb9,Tall Juan,1,2,False,True,False,False
artist_6b1d036a047c5ba5a394fa6f54bf4f06,Tamar Braxton,1,1,False,True,False,False
artist_38597d089639545687f99b0c597d66f0,Tamia,1,1,False,True,False,False
artist_6f52f6124dfe566fb92515dffed48de9,Tank and the Bangas,1,3,False,True,False,False
artist_87ffeb2f765c5717b7c43371ea704d40,Tanzen,1,2,False,True,False,False
artist_a2e04265df4d5393b46b4160abd6d189,Taxi,1,6,False,True,True,True
artist_b5d9bf11bf615c7b8f78a7ddab1fd97d,Taylor Dayne,1,2,False,True,False,False
artist_9cc044b946d959a09b7be1a84bd975d9,Taylor Iman Jones,1,1,False,True,False,False
artist_b063b196f42d55678e966278564dfbd6,Tayy Tarantino,1,1,False,True,False,False
artist_e46008e4d33c5dfeb1645de03c118cb5,Tchami,1,2,False,True,False,False
artist_af853ac72d5f5626992071cbad9ff689,Teddy Mailer,1,2,False,True,False,False
artist_0fb8de3d21e957af96605a1b3060ac17,Teen Mortgage,1,7,False,True,True,True
artist_581a65d217245996a30d917388d609ca,Ten - Pearl Jam Tribute Band,1,0,False,False,False,False
artist_4d923deed693595aa9044969b7bd2417,Tenille Arts,1,1,False,True,False,False
artist_a7c5e3fb6b1c5179b7e73836d53ee995,Teramaze,1,0,False,False,False,False
artist_b9b6b41aee635b41988c82d9049091bf,Tesla,1,6,False,True,True,True
artist_4c4d571ff5f25d1aa80d537da6971f41,Test artist,1,1,False,True,False,False
artist_212212b651ab5ef7a06aa1c187426ede,Texino,1,2,False,True,False,False
artist_ead9d4a8f09351249147a866156bc5eb,That Graduate,1,2,False,True,False,False
artist_95feddfd218b5576ae73db8d0d661f50,The Academy Is,1,2,False,True,False,False
artist_f501d1ecdf0e51b1b82df1a817377f67,The Alchemist,1,1,False,True,False,False
artist_dacb5649a4ae5fdf920014db3002c865,The Arcadian Wild,1,4,False,True,False,False
artist_109fb15fd47853ca8f02845885bbd08a,The Association,1,2,False,True,False,False
artist_5d68e70a08fb5bce81320031f8883923,The Asteroid No. 4,1,2,False,True,False,False
artist_8ee7bdd6291e5cc4b7fcb345e76c5688,The Audacity,1,2,False,True,False,False
artist_6f3a3e78de925630b9e39739f9dd4bb9,The Australian Pink Floyd Show,1,1,False,True,False,False
artist_dea9b9020b7d566e8b20454a9d74056e,The Bad Plus,1,1,False,True,False,False
artist_82d77f41bfe35fd58026e7030a91c2b8,The Barons,1,0,False,False,False,False
artist_a5adaa1f935854d8bd16dd24c805eef7,The Beach Boys,1,2,False,True,False,False
artist_b807872be0185b2ba60ade063e19c068,The Beths,1,2,False,True,False,False
artist_a523616de7af5adcba8af83ad2a9bc43,The Black Crowes,1,2,False,True,False,False
artist_f0770a5d011156449cc1ddd51a32a880,The Black Heart Procession,1,2,False,True,False,False
artist_c815ebee867454e587d5c8930d03614c,The Blue Drivers,1,1,False,True,False,False
artist_7898d68cb4e35a28b156f5309eb1641e,The Bluff,1,2,False,True,False,False
artist_30e235b1feba5c42bcb421adf126d09f,The Body,1,2,False,True,False,False
artist_7951fcc1133254b1b0c06316027a73b2,The Brothers Comatose,1,4,False,True,False,False
artist_1fa6afd9fb6c5584acd7ea54aeae1877,The Brudi Brothers,1,0,False,False,False,False
artist_7505779fbd645dc49422aa5ec97b557c,The Burning Hell,1,3,False,True,False,False
artist_f35b009dd7095178b7a5cba519faa9a5,The CFR,1,2,False,True,False,False
artist_6c2f7c4c8208534c9ccbde6ff4271ccb,The Calling,1,2,False,True,False,False
artist_060a124ab2d65d40ac2d8d568000d2cc,The Charities,1,2,False,True,False,False
artist_c95dc06536955e929dbbb3bea676d150,The Charlatans,1,2,False,True,False,False
artist_3e207f824c4e5a878655702eeee1dbd3,The Cheats,1,0,False,False,False,False
artist_e25a22ec8ef15fe59f763b056ff96dc7,The Citie,1,1,False,True,False,False
artist_9b9363b68bf455b0b83a12a7c27ec675,The Concert: A Tribute To ABBA,1,2,False,True,False,False
artist_f7d1353c753950b7874a45220d5ff32c,The Convalescence,1,2,False,True,False,False
artist_d35a45f975945a45a097028a472945e1,The Coral Reefer Band,1,2,False,True,False,False
artist_2b06053925265de0bdc38a7c66e7f380,The Cowsills,1,2,False,True,False,False
artist_0c988b02b14a56acb216e8bb0920363e,The Crane Wives,1,2,False,True,False,False
artist_fc28820561a352e08b057aa4e8462573,The Damn Torpedoes - Tom Petty Tribute,1,0,False,False,False,False
artist_a69c0820a7765f7e9c499c87aba44ae9,The Dealers,1,2,False,True,False,False
artist_7caeb7707e37581b90aaa2ce0d0d1097,The Del McCoury Band,1,0,False,False,False,False
artist_9538001f46c95b93ba79e2888bf05cba,The Dirty Guv’nahs,1,1,False,True,False,False
artist_6cff0c4af0ed598bb259a683e4b64d4c,The Discussion,1,2,False,True,False,False
artist_325ffffb2985558bbf7a1c28230108f4,The Doobie Brothers,1,4,False,True,False,False
artist_09c236cbc2e3584881a92f561c7f4c13,The Drowns,1,2,False,True,False,False
artist_47330a77fbe95678816088948e9f0b44,The Final Agony,1,0,False,False,False,False
artist_84e0db85d2e0502b90fb73c55aeb2561,The Fortunes,1,2,False,True,False,False
artist_009972e94de0545fa25b0e1467455f15,The Freddy Jones Band,1,1,False,True,False,False
artist_bacede4177415d129bbff0645f0d4ee3,The Front Desk,1,2,False,True,False,False
artist_ec51677e2d1256b1af4bf088f94e37fe,The Gathering,1,2,False,True,False,False
artist_006e0ffdc5865e57b1d1e1ee9c7a2d1c,The Georgetown Orbits,1,6,False,True,True,True
artist_5acdb2cbe8135760b234bcb65f1ecf8e,The Get Up Kids,1,4,False,True,False,False
artist_48fa1a9b33e55112bc2fe7802d2075d6,The Goons,1,0,False,False,False,False
artist_fc3f34ca6486590c9385e687023bac7f,The Handsome Devilz,1,2,False,True,False,False
artist_0ad3d83b5e26506290123acb94b1414d,The Head And The Heart,1,1,False,True,False,False
artist_3dc5f8d88c8e50d4acaf6cc12de981e5,The Hell,1,2,False,True,False,False
artist_7ed5db271f4e56b2a85145c94f32a1c8,The Hip Abduction,1,1,False,True,False,False
artist_e716ed0866c55c5ca1b028e81d48307e,The Home Team,1,1,False,True,False,False
artist_ef5aa47a2d985940bcb68b5f46df220b,The Infamous Stringdusters,1,6,False,True,True,True
artist_6f478a63ed405daa8dca88aaf4fc56bb,The Inspector Cluzo,1,2,True,True,False,False
artist_1377d5d6ef75569285d499c8bcf70923,The Isaacs,1,2,False,True,False,False
artist_7ff701886c4a5a04ba2e4f383fdcc29c,The Jellies,1,0,False,False,False,False
artist_dbdea517b8dc5e56aca5717545adc242,The Joshua Tree,1,0,False,False,False,False
artist_952a9cedc58d55b3b7823e629382c207,The Kenny Wayne Shepherd Band,1,2,False,True,False,False
artist_cc18af6ec04d531f9317491c260dcd46,The Knocks,1,2,False,True,False,False
artist_a6f66014932d58788f9831578acffd1e,The Lady of Rage,1,2,False,True,False,False
artist_cc12fe3b546b5203a436cb1445082c39,The Long Players,1,1,False,True,False,False
artist_a6c41f0f426354b289583625537c92a9,The Lox,1,3,False,True,False,False
artist_e9f017c64c405c49940e2a20e6183feb,The MAKs,1,0,False,False,False,False
artist_125dd64e26875a24b933c12326e04c46,The Main Squeeze,1,1,False,True,False,False
artist_004da762b32c59cab7f5b8f325329c3e,The McCrary Sisters,1,2,False,True,False,False
artist_b89b56b3e9e950329a7a5519fc709643,The Meeting Places,1,2,False,True,False,False
artist_9af97f295b78553db9cdcd77b39fcf0a,The Mike Macchia Band,1,0,False,False,False,False
artist_ff430d5edc5d50fab83288896a33cd2e,The Montvales,1,2,False,True,False,False
artist_d126cffb57665715905e3e0d72a9c8a1,The Murder Junkies,1,2,False,True,False,False
artist_b95c7bfb733b50e4921423ad10568f2a,The National Reserve,1,2,False,True,False,False
artist_4795ae1bccf3558ca164937d875096e2,The Normas,1,2,False,True,False,False
artist_7f316007c44d5032b5845f4ec4406db8,The O'Jays,1,1,False,True,False,False
artist_d28b32eb10f25c75976d9ac925ecee27,The Obsessed,1,6,False,True,True,True
artist_9d3f7352752c563b9363849b6acda23b,The Ocho,1,0,False,False,False,False
artist_dc7e25b365415003b1771d17a66286b0,The Official XXL Freshman Live Concert,1,2,False,True,False,False
artist_5ded1cce507c50f4bf324d2358b08ce5,The O’Jays,1,2,False,True,False,False
artist_d111d26317aa5ed8938a788e4327b2f4,The Paranoyds,1,2,False,True,False,False
artist_c66c06c8fa135f7f9c9a7c1ca02e989c,The Philharmonik,1,2,False,True,False,False
artist_12878d82778d5ae0aff59af81d6204eb,The Prodigy,1,3,False,True,False,False
artist_fd769293e16f538999e166aed025610d,The Pussycat Dolls,1,2,False,True,False,False
artist_ca5f130b1cce5a56994b933865ea782c,The REMakes - REM Tribute,1,0,False,False,False,False
artist_d9b7ae1194ef5b20adccd46d4d82ccf5,The Regulars,1,1,False,True,False,False
artist_a80d1236124658f8b039813dda395b01,The Remnants,1,2,False,True,False,False
artist_3b260020f8735cfb8099a6afd7073b6b,The Reticent,1,0,False,False,False,False
artist_45e85447f99852c3af4622ba88b2b5e6,The Reverend Horton Heat,1,3,False,True,False,False
artist_fe51e87aa23d5adaab59d3b77a1da768,The Rock and Roll Playhouse,1,2,False,True,True,True
artist_96d2715477995a1bbfdcf21627b42087,The Rocky Horror Picture Show,1,2,False,True,False,False
artist_f8300df279ec5773aa7d5a47708aac85,The Romantics,1,5,False,True,True,True
artist_8299b24bc67756adb89950c92b4d8607,The Samples,1,2,False,True,False,False
artist_569cabae438f55babed517722be1a25e,The Selfless Lovers,1,2,False,True,False,False
artist_cd568ae47e4a5605993087f5039a8b59,The Seven Wonders – A Tribute to Fleetwood Mac,1,1,False,True,False,False
artist_dd249b10d8305fe7ba319535ab33322b,The Sewing Club,1,1,False,True,False,False
artist_a37b5313deb950a1b84d41e7817d1b0f,The Smiths Tribute NYC,1,2,False,True,False,False
artist_e37846f9670355c3ae23d7cced85c08d,The Smokes,1,1,False,True,False,False
artist_910f8362c3605ad796e6dbd75d7f2caf,The Spectrophiliacs,1,2,False,True,False,False
artist_3150ac5d92035fc5ac903b0d59b2a48b,The Spinners,1,1,False,True,False,False
artist_182711bcf0a15909b55601051e0900f3,The Sundogs,1,2,False,True,False,False
artist_b037b8d02e8d5e0e861882ba8f2296ff,The Sword,1,1,False,True,False,False
artist_50264689b9585adf99d760fb5f4291cc,The Taj Motel Trio,1,2,False,True,False,False
artist_8b45e7723f17527bbbe12d393945e606,The Taylor Party: Taylor Night,1,2,False,True,False,False
artist_853c7929888e52c88f1cda3a1440f7fb,The Tear Garden,1,4,False,True,False,False
artist_41e0adb6fee55d81863b0a024c00555d,The Troggs,1,2,False,True,False,False
artist_1270be1918fa5d418ad63609e13dda7e,The Uncommons,1,0,False,False,False,False
artist_f934207f9c315e149ac0a2d288388379,The Unusual Suspects,1,0,False,False,False,False
artist_74c2a9cb89465889bc52f7e1f0d0c203,The Vigodas,1,2,False,True,False,False
artist_0f41caa156d65390a9d9a7906412ce2a,The Vogues,1,2,False,True,False,False
artist_763bab775518581498987b330207fc16,The Voyager,1,0,False,False,False,False
artist_2b127890b39850cbaa25d223c7504038,The Waco Brothers,1,2,False,True,False,False
artist_2326943aafbe51929929502cef2754ad,The Wankers,1,1,False,True,False,False
artist_3c34f7f9aef4523abe60da293284797b,The War And Treaty,1,4,False,True,False,False
artist_64cfe8a355a054629bf48d537de2ce98,The Waywords,1,2,False,True,False,False
artist_8b1662e97707591d82c9516c525aa2be,The Weeks,1,2,False,True,False,False
artist_d702018a5a3e5b7098a01f116d895a72,The Wilder Blue,1,2,False,True,False,False
artist_8e34e1fc7d445aceb2bd17d35524b76a,The Women’s National Hockey League,1,1,False,True,False,False
artist_785fc1be9cd650c1a98afebe7f3c4d4c,The Yawpers,1,2,False,True,False,False
artist_df09a37d73845bc18241d20074816201,The Zeros,1,2,False,True,False,False
artist_1dae658523535e4e9d2a8948cedaa33b,The Ziggurat,1,0,False,False,False,False
artist_68922d90816e55c8b5d21cd2bc33dcac,Them in Uniform,1,0,False,False,False,False
artist_05be523b641e52c889aa352254937dad,Theo Kandel,1,1,False,True,False,False
artist_b7cc1f646b845b23bbfeda10016f3ae6,Thievery Corporation,1,1,False,True,False,False
artist_3b133bb5047a51f7b1d0f947a2b32362,Threshold,1,2,False,True,False,False
artist_8c58d4cb9fc156f4a4649c61be0add12,Thunder Club,1,0,False,False,False,False
artist_1593f7d2e2a85a0c8077064e4ec6b0a1,Thurston Howell,1,0,False,False,False,False
artist_5176fb02741053339da90160e179c428,Ti Steele,1,1,True,True,False,False
artist_2281cd26eb0b56edaab57e4a08023192,Tiffany Stringer,1,5,False,True,True,True
artist_46a7a521ac1b5bdd88f6dd89bc629a01,Tink,1,1,False,True,False,False
artist_753cb273b50a586c9e97a5dedbcff0f9,Tiësto,1,2,False,True,False,False
artist_2d2f2c4b361757d59e3d8e7ab163f62f,Toad the Wet Sprocket,1,3,False,True,False,False
artist_567b33cd53795f908ea6b33c5cb8d6b0,Todd Edwards,1,1,False,True,False,False
artist_7cb1c2ad75875c0d97dced2e778b0bb1,Tom Marsi,1,1,False,True,False,False
artist_49eb68d9512c509183762c25ea617730,Tom Morello,1,2,False,True,False,False
artist_d2adf23913dc51f39ac996b964d0609b,Tom Scamell,1,2,False,True,False,False
artist_e2689b0b77705156b88ffe7ffbc23414,Tom Siletto,1,2,False,True,False,False
artist_bb7181ece04755db92fc3892b58aaee5,Tomas McCarthy,1,1,False,True,False,False
artist_fc84e70518c2507d9f5dc8a789470d31,Tombstonehead,1,1,False,True,False,False
artist_e293be13256159ad9e9f1ba727281056,Tommy Fleece,1,2,False,True,False,False
artist_c25d54d5e69c5f3cbdf0f195add1f49f,Tommy Newport,1,2,False,True,False,False
artist_51ba3481f1535b679cd7da34e8f46c0c,Tommy Ragen,1,2,False,True,False,False
artist_4e7703f98efb53e58f86bffbaec8bcb2,Tomorrow's Problem,1,1,False,True,False,False
artist_36a3ed4d22275ebb99fb7994475376b3,Tonic Walter,1,2,False,True,False,False
artist_a84b328807165700ae1c4e986d731acb,Tony Jupiter,1,6,False,True,True,True
artist_129aa3d2d6a852839828680114424cf6,Tool Tribute Band Schism,1,2,False,True,False,False
artist_12f58dfbb1c3530daf8931c6a6046607,Toothpick,1,2,False,True,False,False
artist_107b1c38056b5437b0ba63a86e318ee9,TopOppGen,1,1,False,True,False,False
artist_56ad9ba768d65c2e97f077feca8ab83e,Topographies,1,2,False,True,False,False
artist_747a191639eb5dd6bc7da991dfcbc3a6,Torture and the Desert Spiders,1,1,False,True,False,False
artist_98862b01d1765a88b65ec5c7b7febe43,Totally Tubular Festival,1,2,False,True,True,True
artist_f7b947e8c1c454a996834e9c5a898702,Toto,1,5,False,True,True,True
artist_a350bc23c5bb5790973e6f2e9de3112b,Tounds,1,1,False,True,False,False
artist_fc4252b8ec3f5d98bbc7dc111ad00853,Toy Armada,1,1,False,True,False,False
artist_83b9ec685f685a8994506adf1f73cda1,Trace Adkins,1,1,False,True,False,False
artist_0d1bfc70745a5876a49d16b38ead36b6,Tracey Lee,1,2,False,True,False,False
artist_503644baa07958bdb610faa3575e5d07,Train,1,2,False,True,False,False
artist_92a3d34cb657503fa83646443279dbf1,Trap Dickey,1,1,False,True,False,False
artist_0172689ec0a55d00afab522b5ad587e2,Trapped Under Ice,1,1,False,True,False,False
artist_e5e74a01394250b69d84a0a815546ed1,Traps PS,1,3,False,True,False,False
artist_022d1e448410522d95194427b4381e56,Trash Executioner,1,1,False,True,False,False
artist_a8105cc221405ac38e1f81b59e5e3e80,Travelin McCourys,1,1,False,True,False,False
artist_16b5ae08d4bb583b90c95aabb9dc9ce8,Travis Larson Band,1,0,False,False,False,False
artist_5f38ba15f1a05cecb8cc9e4cd55fb387,Treppenwitz,1,0,False,False,False,False
artist_6e1817d840595fc29da7ec258494ecaf,Trey Magnifique,1,1,False,True,False,False
artist_d5d281cb23525ffdac341d36a8974151,Tribal Gaze,1,1,False,True,False,False
artist_f0c427176e1f56eb8d9daa9ebcef1840,Tricky,1,3,False,True,False,False
artist_acb8ae2d9960502a84c25d570188f4e6,Trina,1,4,False,True,False,False
artist_fc893ab0200655c8821e985d1400d76c,Trio Los Panchos,1,0,False,False,False,False
artist_a2201b4e64465930af9c0db75982044b,Trophy Wife,1,0,False,False,False,False
artist_1fd661a97ff658d1ab976e7f5f7fdfcd,Trouble Ahead,1,2,False,True,False,False
artist_e8fcbefa9a135c03b54702ddfc84e6f0,True Blossom,1,0,False,False,False,False
artist_43da4b3f40525f0db463ebaea62ac19c,Truth,1,2,False,True,False,False
artist_2321afff363255a88aa8581df02dad00,Tuff Crew,1,2,False,True,False,False
artist_06ed9bc60af75ee3b2193342f482845d,Tunnel of Love,1,2,False,True,False,False
artist_7601ce0161695e419671ff5cdfdaf7ff,Tusk,1,2,False,True,False,False
artist_4e8cc966425c524a9a136071441bb56b,Tweet,1,1,False,True,False,False
artist_22491cbec7eb550f8124223cea47147f,Twenty One Pilots,1,2,False,True,False,False
artist_afea3296f4cd5a178cb623d7f7d94da7,Twenty Something Summer,1,2,False,True,False,False
artist_c146a2a49a115bcbb00e99642c547ec4,Twin Ritual,1,2,False,True,False,False
artist_b4b398ae69355625bf5f958f4732ef3f,Twin Temple,1,2,False,True,False,False
artist_b509845feefe5fd7a92a40e6ed573732,Twinnie,1,2,False,True,False,False
artist_f74c8ef11f96529a8c1bf60420dc68a9,Twist (Tribute to Korn),1,0,False,False,False,False
artist_09651ce1c14e558dbdff48fdce1e1168,Twist It,1,2,False,True,False,False
artist_3a2276bb31c055f188f73925b225cef4,Two Runner,1,1,False,True,False,False
artist_66f5a8c576165298a5ae092e5ab5ad6d,Ty Herndon,1,1,False,True,False,False
artist_6052c8b4b1b25866a0ede5faa884efed,Tyler Bryant,1,2,False,True,False,False
artist_70ae861de7c05a0cb5afd90729ed00f4,Tyler Mann,1,2,False,True,False,False
artist_d18cea27cb5c528fb308df0061067dd2,Tyler Reeve,1,2,False,True,False,False
artist_711fd8ee1d0551fc8715355e282e64a3,UB40,1,1,False,True,False,False
artist_2a9b298b2897530a8fef8183de7f11d6,UB40 Featuring Ali Campbell,1,1,True,True,True,True
artist_a03907faf26b55729c2119e8669724fb,UB40 feat. Ali Campbell,1,1,False,True,False,False
artist_f5724df6727c52c4b70e6bd97386938f,USAA's Salute 250 Kickoff Concert,1,0,False,False,False,False
artist_ba151f614c1f5aee871eb1308baa0251,Ulf Wakenius,1,1,False,True,False,False
artist_17fe75520a2b5b1a87dc01a33ccaf370,Ultra-Lite,1,0,False,False,False,False
artist_8dacb1b915f85c7589e4993479b50a87,Um Jennifer?,1,0,False,False,False,False
artist_7b2bb8a44f4e554a9b90e0b741421cff,"Um, Jennifer?",1,2,False,True,False,False
artist_a2e88d8b77ac504dbcc12072480d39b2,Uncle Acid & The Deadbeats,1,2,False,True,False,False
artist_d2ff4b56bf3f5704a46ff0dc91ea617f,Uncle Leon and the Alibis,1,1,False,True,False,False
artist_16b2387c6c675b12a64d3823cb3345ba,Union 13,1,2,False,True,False,False
artist_399040e1c6505d538049b74b40db339c,United We Dance,1,1,False,True,True,True
artist_e660be0c337c5b4da61079c891ef1885,Unloco,1,2,False,True,False,False
artist_3cdbfb69f4c55877aec1d1242d69af1a,Unplugged (MTV Unplugged Tribute Band),1,1,False,True,False,False
artist_710b8807198d5348a00e2db39a33f922,Unwritten Law,1,2,False,True,False,False
artist_d9824182c48558488d0905d53327528a,Usaybflow,1,0,False,False,False,False
artist_1e7211479f1b56efb07860c569526a98,VANI,1,1,False,True,False,False
artist_501c269c1c845736b56bb043a0ce7f49,VKTM,1,0,False,False,False,False
artist_3bfd4ca7841a5c8c94379200ee72cbeb,Valley Flower,1,2,False,True,False,False
artist_705b9a4c8dac5d11a30ef699c024e831,Valor,1,2,False,True,False,False
artist_ac95309093af5cac8bc7eac38b5584d7,Value Select,1,1,False,True,False,False
artist_32f51ebc540950fc8603c3144b576787,Vampire Weekday,1,0,False,False,False,False
artist_5186337706735c44b5f0509589208094,Van Dyke Parks,1,2,False,True,False,False
artist_4b4f2eafead354e09fc7e553fdc0c057,Van Orhari,1,0,False,False,False,False
artist_3d22c969a112590bbd6d2c03c027ff6d,Vanessa Zamora,1,2,False,True,False,False
artist_0b68f4b9468e514594d0a85903dbae28,Vastive,1,1,False,True,False,False
artist_e57809c9b6485e57aeefe8278d00a940,Veeze,1,1,False,True,False,False
artist_8cdb78c2517e5df08bd534017629119d,Vicious Order,1,0,False,False,False,False
artist_32f01e3aeee95011875be72c37003c2a,Victor Calderone,1,1,False,True,False,False
artist_a09e88abb2745aa1ad059da8cfd67e34,Vikki S,1,2,False,True,False,False
artist_4d47a04d490b5f2ab58e1765d69412a7,Violent Femmes,1,4,False,True,False,False
artist_a303a2cee2e7562ca12c79ffbe6f409a,Violet Grohl,1,2,False,True,False,False
artist_f4cc7ae2aed25716906a0340e0e6ff62,Volume 10,1,1,False,True,False,False
artist_d4b5c239d8d55ba7b901bccc1ba159ee,V★Silver,1,1,False,True,False,False
artist_f923b5529470514e890f6249c9b6c1aa,W.I.T.C.H.,1,2,False,True,False,False
artist_df4205393c9957458cb8c7afa597277c,WWE,1,1,False,True,False,False
artist_b5d1270bb981554aa149db4eaef91ead,Waax,1,2,False,True,False,False
artist_759a9ee34838526281da71fb8b870f6c,Wade Bowen,1,1,False,True,False,False
artist_eae9948f92e459e596e1dbc336cd58b1,Walk Off the Earth,1,2,False,True,False,False
artist_4d731d27430852359281037b5ad2c458,Walk on Homeboys,1,1,False,True,False,False
artist_c160762de730500e9fc5f6e872c9f863,Walker & Royce,1,8,False,True,True,True
artist_f2c7736c65e352d1955f429ad913d700,Walter The Producer,1,2,False,True,False,False
artist_a92c7b02ab135f02badfda8e02e6117a,Ward Davis,1,1,False,True,False,False
artist_c8a42ff929a7569795226d5f438669ca,Warhol.SS,1,1,False,True,False,False
artist_839dae30062c5bc99683e22ef6bcb6c0,Warlord,1,0,False,False,False,False
artist_e7a7b3a275285b0fb2e00f3ae62f9fe4,Warphole,1,2,False,True,False,False
artist_63f9a0ed6af25d5b82be2cf870bc7c94,Washer,1,2,True,True,False,False
artist_0b73f52bc5a15c95a88d42a38eaee569,Water From Your Eyes,1,5,False,True,False,False
artist_9d2d1b93e97950e384a42bd0ca765342,Watershed,1,2,False,True,False,False
artist_67170cd95b605d37b9fad4257bee740e,Wavves,1,2,False,True,False,False
artist_b600d073faef5ab2b440add44328682c,Way Dynamic,1,0,False,False,False,False
artist_eae6a44d134453d6942f3a5c445af1cb,Waylon Wyatt,1,2,False,True,False,False
artist_9da0836073065b9082e64e42990e5ca7,Wayne Hancock,1,7,False,True,True,True
artist_32ef3f0df41658fab12e547ac3614bb9,Webb Wilder,1,2,False,True,False,False
artist_1ab1e912f64c5cf08be65b53886a88d6,Webbie,1,2,False,True,False,False
artist_a4a16fd123855a229319c486917667ef,Wegz,1,1,False,True,False,False
artist_50d19b97e86552deabf491756b262eab,Weird Phishes,1,2,False,True,False,False
artist_c0ebfce0b6545e538186872614c243bd,West 22nd,1,2,False,True,True,True
artist_9e5761122744530eadea1a06340facbb,Westwood,1,1,False,True,False,False
artist_70fa099c23b35429837e2d07403e4757,Wh**emones,1,2,False,True,False,False
artist_98424580068c5f20a91fdd649252899f,Whethan,1,4,False,True,False,False
artist_270318c2e105558488a31709365bdde0,Whirr,1,2,False,True,False,False
artist_9a1f4baa2d165e51942e50d4d9e3cfb0,Whiskey Bound,1,1,False,True,False,False
artist_487a6108e827506388abc74c71c3c503,Who's Bad,1,0,False,False,False,False
artist_95fa5e92a29b5b1cb6cc0466ee16729c,Who's Bad - Comedy Show,1,1,False,True,False,False
artist_a4ffa8369bf75393912069b44482114c,WhoMadeWho,1,2,False,True,False,False
artist_6ca636044aae5784a7fca64f1d546a9c,Who’s Bad – Ultimate Michael Jackson Tribute,1,0,False,False,False,False
artist_74265eb73cc25ee3849c08ff7cb4e1ea,Whyburn,1,2,False,True,False,False
artist_50278896814759dd82e23710b516b99b,Wielded Steel,1,1,False,True,False,False
artist_0dd8653dd9b659ef96f3363283f9ab29,Wiki,1,1,False,True,False,False
artist_b518820ac43b582488401fa450ac3d52,Wild Bill and the Bruisers,1,2,False,True,False,False
artist_7482354edcef5f399599821d4372aecc,Will Clarke,1,1,False,True,False,False
artist_f72f964e1b29501481b8a63c6806428a,Will Dailey,1,2,False,True,False,False
artist_76cb1c0faf9d5bdba935128cb383733f,Will Hoge,1,2,False,True,False,False
artist_e1c6032061495c798b64e4831e3dbde7,Will Linley,1,2,False,True,False,False
artist_3238e335549355bd9145891513632c5f,Will Overman,1,0,False,False,False,False
artist_b13a63c48a445d17acf12fff577a5007,William Matheny,1,2,False,True,False,False
artist_73ffbe1397d35dd8975814a1ad08124e,Willie Nelson,1,5,False,True,True,True
artist_e0db6f84e6f75ee3a2146976d2c8dbda,Windbornes Music of Journey,1,0,False,False,False,False
artist_b1dfd8b9a1775562b93af4d87b3777b3,Winterteeth,1,1,False,True,False,False
artist_7f26e8b57a2559538a5b16598ab79eef,Wishbone,1,2,False,True,False,False
artist_0c8441788617573381fa37c9d0ff70b4,Wizz Havinn,1,1,False,True,False,False
artist_27b537b383d057e799a591da658c042e,Wolf Legion,1,0,False,False,False,False
artist_07a3922378a059eaac3786ce9876ed1e,Wonny Jane,1,1,False,True,False,False
artist_958ebb2e3c4d58d19675cd58e17fd8c2,Wooli,1,1,False,True,False,False
artist_4b9555496598551f8c4b97630ac380d7,Wormhole,1,1,False,True,False,False
artist_4911d9097d2a54e7af7e66ef055e1120,Wraith,1,2,False,True,False,False
artist_9d5ec03090e15e2e823eda1dd5bd4edb,Wretched,1,2,False,True,False,False
artist_84d3c1d550ba5e4d84ca3989f1bc141a,Wu Lyf,1,2,False,True,False,False
artist_a9a547a9935e57b88a735a297975df82,Wu-Tang Clan,1,2,False,True,False,False
artist_ecec9d7c8f5250e881f728ef142ee1b9,Wussy,1,2,False,True,False,False
artist_182a8312088f5a48a2fffa45bd19e82c,Wynton Marsalis,1,1,False,True,False,False
artist_c7f03b86494f54f48029cab74595fc1e,XCOMM,1,2,False,True,False,False
artist_59d9b6427f895678b187783a169f4264,XKYLAR,1,0,False,False,False,False
artist_869593ce3fe255638fbe0cff1718b300,XNDR,1,1,False,True,False,False
artist_e7d8e76847465e60abb0e578d00b8973,Xavier Lynn,1,2,False,True,False,False
artist_6ff20860d55b59b1b53a96ff7022e206,YETTI,1,0,False,False,False,False
artist_881f04ff983d59f0b16d945a46509a2b,YHWH Nailgun,1,3,False,True,False,False
artist_3b7326697fcf550191ea8e25366b1057,YOCOYA,1,2,False,True,False,False
artist_8178b0884aa95f44a1e7fe0a09640df6,Yagki,1,2,False,True,False,False
artist_7d79d0e6a508503c9dd5fe89613931d5,Yes Dear,1,2,False,True,False,False
artist_27005f3d54105e92915b84ed8c3d80cd,Yes Ma'am,1,2,False,True,False,False
artist_e104d71d66415ed7860ec811d5400929,Yesenia Then,1,1,False,True,False,False
artist_280c483be1bc56aa987b450a6bafd2b6,Ying Yang Twins,1,2,False,True,False,False
artist_06aac73ebd0c5dfaa1ce25af1cc39eed,Yola,1,5,False,True,False,False
artist_34fe6de014a05fac92dc77512fbde1f6,Yolanda Del Rio,1,2,False,True,False,False
artist_ca4822d4132d56b79662b20ca9c343e0,Yotto,1,1,False,True,False,False
artist_fda3e0138a255e1ca9b66cd431a670d8,Young the Giant,1,2,False,True,False,False
artist_2fcf18139611527fa468a0ca94424955,Youth of Today,1,1,False,True,False,False
artist_091ad00a8bdd590c9c27d8ceb73aed94,Yume,1,2,False,True,False,False
artist_b16affb1b20c58d5be16532c5b9fcd95,Yung Bae,1,1,False,True,False,False
artist_f69cda5108095a588c54f69c7138d91b,Yung Joc,1,1,False,True,False,False
artist_ac32d27bca75520eb64875714e5b89e5,ZAYALLCAPS,1,2,False,True,False,False
artist_d96007bd8b535754a46988ea51f986b0,Zhamira Zambrano,1,1,False,True,False,False
artist_34e32970f01b5b91828f0a6ed833b30e,Ziggy Marley,1,1,False,True,False,False
artist_96d389024ebd5ab48ce652e2ac649cd4,Zoé,1,2,False,True,False,False
artist_cf46ebae39925968802d6931036dbbf2,aespa,1,3,False,True,False,False
artist_a5e96ef8ac8d5eb392d8343d41611180,antiquarian,1,0,False,False,False,False
artist_e857302b7a095028b9abbff6ec3ed56a,aurorawave,1,2,False,True,False,False
artist_055dce1a96f25e5b9b6946a3fad22902,bar italia,1,2,False,True,False,False
artist_119dd992371f5f9bbf3f546488b73c0e,blood club,1,7,False,True,True,True
artist_6e9924ff2c625fdabb9228792bcbb853,bodyimage,1,1,False,True,False,False
artist_4f3b88448c2b56cbb4f7a26d77d3652f,boy 2000,1,1,False,True,False,False
artist_2ae2c6ed0497504b99a09a523ef2d4b7,brahm masla,1,2,False,True,False,False
artist_2b78c617ba0e57f798b433cee557b2fd,camoufly,1,1,False,True,False,False
artist_432740fd0a1558cbb23d47acaf6f5c80,chokecherry,1,2,False,True,False,False
artist_dbf591e5ccce51fdb828822251cd2506,clipping.,1,2,False,True,False,False
artist_992ce299308950b1b204e4e0fc60522a,dilhaar,1,2,False,True,False,False
artist_72048d5c51e3512c9dc6827441c3bc56,doug.,1,2,False,True,False,False
artist_58e0b7e5b1825657addfd417d128e271,ellis,1,1,False,True,False,False
artist_79379757799c5589b5a271d3be50a15a,elmora,1,1,False,True,False,False
artist_2aeecc2b93c35e2684835b587a5d9bf1,ero808,1,1,False,True,False,False
artist_0821d24850015d86ae97be4a7499f3ab,frail808,1,1,False,True,False,False
artist_697c1708c9035c139a035a1e07d87cbc,garbagebarbie,1,2,False,True,False,False
artist_9d4f204063ac5bc29a49c5345fc75bb7,goondi,1,1,False,True,False,False
artist_e9ce7ef8f27d5d0289cfc9ddbb3a5a1c,greenteawasted,1,0,False,False,False,False
artist_2155e85025235599bb9a2d9ec0b00405,harf.,1,1,False,True,False,False
artist_3c52ba6375cc5f78834c5cbbba10c729,herCULES,1,2,False,True,False,False
artist_8e16ceba326054d8a4da77dc139828c8,hhunter,1,0,False,False,False,False
artist_7bfe40ae9844542185585361e6db4b25,i-dle,1,2,False,True,False,False
artist_c1025633fb59560491a3f30221dd8cff,ill peach,1,1,False,True,False,False
artist_b3fb6304303b5f65a29d34facdb268ec,it's murph,1,1,False,True,False,False
artist_456bfa04b3275e8889b5b7b16bf9780a,it’s murph,1,1,False,True,False,False
artist_ba5ddbb3cdf55c1e9e63260c3a131387,jigitz,1,2,False,True,False,False
artist_832a19043881547a83093fc967ca2a56,josh conway,1,2,False,True,False,False
artist_3cef7f0468bd505caf22e74aafaa9345,mailpup,1,1,False,True,False,False
artist_cb47e88759325bfdb113a87547996f43,major,1,0,False,False,False,False
artist_fe1fa931203452bfaeb99959191736ad,markmark,1,1,False,True,False,False
artist_54572be2de3b52eea0e44d9bcd13e702,me n ü,1,2,False,True,False,False
artist_136f861a88715e32add2bffec9dbd10e,mid june,1,2,False,True,False,False
artist_d36251207f4758299f2c9b68979dd5e6,milkypossum,1,0,False,False,False,False
artist_401a50094419551eb5226374957c4586,ms.boan,1,1,False,True,False,False
artist_46be43f838bf578d8b09701fe25c6ac3,nelward,1,0,False,False,False,False
artist_9d481b4980505361b94f3fef984c0dcd,nimino,1,3,False,True,False,False
artist_9eaa4e22d0aa54adb820490d024c531a,paris jackson,1,1,False,True,False,False
artist_b29d5f8b256f55b5b7d2a77d803c42f9,passengerprincess,1,2,False,True,False,False
artist_246a07ec70f359088d345306d7b929b8,pryme!,1,1,False,True,False,False
artist_b19a526b377053de92ac1355720d996e,rSUN,1,1,False,True,False,False
artist_7db31994a6395c6dab54f1b23b7ed3ab,rjtheweirdo,1,0,False,False,False,False
artist_71494ce6e4da5479bca96c09febe0683,rosecoloredworld,1,1,False,True,False,False
artist_95830b46efd95e61bab348efb40abf30,sKitz Kraven,1,1,False,True,False,False
artist_977a60bd939e5dea8c4569849e59cff6,scared,1,2,False,True,False,False
artist_3ef72530374f5383b944ff615bc6b7b1,snake tits,1,2,False,True,False,False
artist_927ab1d4c5f059ff819dabd9bed77efd,sosocamo,1,1,False,True,False,False
artist_6f9d592c35485793aa568fa4f329834c,tricktheriddle,1,2,False,True,False,False
artist_a3cdc39c5bb7525bba4800a3f247b8de,uRaNg3L,1,1,False,True,False,False
artist_4dbf0c02edfc53048a26080b61b2f170,umru,1,2,False,True,False,False
artist_46fbab4616b651d3bbc2cf8f408ca9f3,untitled freak,1,2,False,True,False,False
artist_ee6d20d479a853e6b3d8bebd02a49aa9,url,1,2,False,True,False,False
artist_1cff40d7219755f3ae1299da9442aa7a,vaultboy,1,1,False,True,False,False
artist_1aa94afff8af5c9c98659c61f6689600,yael,1,0,False,False,False,False
artist_742d673041535f31b23b35acd813442d,yungatita,1,6,False,True,True,True
artist_303ca07be35e5f76bce4d2bc414c1357,zensei,1,2,False,True,False,False
artist_169e4822cb945db295669b63372d2403,ÖLÜM,1,2,False,True,False,False
artist_b94b52dac12a56f58b04f012beb2f890,...And You Will Know Us By the Trail of Dead,0,2,False,True,False,False
artist_f6f829d896035a6f8c239579e637da12,100 Demons,0,2,False,True,False,False
artist_e4e1d0ffc12159e4a668d01cb4423d26,2 Chainz,0,2,False,True,False,False
artist_9aac05a1deee58eaae955fdb00e030a9,40 Fingers,0,2,False,True,False,False
artist_844bb486848f5339b323211dadc02788,6LACK,0,2,False,True,False,False
artist_1c7f780c10e354959aeb2d00f55fe78e,76th Street,0,2,False,True,True,True
artist_30033dd6fa875a438686d880d94525ae,8 Graves,0,2,False,True,False,False
artist_6b5135ea3fd95f51a7c02e9dbe9b66de,8rae,0,1,False,True,False,False
artist_6e0237a43bab5893a577d5054b9dad80,@ (At),0,0,False,False,False,False
artist_3f4d55868ff55b609b9faab1220a7917,A Hundred Drums,0,1,False,True,False,False
artist_7678d436af0e5812bfcd3e31a47092bb,A Place to Bury Strangers,0,4,False,True,False,False
artist_7d578976bcc55b369634d8236440af80,A Winged Victory for the Sullen,0,2,False,True,False,False
artist_adb9b07cbf6f51b1ab4f92fe4d304156,A.R. Rahman,0,1,False,True,False,False
artist_37a9209af22b53d584cd0fc4b47ab2f8,ABBATIA,0,1,False,True,False,False
artist_4bc6829da6e45876a3dedafb08cde537,ADULT.,0,1,False,True,False,False
artist_58c2aa77682e5dc4b08159df1c058398,AFI,0,4,True,True,False,False
artist_8bcee8e8f80155e0862dbca1213d14d4,AJ McLean,0,0,False,False,False,False
artist_2f783005110f57758c77691bd03a6fa8,AJJ,0,5,False,True,False,False
artist_6d9f95fd2fdd5762a7c2671da4945592,AR/CO,0,1,False,True,False,False
artist_6848d64f4ed85be08e491066a73c98b3,ARTMS,0,1,False,True,False,False
artist_775476d75227514398acafdaec9f2054,AVELLO,0,1,False,True,False,False
artist_cbd1533312185a4da20319d7599a2d55,Abbie Gamboa,0,1,False,True,False,False
artist_50b3b0f25ff952f183809cdea6d4e9fb,Aborted,0,2,False,True,False,False
artist_9fa0acc68af7517eaf42a62a13d4889c,Above Snakes,0,0,False,False,False,False
artist_be93dc4725435792ba34e60161fea662,Acid Mothers Temple,0,2,False,True,False,False
artist_6c1c1a0f5a4d56938cc9b789a52f26f7,Acoustic Alchemy,0,1,False,True,False,False
artist_5ca5000f78e356c485f8000a8328af6b,Adam Doleac,0,2,False,True,False,False
artist_ba8e75110e115be499a1941f32b029b6,Adam Hood,0,2,False,True,False,False
artist_3e0bb18ad99251d6bcc6e20f712a1ae6,Adam Paddock,0,0,False,False,False,False
artist_f1b749097c795eac9fa7ed9b7e399388,Adam Sellouk,0,0,False,False,False,False
artist_236fbe6adb3656638aecf0652dcdb975,Adrian Younge,0,0,True,False,False,False
artist_e8fc4fd0af8f5a6b947f6626c1636b82,After,0,1,False,True,False,False
artist_5d17359b49495c1985c57e51f8df5e76,Agnostic Front,0,3,False,True,False,False
artist_80f35677581b58f5affec7a3f90946a2,Agriculture,0,1,False,True,False,False
artist_58e84661fcfc5c5ea0e9e6d08dbcd1a9,Akeem Ali,0,0,False,False,False,False
artist_a482c08fa69050c99c6b477d126e0f9e,Akrasia,0,0,False,False,False,False
artist_dd82b45e54c45b0a8ff026f6b02c6964,Ak’chamel,0,0,False,False,False,False
artist_69d7c1e746205c9881cb52932d629917,Alan Cumming,0,0,False,False,False,False
artist_d1fc9b88d2135e339dced1c7aff2abf4,Alana Springsteen,0,6,False,True,True,True
artist_37e24d3386115a769569e674edf45545,Alex Bevan,0,1,False,True,False,False
artist_32ba6d9718b35145970e5a18d913e456,Alex Sampson,0,4,False,True,True,True
artist_299169c0a8955ac2a1d46fe91cd49642,Alexa Cappelli,0,1,False,True,False,False
artist_cf6bcd5444b55002baba471293b1e5b9,Alfie Jukes,0,3,False,True,False,False
artist_9b41715ce294542fbf9a77cebdb115b9,Alice Cooper,0,3,False,True,False,False
artist_4ca288b5afa75e5a848454d8f175aae9,Alicia Blue,0,0,False,False,False,False
artist_c67b2c2e4dbf56fa9e66042f5cef4a22,Alicia Villarreal,0,1,False,True,False,False
artist_01e18bdc3ff555a0b2c43b352eae9bbf,All Get Out,0,1,False,True,False,False
artist_6eb6befa4d7156a9882e51321ce67e85,All Out War,0,2,False,True,False,False
artist_04f1ec551878538bae54cb65070f7081,All Them Witches,0,4,False,True,False,False
artist_6e9d2bbc0feb573c88c95d09b7167c00,Allan Rayman,0,2,False,True,False,False
artist_2f6e08cd41f35370aeb495672259cb50,Allie Sandt,0,0,False,False,False,False
artist_f8f26082d5d25759b994a4d942f51040,Allison Russell,0,3,False,True,False,False
artist_fe70a2ab21eb577c8fb3942f11085d94,Almost Heaven,0,1,False,True,False,False
artist_8ed44ac344fe5919a3b578ccd98099ba,Aloe Blacc,0,1,False,True,False,False
artist_9a4373e29a2d5853b7660ebc89133729,Alter Bridge,0,3,False,True,False,False
artist_d92375fdb01e5104a09d151c0182d5c1,Amalgamation,0,2,False,True,False,False
artist_36763c836a5557b096f953a53d4ed83a,Amble,0,1,False,True,False,False
artist_1a1210d0b28f5a0d90a62661dafb060c,Amelia White,0,2,False,True,False,False
artist_868abfe298375615b3d8e03c043bed5f,Amelie Lens,0,1,False,True,False,False
artist_5c625e104edf5cb4be608c8a1106715b,Amyl and the Sniffers,0,3,False,True,False,False
artist_baf75ca9176054cfb78e4ab95b192fb4,Amélie Farren,0,1,False,True,False,False
artist_f5de0882474b51b28316a2db92de1c67,Ana Castela,0,1,False,True,False,False
artist_553e905fc04c53f7a1faf87c50eedc48,Anabel Englund,0,1,False,True,False,False
artist_3e40b5c886e254eca1de391b75bdce58,Anamanaguchi,0,2,False,True,False,False
artist_2edd36a422dd589eace47772e7c93738,Ando San,0,1,False,True,False,False
artist_5d50b9b2c11c56cd8e759a520907bef8,Andrew Emil,0,1,False,True,False,False
artist_8609d10ac02458d592d647a2b7412734,AngelMaker,0,2,False,True,False,False
artist_18bfbef0e12956e09a3f74835d870e4e,Angela Autumn,0,0,False,False,False,False
artist_3878f0befac951229902bf0655d27d0a,Angelo De Augustine,0,0,False,False,False,False
artist_a3e6d1bc4e055f5da0393b37767e0f02,Angelo Outlaw,0,0,False,False,False,False
artist_9f32afe43d77597fbc25524202b1e818,Angus & Julia Stone,0,4,False,True,False,False
artist_6a2c22f11ab555e0b8c610f3e7a31a5d,Anna Hamilton,0,2,False,True,False,False
artist_ff5aa1eaa66f5aeca25e98203718810b,Anna Moss,0,0,False,False,False,False
artist_aa9238ac200c5accaa2f116f30b9f41b,Anna von Hausswolff,0,0,False,False,False,False
artist_bfca41b8f16555c8bdfd78ac247536e6,Anne Wilson,0,5,True,True,True,True
artist_be097c7d15e255e0a7a05351f9457b9a,Annie DiRusso,0,1,False,True,False,False
artist_7fda2225483357c88b5d6e4dee109a63,Anthrax,0,2,False,True,False,False
artist_5a720024ed3b5623b5510ceef6fc406d,Aqueous,0,1,False,True,False,False
artist_03dcbe86a45e5661b869758652367fc7,Arankai,0,0,False,False,False,False
artist_0627aab4846d57a8933b80d4ba2fc2e9,Arch Enemy,0,1,False,True,False,False
artist_2d71567fb3b45f0f82e6cd5601b2e903,Arcy Drive,0,1,False,True,False,False
artist_ff21f4194bcf596cb9ed2c24892a4287,Arcángel,0,2,False,True,False,False
artist_b2cea399c3e25dd88f6bb07e82b1a412,Aria Vega,0,0,False,False,False,False
artist_76143fc1defd5f5f9d580c7b2c4f204f,Ariel J.,0,0,False,False,False,False
artist_eefc2e6dc0975dd588a8dfbda3608cd4,Arin Ray,0,8,False,True,True,True
artist_7403c2aa204954f1a9639d7082187059,Arise Roots,0,2,False,True,False,False
artist_201571201a6856e58659306bf12869ad,Arjun Shah,0,1,False,True,False,False
artist_03592b3faed85462a70d945a26592750,Arlo,0,1,False,True,False,False
artist_9e5d23daf2f658f8826f15d3eaf0675f,Armand Van Helden,0,4,False,True,False,False
artist_6569ba176f975da48764682867a5d0b0,Arm’s Length,0,1,False,True,False,False
artist_8f79fb7c298c5d1cbbb104c20f4b94ed,Art Garfunkel,0,2,False,True,False,False
artist_b0e1df9ee52953b187394e4aee630f6d,Artesano,0,2,False,True,False,False
artist_72aafd78668153499b7384b77bd9d14a,Arturo O'Farrill,0,1,False,True,False,False
artist_1271e583317b51abbe617e157f829c91,Asha Banks,0,1,False,True,False,False
artist_40bcbdd42ebb5e5bb57b7699831b22bd,Asher Roth,0,2,False,True,False,False
artist_844c1e6996605984a4cd0aa75d3fada4,Asleep At the Wheel,0,1,False,True,False,False
artist_4fb81a7a7bde544a8e92a334534011db,Assembly of Dust,0,3,False,True,False,False
artist_b5084209dd685f0889993cd70d7acf4d,Asydequest,0,0,False,False,False,False
artist_ff28cae9b6e65a8c8b1a3ea683bb7b38,Atreyu,0,3,False,True,False,False
artist_e8588d6f018754eaa681daa6681083db,Aubory Bugg,0,0,False,False,False,False
artist_f609818d90525c37a429d1696ba2bb14,Audley Freed,0,2,False,True,False,False
artist_9d0a6fa61029552c96284faef06cf47b,Audrey Hobert,0,1,False,True,False,False
artist_dc85a997a9695f52b2f0284f8093f524,August Burns Red,0,2,False,True,False,False
artist_6879467e7be8581a8aaf0309e6450bd2,Aurora Halal,0,1,False,True,False,False
artist_c8887af812f055d6aabb8106472c2ade,Austin City Limits Music Festival presented by Austin Parks Foundation,0,1,False,True,False,False
artist_739c67978ce952079955389b6d31df52,Austin Giorgio,0,1,False,True,False,False
artist_9dc474edae0b57eda0d61ce2cd73fe03,Austin Snell,0,2,False,True,False,False
artist_afce13cad1c556feb3916bd330a4e224,Author and Punisher,0,2,False,True,False,False
artist_7a63c3f856d85d4983e2514d9143a4e1,Autumn Nicholas,0,0,False,False,False,False
artist_9e68f3b9ded35c53b338b1383d191424,Avery Anna,0,3,False,True,False,False
artist_a0ede61cde715b14847167635cd77ce5,Avery Cochrane,0,2,False,True,False,False
artist_bad7c5898f44514b80bf72e3e61ddefc,Avery Lynch,0,2,False,True,False,False
artist_8e4d09ccb60f5823806b6d719ceea25c,Avoid,0,2,False,True,False,False
artist_7ba7c54d0fe353a29ed012b5393f76ed,Ax and the Hatchetmen,0,0,False,False,False,False
artist_041f5b6d594f5c908c76258bcfa0335d,BALTHVS,0,2,False,True,False,False
artist_4e48e3bc02185d04b071716345712158,BAT,0,0,False,False,False,False
artist_16d6e8e582ed505ba38246a3135a44aa,BAYLI,0,1,False,True,False,False
artist_b40ef4f49816507184e4717517ff603d,BEAT,0,2,False,True,False,False
artist_fab5d57a52e75c818bf06bfd5fad4264,BENNETT,0,7,False,True,True,True
artist_ae60dba8587251d3bf1a74f4b16f465b,BENZO,0,2,False,True,False,False
artist_d96d3171df055d0b9c64ed28cd33ff46,BERTHA: Grateful Drag,0,1,False,True,False,False
artist_a0c412ba3a2d53539b1ae131ff02d79d,BK Dhaliwal,0,1,False,True,False,False
artist_e6cf4f23038c5dc8a1eb12fc7b850d31,BLOND:ISH,0,1,False,True,False,False
artist_60165a53e0fa55a38af26a0f4b627a8d,BOTERO,0,2,False,True,False,False
artist_c505c09c9e6f518ca177d63d1f4a5918,BOYNEXTDOOR,0,1,False,True,False,False
artist_b89e49f59cd05d26a7f577ee20d423d8,BRAT,0,2,False,True,False,False
artist_0c80ec6680e85b0c862b29335bad8ac8,Baby J,0,1,False,True,False,False
artist_24d710554d365fc8af2b32c02ca1594e,Bachman-Turner Overdrive,0,2,False,True,False,False
artist_6dfacf6dd01e59679dc5c7f9aabf774b,Back In Black (Tribute To AC/DC),0,2,False,True,False,False
artist_992baadfa3625cc289957d794cfacced,Bad Gyal,0,2,False,True,False,False
artist_0b7e034c74765e7f96c41688817ae409,Bad Luck,0,1,False,True,False,False
artist_2f092fc11cc1501ca0485a2438dac6a9,Bad Nerves,0,4,False,True,False,False
artist_506d8d293b7b5a79abdc1d0b4cec1736,Balance & Composure,0,2,False,True,False,False
artist_cdba656aa68d5ed79a0beb9b654aa27d,Balance and Composure,0,3,False,True,False,False
artist_5a13659e7f4c5993865ba81fd0277249,Balu Brigada,0,1,False,True,False,False
artist_1c6b65497de1587fb6877e2bd7a24330,Band-maid,0,1,False,True,False,False
artist_ce0cd5e7b2255466b6df17e2149f7ecd,Barnaby Bright,0,0,False,False,False,False
artist_72671d4ea81655038c48d3b729c19f92,Baroness,0,1,False,True,False,False
artist_40c30984127f58e7a234a87969ce0313,Barrington Levy,0,1,False,True,False,False
artist_7c33fdb0d5a1535dbf22f582d7063690,Barrio Slam,0,2,False,True,False,False
artist_21265e5c631751debbdb24b303cc4d56,Basement,0,3,False,True,False,False
artist_1248dfe5a7ae58c98e285217c973f2b4,Bassvictim,0,2,False,True,False,False
artist_7fe2089faeca597398ddf18d76fe82ce,Bayonne,0,1,False,True,False,False
artist_8d35fe54beba5864af441b023f370626,Bayside,0,3,False,True,False,False
artist_bec874242a9751a2b3885a758b88c288,Bayway (NJ),0,1,False,True,False,False
artist_46e6804176495b258a7342636347d2df,Be:First,0,1,False,True,False,False
artist_978d215bad81565ab04c793f8b4d3659,Beach House,0,3,False,True,False,False
artist_531faa3e2eca57bc9e307cef631a82c7,Beans On Toast,0,3,False,True,False,False
artist_c2f380d2373957a99450caca16eb39db,Bear Ghost,0,1,False,True,False,False
artist_38220b39e7c05c2d8deaf48e6b342ced,Bear Grillz,0,2,False,True,False,False
artist_4e33fd5fa25e5850ad7cd6cccef14937,Bearly Dead,0,2,False,True,False,False
artist_c457f69067275d75be793dc8845b4f07,Beartooth,0,3,False,True,False,False
artist_f28539ece6f55ff98f2b6439e068a4b4,Beauty School Dropout,0,3,False,True,False,False
artist_f856633492f550fda17662525bf7792d,Bebe Stockwell,0,2,False,True,False,False
artist_a684fbc58abc5c11abf0aca60f9eb8a2,Beck,0,5,False,True,False,False
artist_d35c6a6b79e65ad2aca7438910b410f0,Bedouin Soundclash,0,1,False,True,False,False
artist_694d5e1be8345e40926dd099b889d4ba,Bedouine,0,3,False,True,False,False
artist_925441079ba25e06a839e8cc999e39bb,Ben Caplan,0,2,False,True,False,False
artist_9db08cb716535c3abe00c30d2033784a,Ben Kweller,0,2,False,True,False,False
artist_e158b0d322bd5a518a9aaf3746c590f1,Ben Quad,0,1,False,True,False,False
artist_660e313e2e785eabacbf5c63b9b432b9,Ben Vereen,0,2,False,True,False,False
artist_8a058c8e330a501a89384e0d1e79ed95,Benjamin Tod,0,3,False,True,False,False
artist_549352d555bb56a3959a0de32d4f8c7f,Beth Orton,0,2,False,True,False,False
artist_cae9921b8b785aa4ba875f9dee67e1c5,Bethel Music,0,1,False,True,False,False
artist_309cf5d662735e31b4a1c44cf2a9577d,Betsy Olson,0,2,False,True,False,False
artist_6429781e94e753a7a7ae2c5ec5ccb6c4,Big Blitz,0,0,False,False,False,False
artist_5d0745a606ef5ed79d1882b1cb463834,Big Boy,0,2,False,True,False,False
artist_bdc182ecbcf05db4a2980c4713377177,Big Chief Donald Harrison Jr.,0,1,False,True,False,False
artist_036559bd05ea58b2978196cf5c82c8ae,Big Head Todd and the Monsters,0,1,False,True,False,False
artist_51f9c892671c5dcabfb6c938b326ddce,Big Murph,0,0,False,False,False,False
artist_7b1528eb567d512884429b4eb37268f2,Big Shrimp,0,1,False,True,False,False
artist_dce7e00b963f581b9dc10b4e73a6b7ec,Big Wreck,0,3,False,True,False,False
artist_3fd17927ddcc579cb17b6cd4875c3593,Bill Frisell,0,1,False,True,False,False
artist_008998dabae05a2a8795ee6c91c2f01c,Bill Murray and His Blood Brothers,0,0,False,False,False,False
artist_455972a6d911587082eab0bff55d320f,Billy F Gibbons,0,2,False,True,False,False
artist_9a63bee9ef18553bb88e3e324848a50f,Billy Marchiafava,0,0,False,False,False,False
artist_5c4bf552fd415987828603ef583c0db0,Billy Strings,0,6,False,True,False,False
artist_e158671db10859edaff859eb3140436e,"Black Country, New Road",0,5,False,True,False,False
artist_f31a930da60c5fe18ed4d49ddc90781b,Black Satellite,0,8,False,True,True,True
artist_7a1b4ae3d0405588b70a4e39e9251f6e,Black Smurf,0,1,False,True,False,False
artist_84b7854c86e453b8958064c7fc593fcc,Black Violin,0,1,False,True,False,False
artist_0fa0cd7e77b0540e8c444af9ad0b3586,Blackbraid,0,1,False,True,False,False
artist_8565edcd623958b2b01a6f267b69c1fe,Blade Rave,0,2,False,True,False,False
artist_05cec64643f65667ae73821369e9a679,Bleach,0,1,False,True,False,False
artist_89243588c8445c218c5fa8042df17aad,Bleachers,0,3,False,True,False,False
artist_15badc91f7db514cac872b38ef080d0e,Bleeding Through,0,2,False,True,False,False
artist_f39af3cfc415536aa82fef247392e179,Blessing Offor,0,1,False,True,False,False
artist_1364dbf55a555cd79ea8538e81df226b,Blessthefall,0,2,False,True,False,False
artist_1f580cf1dbca59b4bf8ce4359bb22742,Blind Equation,0,3,False,True,False,False
artist_d7cc8cc0a9f55f9eb21d8f836eac322a,Blitzkid,0,1,False,True,False,False
artist_766873f08e5b575fa25991c7ffb0d138,Blond in Car,0,2,False,True,False,False
artist_15a57eadaa575bb2adaa3943afe706d7,Blondshell,0,1,False,True,False,False
artist_a13942f2ed9056758d6eac4cdc27c58c,Blookah,0,0,False,False,False,False
artist_1a1b91055a255238adfa4315f0c53e05,Bloom,0,0,False,False,False,False
artist_fd331b2492e153d38a8dc11f90ecc6d5,Blue October,0,2,False,True,False,False
artist_53eee59ec7565595b1023142a3a85b93,Bo Staloch,0,1,False,True,False,False
artist_dade3f7e3a095f9191d5d822d78e4a80,Bob'beyonce,0,2,False,True,False,False
artist_ffabf39854f655759b48fd2bf39f018a,Bobby Rush,0,2,False,True,False,False
artist_2455782f6eff5069a7c09140b4603186,Body Rolls,0,0,False,False,False,False
artist_7a0d63ac99bd5ac5a2899e31bae6cb3b,Bodysnatcher,0,2,False,True,False,False
artist_c2fa2e5d656c5336aaf55a5a14d554c4,Bold,0,0,False,False,False,False
artist_de48ada255425f6e8d4ea8c5e74a0e49,Bolden.,0,1,False,True,False,False
artist_4c8c993580de50fdaa28a19a8f34e227,Boney James,0,1,False,True,False,False
artist_0f73890443505a98bb7f90ca54a5ba50,Bonobo,0,1,False,True,False,False
artist_6350d7dda64651e78011aef4ae0d3298,BoomBox,0,3,False,True,False,False
artist_61dc6c02fdec591a942009085fa213b7,Boston Manor,0,2,False,True,False,False
artist_f1f758aec44357d4ba7d3834e6383e27,Boundaries,0,3,False,True,False,False
artist_3203f7e350955aed9d1ee97f440c065c,Boy Harsher,0,5,False,True,False,False
artist_06909fb15d875cf2bed1b769d6fbfcb1,Bragolin,0,2,False,True,False,False
artist_a54d26215123598ea6ec0f31778671af,Brand New,0,3,False,True,False,False
artist_9c4b0eec2cbe51259c189563386d890d,Brandy Clark,0,2,False,True,False,False
artist_8adabb5e3d1455259d0e84122dc8bf6b,Brantley Gilbert,0,2,False,True,False,False
artist_c7e6309195c05450a3f7442a2dace1c8,Bravo the Bagchaser,0,1,False,True,False,False
artist_11669d4cc0495fcfb9f23dbc4e7d0447,Breakup Shoes,0,1,False,True,False,False
artist_34d6e94475405bd6beb38e84024095c3,Brennan Wedl,0,0,False,False,False,False
artist_2b4220dd3cd250999758b48aed6819a2,Brett Eldredge,0,1,False,True,False,False
artist_6e49d13f010958c8a75387d68ab3742d,Brian Dunne,0,2,False,True,False,False
artist_aa020d11fcfb5c0883b8e01da6eb85d5,Brian Simpson,0,1,False,True,False,False
artist_8da73f24bba658c78005619ca6f5293f,Bridey Costello,0,2,False,True,False,False
artist_673d2814139f54f0895dd9bb835cf0a3,Bright Eyes,0,5,False,True,False,False
artist_279131bd8b695670983db9412258962a,Brigitte Calls Me Baby,0,1,False,True,False,False
artist_a6d1e1a17f7059a2adab2b4a11699eef,Britton,0,2,False,True,False,False
artist_a47f88b25bb252c594bf0729647a01a1,Broadside,0,3,False,True,False,False
artist_47f2e18a4cd45ee79e811de816e67b8d,Brooke Combe,0,0,False,False,False,False
artist_c8e500ace07b5da783f2db490cfc2b30,Brothers Osborne,0,3,False,True,False,False
artist_832e0c8e20fa5486b227248722d443bc,Brown Eyed Women,0,0,False,False,False,False
artist_6edd5f97d0d35c16ae957380153ca977,Bruce Cockburn,0,2,False,True,False,False
artist_cfcfe3c758cc5c76a1e94d3e1eefa648,Bruce Hornsby,0,3,False,True,False,False
artist_0ff64bb3a9c857fe9b33ecd03b823387,Bryan Andrews,0,1,False,True,False,False
artist_b4092dae12675ce097959e52684db22d,Bryce Alakai,0,1,False,True,False,False
artist_92b563d99d9b5325ad39bf1518297d86,Bríet,0,0,False,False,False,False
artist_9c3765a9158e56c9b9debb6ba8acd549,Buddha Trixie,0,1,False,True,False,False
artist_c6000361eda25928a7a7f1c983af89fb,Buena Vista Orchestra,0,2,False,True,False,False
artist_0f61271b794b5e47821f64c150416302,Burial Waves,0,6,True,True,True,True
artist_65c0b39e2cb45c97a9ec54a9735720ea,Buried In Spring,0,2,False,True,False,False
artist_39fb2eb8f7a85fb1ab64263f26b3ee02,Burning River,0,2,False,True,False,False
artist_7aac5fd89e995cabbfb3a6cc4942143c,Butcher Brown,0,0,False,False,False,False
artist_d5638999eb1d5406977a1e0f6da0ca2a,Buzzcocks,0,3,False,True,False,False
artist_11766ca76cf259e1be24f8f3d95200c1,CAIN,0,3,False,True,False,False
artist_2b76797b9b26518ea1a73922ff7c7b60,CJ Solar,0,2,False,True,False,False
artist_8f44b926196d57ec9c22342e4f2393a5,CMAT,0,1,False,True,False,False
artist_e3d7dcd443ea5dee92243cc9e7bc4848,Caamp,0,7,False,True,True,True
artist_ec3a43239a19575cbaba020d3640448f,Caged,0,0,False,False,False,False
artist_f6bce985af6a5dbfadea0b58eaca5c9e,Calder Allen,0,1,False,True,False,False
artist_4e81fa2f98ef53229f4cb06c8d689284,California Guitar Trio,0,1,False,True,False,False
artist_bce1d689acf054b49ab98a1bb3344360,Cameron Whitcomb,0,1,False,True,False,False
artist_830492d3fbe754dda90e5001faaf7dc1,Camilo,0,2,False,True,False,False
artist_addb57f1225254f89302d17a371feb6b,Can't Feel My Face: 2010s Dance Party,0,1,False,True,False,False
artist_d0aeb685f4f05c8cb315a9efde6c0870,Canadian Brass,0,2,False,True,False,False
artist_00c5a45649955aa9bffbedfe2bb9b96a,Candlebox,0,4,False,True,False,False
artist_281b733f6b2b5d928aecb3a424ef7970,Cane Hill,0,2,False,True,False,False
artist_dfb25432247d54c69d1e745b64720a23,Cannons,0,3,False,True,False,False
artist_225fce1b60a75c40b982a1e9b52581b7,Capital Soiree,0,2,False,True,False,False
artist_207201943b52508eb2927fcc8a895603,Car Underwater,0,0,False,False,False,False
artist_7fff2bc099b15cad8da176b290067d77,Carbeau,0,1,False,True,False,False
artist_4dd4aab47fbc554d80f2a64b8de585e2,Carbon Leaf,0,2,False,True,False,False
artist_35eda1289be0587e9f2af1c80a70edcf,Cardinal Bloom,0,2,True,True,False,False
artist_1ed2a5f2b7af56e5865fcb8609ae2ea8,Carl Cox,0,1,False,True,False,False
artist_8d14e8555e5957fcb9dd5509ae921d8e,Caroline Kingsbury,0,4,False,True,False,False
artist_045b163669705c48a73320fbe7f3c643,Caroline Rose,0,8,False,True,True,True
artist_22c23dc7d9975295a6c34e9d082aa13e,Carrellee,0,1,False,True,False,False
artist_16acf965054b58fcbd1b0dd4eeaef2f2,Case Oats,0,0,False,False,False,False
artist_1ad7161f39a95625b58462ab40b65b86,Cash Honey,0,0,False,False,False,False
artist_55f84fd3ced7508ea806f4540387b24d,Castle Rat,0,6,False,True,True,True
artist_abc531091756588ba8215d8258bf7dbc,Catch Your Breath,0,1,False,True,False,False
artist_bb497aeb703f5e12880c0accdeabb4fb,Cate Le Bon,0,2,False,True,False,False
artist_072a5ddb0d19587d9482ac137183fb17,Cave In,0,2,False,True,False,False
artist_e46d3592df9b55b4b46913faaaeba659,Cavetown,0,3,False,True,False,False
artist_00538191a8e4597598c35fd7afe30f81,Celtic Woman,0,1,False,True,False,False
artist_0475c4dbe1df5c3e8467905424094e14,Cem Adrian,0,1,False,True,False,False
artist_f358a219d570504e9fb91389a43c8788,Challenger Deep,0,1,False,True,False,False
artist_5055ae1f65e75168a1015ca2c895e0ee,Champagne Drip,0,2,False,True,False,False
artist_47006d7cdb0d56beb648655d9aa764d7,Chandler,0,1,False,True,False,False
artist_7abb09536b6f59b39d9a117a25424f83,Chanpan,0,2,True,True,False,False
artist_23826cec52b059419ba1a361edd772ab,Charity Gayle,0,2,False,True,False,False
artist_42cfc23ef9bd5e4aa2075121cb831314,Charlene Kaye,0,0,False,False,False,False
artist_84b39ad7ca50547db1c698ed3d0db4e2,Charles Lloyd,0,1,False,True,False,False
artist_84c1e484baca50d0afa62497511db2fc,Charles Lloyd Sky Quartet,0,1,False,True,False,False
artist_fe2f2e71d2c75e348cba8317798237f5,Charley Crockett,0,3,False,True,False,False
artist_ef43995f7eea595b8bdaf4e4ec99a1d4,Charlie Hunter Trio,0,1,False,True,False,False
artist_17dbbed0d0af55b8a82bb686ea2bebe9,Charlie Parr,0,5,False,True,False,False
artist_16bde9695bbb532e80d6cdc4273b7911,Charlotte Cornfield,0,4,False,True,False,False
artist_c0338fc3b1255199aee38cd56bc6c5e1,Chase Petra,0,1,False,True,False,False
artist_6e36b5e8df4b51f2bda71727887ca797,Chasing Abbey,0,4,False,True,False,False
artist_8682a10cd36b56d9ac51494bc1f2169c,Chat Pile,0,2,False,True,False,False
artist_56612c96906554f392a1776243001e7c,Cheap Trick,0,2,False,True,False,False
artist_3fd00ab124d456d8a62a1ad54247b267,Cheem,0,0,False,False,False,False
artist_fc0cfad8f9f95cdba2fc7326f0fcb321,Chelsea Grin,0,4,False,True,False,False
artist_7de0f4010a1a58389f8f0fce5050cebe,Chiddy Bang,0,2,False,True,False,False
artist_378f1bec79685d1986dd2fde0b2eea4b,Chinese Football,0,1,False,True,False,False
artist_46342c71f1c25bc59d87d8b4062663b6,Chloe Moriondo,0,3,False,True,False,False
artist_e615fc7040a459e880197dee21bf4de2,Choir Boy,0,3,True,True,False,False
artist_3455e12a9c6d5ad89e2ad8678e256c07,Chris Botti,0,1,False,True,False,False
artist_1e40dda6732053229ff10aaf25350d88,Chris Smither,0,6,False,True,False,False
artist_31ae5ba3cb6152ceb095ad35ffeb43bd,Chrissy Chlapecka,0,0,False,False,False,False
artist_113ffdf9c1b05807bb590bc7b59328cb,Christian Lee Hutson,0,3,False,True,False,False
artist_2fdf4d6e5be15ca09b67781135cef469,"Christone ""Kingfish"" Ingram",0,5,False,True,True,True
artist_b02af4a9bf9757ca86289920c7d8e676,Christone “Kingfish” Ingram,0,3,False,True,False,False
artist_5b1562b13e925772a57c5bedaecba78a,Christopher Burkholder,0,0,False,False,False,False
artist_fa2d3ea604eb52f4b00a455984af6793,Cicada Rhythm,0,2,False,True,False,False
artist_83a4e39ccbf35f058269b4cf1b3cbdfc,Cinder Well,0,1,False,True,False,False
artist_a0805b2c5f205dd2b3aa0080787b6347,Claire Rosinkranz,0,1,False,True,False,False
artist_cfa59b63403650bd8cce6fabc9e4e04d,Clara La San,0,2,False,True,False,False
artist_8d5e5d234e6b5856a8470e25765a292b,Club 90’s 2000’s Night,0,1,False,True,False,False
artist_91d304867e285d15956e95476f878ee2,Cody Jinks,0,1,False,True,False,False
artist_b8813cf87b6f5e4690c6b07061e96c3a,Colby Acuff,0,1,False,True,False,False
artist_6c4858116c2e5ff9bde71e9c36768668,Cold Steel,0,1,False,True,False,False
artist_5fa64868fae1544a8d2320ba03de60d5,Coleman Jennings,0,1,False,True,False,False
artist_3ba6ebe1c9d454d3abcf8a12507ae5bb,Colorblind,0,2,False,True,False,False
artist_1527d32b16615a559d0bd2b55626310e,Colton Davies,0,0,False,False,False,False
artist_7bcd97a7e8805fe2820a5def7b360c3c,Common People,0,2,False,True,False,False
artist_3ada725830655d0c8a1872253a86f3ff,Computer Kill,0,1,False,True,False,False
artist_39eefe9d4971523a983d9ccd583e0e73,Concrete,0,2,False,True,False,False
artist_9ddc8448606a506998886271ffd47f35,Contact Sports,0,1,False,True,False,False
artist_1754cc3585f854688055241a17032a6b,Contention,0,2,False,True,False,False
artist_ffb1ae6a755454b1bd884765327c27b1,Converge,0,2,False,True,False,False
artist_375147684b9957a1aa658883ae2409e0,Corinne Bailey Rae,0,3,False,True,False,False
artist_ab683797ca1c588fb1ed43649e955dac,Cortisa Star,0,0,False,False,False,False
artist_8aead6f2006c5dc3810bef85b806101a,Counterparts,0,2,False,True,False,False
artist_82678f83b08a5c20a3e7f87f8e4ded34,Countess Luann,0,0,False,False,False,False
artist_b6b02bc805ae58f4898f772d7f01ba94,Covet,0,1,False,True,False,False
artist_d40647393aa1533780562be30f8f1a4c,Cowboy Mouth,0,2,False,True,False,False
artist_92e78b38c9e45f49bac245c89013435e,Cracker,0,1,False,True,False,False
artist_d0b12076ca345e298dec9aa57d873708,Cradle of Filth,0,6,True,True,True,True
artist_2bed31edf84055c8897e854add825ef8,Creeper,0,3,False,True,False,False
artist_48024eda3e025fb6a94f727d8dcf8235,Cristian Castro,0,2,False,True,False,False
artist_26c008cbe9425a81bed8fe18197aa1b2,Croaker,0,0,False,False,False,False
artist_5cc5867b02b352118ac157ee595c075b,Crypta,0,1,False,True,False,False
artist_768284c9613050e8af3f75c2ef10241a,CupcakKe,0,3,False,True,False,False
artist_256b0f901a6a57b48dd81b9b5bc7657b,Cure For Paranoia,0,2,False,True,False,False
artist_62446b2aca8158d597801a4b170661a5,Curly Castro,0,1,False,True,False,False
artist_3e806aa6e76d5ff68dd1b91a1dc0f223,Current Swell,0,1,False,True,False,False
artist_ae5fd984e6025477a1c26f9d2eddcd18,Cyanotic,0,0,False,False,False,False
artist_6e7a2690f65450deb268504a4f5860a2,Cydeways,0,1,False,True,False,False
artist_6983c9834f68502a8014334d703c1b76,D-Nice,0,3,True,True,False,False
artist_7919f94517845228a710c08a68784bc1,DECEITS,0,2,False,True,False,False
artist_7b2af7789afe54018587c647593895d4,DFL,0,3,False,True,False,False
artist_f7c2c48e81bf5b0ca3636d61b78876ed,DICE,0,0,False,False,False,False
artist_1bda1e1330e450f99146da12859bfcbe,DIIV,0,9,False,True,True,True
artist_ced5ac27130955859f3b22cff9c23ba2,DIRK.,0,0,False,False,False,False
artist_94a2ad8d66675af98a4b8e459c2eb1a2,DJ Cummerbund,0,2,False,True,False,False
artist_66099c431a8358f7a0ce49dfa204e403,DJ Esco,0,0,False,False,False,False
artist_74ea194a0d615a5182d320dda448106b,DJ Habibeats,0,0,False,False,False,False
artist_f17d87efc21755d79232d3367fa16811,DJ Mandy,0,1,False,True,False,False
artist_9ff7050bddd253d490e2510a0333b117,DJ Pauly D,0,0,False,False,False,False
artist_2f41ac01b2e356e4b3fd1ea5b05b5532,DJ Shadow,0,3,False,True,False,False
artist_483bd6235a405294bb12dee7bc074d18,DJ_Dave,0,1,False,True,False,False
artist_530e67adada65deeba771306cbba4f78,DOMi,0,2,False,True,False,False
artist_ab18c2de3e6a5074b811d1fdc6c5d1db,DUG,0,0,False,False,False,False
artist_a56d39c344ed5feba412e17c805211d4,DYS,0,2,False,True,False,False
artist_f7947c028f3a51bc856f53bcd4e056cf,Daley,0,2,False,True,False,False
artist_fc9ddd8b0a9b5952a75a822842d24016,Damien Jurado,0,2,False,True,False,False
artist_75ae405698275ed1b5da813b5966ec20,Dan + Shay,0,3,False,True,True,True
artist_d860c321e53c5163802d76f3bb13a651,Dan Whitlam,0,0,False,False,False,False
artist_69ebbcd38a5354c99b1212e5d139d546,Daniel Tashian,0,2,False,True,False,False
artist_33c3369f7c6b5d57aa11728af9064cc3,Daniela Darcourt,0,2,False,True,False,False
artist_3e73a9488e8a53558eb3b1df3a5ab525,Daniela Spalla,0,3,False,True,False,False
artist_0a623d61af245b9c98c815ecfd5267ca,Daniella Rabbani,0,0,False,False,False,False
artist_6d2f720b971b57e9898b0d66c06069da,Danielle Nicole,0,1,False,True,False,False
artist_2a2c106aceaf5dc293b4df8760426460,Danity Kane,0,0,False,False,False,False
artist_3d210ca56b2f5b638ba7f2d9c56a6f03,Danny Malone,0,0,False,False,False,False
artist_c9d06dcf9a6b5711b90f0fed02a3a9bc,Danny Worsnop,0,5,False,True,True,True
artist_cc861c2e1ac858c29e2ece32e811fb20,Dar Williams,0,1,False,True,False,False
artist_cab9f1857b565bab87c07ca2815f2b68,Dark Divine,0,4,False,True,False,False
artist_6d3e9cd0639d5dbfa387e8c8c6fa1817,Dave Hause,0,1,False,True,False,False
artist_cf706d0f3afa550f9cf98124a2d1e419,Dave Matthews Band,0,2,False,True,False,False
artist_0d45ba6f58f251da9cd8f4ea5ae3f561,David Banner,0,2,False,True,False,False
artist_f858db588a8c5195afc26424f2f0ee4e,David Mead,0,2,False,True,False,False
artist_40bb3fda39265669ad4a57c111955259,David Rawlings,0,2,False,True,False,False
artist_21ae80229570576197bee1a224fc1519,Dayseeker,0,4,False,True,False,False
artist_84cc505f19d25c4ebd815bbaca67f78d,Daði Freyr,0,2,False,True,False,False
artist_d9c05a1112ac5b68b1c053135f491179,Dead Again,0,5,False,True,True,True
artist_5aa8202d0ebf58dcb18b67b1928d06fa,Dead Butterflies,0,2,False,True,False,False
artist_b81b717b47f0529bbe0027c992547870,Dead Letter Office - REM Tribute,0,0,False,False,False,False
artist_581d517f74ef5506a5d0a92058cf7185,Dead On A Sunday,0,0,False,False,False,False
artist_a3701f56c2685519a4f64b03dde0e800,Dead Poet Society,0,3,False,True,False,False
artist_f12a8a1df50f503392159f6d91165d6f,Deaf Club,0,0,False,False,False,False
artist_c69a9a61878956ce83722042e1602248,Deafhaven,0,1,False,True,False,False
artist_860d26783364514b8128ab5a744261b5,Death From Above 1979,0,2,False,True,False,False
artist_8fac02c7db645d1ca876decec4eff01c,Deathpact,0,1,False,True,False,False
artist_4bf72a9277f35e11bf2de6346b39d440,Deer Tick,0,6,False,True,False,False
artist_eb742b79a5d65896b76b7778ddf7bf4c,Deleasa,0,2,False,True,False,False
artist_8a9d869843325e989c500f51dd36e4a6,Deltron 3030,0,3,False,True,False,False
artist_f8db962b007d5d3b9d430857e385f3ac,Denzel Curry,0,3,False,True,False,False
artist_4976437c178c5659a29800b7a0a59ca7,Derby,0,0,False,False,False,False
artist_535fb0825cee59a4ad6a40538c556a5e,Derek Gripper,0,2,False,True,False,False
artist_82b0f4ccbe77554983550fe0ebb2186f,Derek Trucks,0,3,False,True,False,False
artist_c7344d6c99d757d6b60765843a8366c9,Desert Dwellers,0,3,False,True,False,False
artist_f124ba796ba25b0ca05289e00703eab7,Destructo Disk,0,1,False,True,False,False
artist_bd51126a940356a896524a94e2ae7424,Dev Lemons,0,1,False,True,False,False
artist_5250f6f014345e068e494308854c2b13,Devo,0,2,False,True,False,False
artist_90af8be30e125fe691fad58bb9eec6c2,Devon Again,0,0,False,False,False,False
artist_c02172608b085dbd8c915b05bf7ca109,Devon Kay & the Solutions,0,1,False,True,False,False
artist_9654f5d3208559529ff5dd310896323f,Dhruv,0,2,False,True,False,False
artist_d50865e2c99f5adaa26577dbc934149a,Dillon Fence,0,0,False,False,False,False
artist_ad894506e74f5954aed4c8ec940140bc,Dimond Saints,0,2,False,True,False,False
artist_078c9ae8122758a290a366353ecfb4ee,Diplo,0,1,False,True,False,False
artist_ca2dabde50ee5c329b46d24a1edf8dc6,Discus,0,2,False,True,False,False
artist_6515b089a9da5f6aa7ffb2221a31dbc8,Disney Worlds Collide Concert Tour,0,0,False,False,False,False
artist_5544bca6f4035e00b428d36eb7ff8659,Distinct Motive,0,1,False,True,False,False
artist_0387c5b0b0db57c6be79bac33a0472f0,Djodje,0,1,False,True,False,False
artist_340a3a4aa6195d05b8a63228259fd69b,Dogs In A Pile,0,3,False,True,False,False
artist_3c4b1a00f8565955a1e6e0df20fcf25c,Doja Cat,0,3,False,True,False,False
artist_6c82689bdaac5b2b9f5ac04c433a423e,Dominique Hammons,0,0,False,False,False,False
artist_2aa45ca272d553b89b51233d38e954bf,Don Broco,0,2,False,True,False,False
artist_53f23fb0320f511db1c73be4cae7cd76,Don Omar,0,7,False,True,True,True
artist_eb02270796f15e4a9851c5a3aaab2336,Don Was & The Pan-Detroit Ensemble,0,1,False,True,False,False
artist_b95b322b53c554da8c46828c6a845d34,Don Was and the Pan-Detroit Ensemble,0,2,False,True,False,False
artist_b542705410885c88b85c189015050752,Donnell Leahy,0,0,False,False,False,False
artist_f976fdf1665f5989941fb360826df3e8,Donnie Iris & The Cruisers,0,2,False,True,False,False
artist_7ff0bfd3cf3d5274a2801ab785a7a2a6,Donny Benét,0,2,False,True,False,False
artist_4e57177a79975841afb61fae2d5a7038,Dope Lemon,0,2,False,True,False,False
artist_1e80ff8852c55aa39b436c4e42679023,Dove Cameron,0,2,False,True,False,False
artist_5bc982253a6e5148b5e3855f0de8e21f,Downtown Boys,0,7,False,True,True,True
artist_307eac605c715b7a8f6dec1c115cf6aa,Downward,0,1,False,True,False,False
artist_248968385cec515195d75d36f0ecadc3,DragonForce,0,1,False,True,False,False
artist_bf4a7d887c285b789c0780098d172ba6,Drake White,0,1,False,True,False,False
artist_c16bfba9ae615a6a8ff51d419d0e5517,Driftwood,0,1,False,True,False,False
artist_1bcdaefc42865ca89b42598adf825d8e,Duelo,0,1,False,True,False,False
artist_e60e198ce1d55821bdb006f5ae546335,Durand Jones & The Indications,0,5,False,True,False,False
artist_12b34e2f1a4e54208081b47dad44ad3f,Dust Bowl Faeries,0,0,False,False,False,False
artist_31abe98f7f0f5a06ac0bebe4f459e1b0,Dutch Melrose,0,2,False,True,False,False
artist_298e870ea1fc558cb85dd0da04ad5551,Dwayne Gretzky,0,0,False,False,False,False
artist_9b517d76dcd552c989c4111f5d690bf7,Dying Wish,0,2,False,True,False,False
artist_d188fb63a4855ba8925fd30c31fa8d25,Dylan Cotrone,0,0,False,False,False,False
artist_4cff75fa1c33597dbccce269a847dc19,Dylan Gossett,0,2,False,True,False,False
artist_fdece9550d9d5ab8804c5adb7b7b0124,Dälek,0,1,False,True,False,False
artist_76277a652dca5719ab22a92213ee129c,EPIK HIGH,0,5,False,True,False,False
artist_8b4d5e31d8c35ff19a888a395d081d5e,Earl Sweatshirt,0,2,False,True,False,False
artist_e359f49d990859a09233086b02d96f7f,Earthquake,0,1,False,True,False,False
artist_029625c8d9795103811fd4de06c9744b,Eazybaked,0,1,False,True,False,False
artist_a2c5b74ecd1f58e7b7c6b1ee1916afc9,Ecca Vandal,0,0,False,False,False,False
artist_fb3c08c16eca5e999568dd0481755189,Ecology: HomeStones,0,0,False,False,False,False
artist_bdc25bfc8626579eaab65e51d874ed5b,Eddie And The Getaway,0,1,False,True,False,False
artist_e4d7911a4b56576a9a8d52c2d0be88be,Edgar Alejandro,0,1,False,True,False,False
artist_5ec3bc4447895deaac4cf62a5454ae1d,Edging,0,1,False,True,False,False
artist_b32c7524133d58b1a42ae020fc658d71,Eduardo Costa,0,2,False,True,False,False
artist_ec00ce193f0b55608a074bc2031cafb0,Eem Triplin,0,1,False,True,False,False
artist_48013053fb675498abb67acdf70757de,Eggy,0,6,False,True,True,True
artist_bb6241718738502cac2a8433cdb0f84a,Eivør,0,1,False,True,False,False
artist_1b090f38c7b058e7bbb9c8047ea0564c,Elanor Moss,0,0,False,False,False,False
artist_03fea5a621ab505ea0f620acaaed10f7,Elder Island,0,4,False,True,False,False
artist_57bced1b3523544f9d1ea9f49b73f616,Elena Rose,0,2,False,True,False,False
artist_fd87cc0e176951b6a30b5046980be728,Elephante,0,2,False,True,False,False
artist_087ebf8e3de45621822bb2aa3e7b84d1,Eliminate,0,1,False,True,False,False
artist_eaffbcd9afa255c486feeea5f32149b1,Elizabeth Cook,0,1,False,True,False,False
artist_144f638cd82353f398878b1c3fdbc38c,Elizabeth Nichols,0,0,False,False,False,False
artist_5450140b61ed5774a63c251e9a044f0f,Ella Boh,0,0,False,False,False,False
artist_62d4e8bd85b45f90a0a8e39f56399b65,Ella Red,0,0,False,False,False,False
artist_fca0fcb465e256feb922bc61f5906f17,Ella Woolsey,0,0,False,False,False,False
artist_9156fc03be09540b923636a921cf6fcc,Elle Coves,0,1,False,True,False,False
artist_911e9f82f2d3512bbb628fec8a95ef7a,Eloise,0,0,False,False,False,False
artist_ce9db7c0626e5e79903a0cc8511ed172,Emancipator,0,1,False,True,False,False
artist_01c5cf906c0c5bae876ac232ab8806e3,Emei,0,3,False,True,False,False
artist_ece6628cb7f75b94a1948f60e7292f38,Emery,0,2,False,True,False,False
artist_e7b4961a8f0f52b4b135fd161faf5f1d,Emi Grace,0,0,False,False,False,False
artist_9f3123634799563a8029a09c940fe9cc,Emily Drinker,0,0,False,False,False,False
artist_78500cfdfcc95aeaaac6a4373268c89a,Emma Nissen,0,0,False,False,False,False
artist_8ca8db0be82c59f1a6475eb3131573b2,Emma Ruth Rundle,0,2,False,True,False,False
artist_cd94114517575ed3bde7343ccd9a9325,Emmaline,0,1,False,True,False,False
artist_12278588b9dd5a6e98991166841b1dde,Emmet Swimming,0,0,False,False,False,False
artist_05bc027bdc60537989890a75af45dbb7,Emmure,0,4,False,True,False,False
artist_dda97656605456f2898456d2a7644a8c,Emmylou Harris,0,1,False,True,False,False
artist_a9ed1bdecca45a59b14fd8d830869024,End of Dayz,0,2,False,True,False,False
artist_f01a78ff739654ffa3aacfcaa700c08f,Entangled Mind,0,0,False,False,False,False
artist_b8abe1c3691c57fe8f2410617c7d78ff,Enter Shikari,0,7,False,True,True,True
artist_b2d8e25c16345644a4ed9c7d697c3577,Eph See,0,0,False,False,False,False
artist_8839538eaf75550c8f3e3ed152591055,Eraser,0,0,False,False,False,False
artist_93d0ab09986f5cab8d6764b0c75369f1,Eric Prydz,0,2,False,True,False,False
artist_f45355b0324658fdbbe11047f4d40f99,Erick the Architect,0,1,False,True,False,False
artist_22bc7db482345deaa5ee3d51bb815650,Eros Ramazzotti,0,1,False,True,False,False
artist_6947f7ed00ad55f993313ec840bbcc02,Escape the Fate,0,2,False,True,False,False
artist_6b7ca70c0d0558febcc28e203be7bc4b,Esteman,0,3,False,True,False,False
artist_0b13a0d695f05f9db5f970dbda8cc2ae,Eternal Boy,0,1,False,True,False,False
artist_fbf619e89ec55186a6ac3a72e6f5d62b,Ethan Burdick,0,0,False,False,False,False
artist_25980512083958498c2597ad365e8123,Euphoria Again,0,1,False,True,False,False
artist_c3849e4d39395b469662e01ffc6c80d9,Eva Ayllon,0,2,False,True,False,False
artist_219a41e292855c6bbda023b5d74d4cc6,Eva Ayllón,0,0,False,False,False,False
artist_f536016a105c51c9b30b2e0fa3f8226f,Eva Under Fire,0,1,False,True,False,False
artist_9e551b9567765baebb2240e577bff3ee,Evanora Unlimited,0,0,False,False,False,False
artist_a0b8fa700bed50a99afb9834b09a1751,Eve,0,3,False,True,False,False
artist_0f9ebc503dd852fcadc624210f71ca8d,Every Avenue,0,1,False,True,False,False
artist_47b16cd6dddf51ea90267d804adb519b,Excide,0,1,False,True,False,False
artist_6520cb17f7df5d1484f824aff6045c79,Extortion,0,2,False,True,False,False
artist_4916dd2239bf51ff9de671fbdf43bc90,Extortionist,0,2,False,True,False,False
artist_31505e11c93b5318942a702980e77b3f,Ezra Collective,0,3,False,True,False,False
artist_737a6641e53759398a1b788b59ae1a86,FIGHTMASTER,0,2,False,True,False,False
artist_3c32a24f28e55dfca6edaebe3a6e798e,FOOTBALLHEAD,0,0,False,False,False,False
artist_43912fe8a93b5cae844d5442e92d147d,Fabio Frizzi,0,0,False,False,False,False
artist_308d9fb82b1b5d9fb416a038d4ec75f1,Fabolous,0,2,False,True,False,False
artist_876e8f4af743516ca36409eef299ab77,Face Yourself,0,0,False,False,False,False
artist_af33b9f22e50542f923c32c73d80654f,Facewreck,0,0,False,False,False,False
artist_e5942859e3a057a1a0d047f007fbfb36,Factory 93 Experience,0,1,False,True,False,False
artist_493299cbfc6c5da899a7ea3febf01938,Fahim Anwar,0,1,False,True,False,False
artist_d997a3ec1f8d592fb6a71de07e664c28,Failure,0,7,False,True,True,True
artist_856920141c3c54ffa1d8d2dd89f2e19b,Fancy Hagood,0,1,False,True,False,False
artist_066bd4fd364a5f83b9b06093b332a873,Fat Nick,0,1,False,True,False,False
artist_f84284d7da9f5463a8c5a68e02e21e43,Fatal Realm,0,1,False,True,False,False
artist_930212c52f8053668a990297d3e369cf,Fatboi Sharif,0,1,False,True,False,False
artist_c947229cc8ea5cedb7e5c8f14ca33246,Father Of Peace,0,0,False,False,False,False
artist_3c7ffc25df335256b11e9e28ac17548f,Faux Real,0,0,False,False,False,False
artist_39c74d22387254498098a9c07ef3859e,Febuary,0,2,False,True,False,False
artist_a57bd100f69b5873b52963645d73ce85,Fenix TX,0,1,False,True,False,False
artist_9ab36d122d8e539db6f4cd15ba13831e,Ferrofluid,0,2,False,True,False,False
artist_0d90fdd811bc5493917b0a88e81e5603,Final Gasp,0,1,False,True,False,False
artist_3be05140c49c5057982bf0653db852d8,Final Resting Place,0,3,False,True,False,False
artist_5d857fc2de835979bbca6422d518a51a,Finch,0,1,False,True,False,False
artist_7b84af6c41f3593e9fec2203c2afefcf,Fire From the Gods,0,7,False,True,True,True
artist_7b663fc5e90d5260a844953230a8878b,First Day Back,0,1,False,True,False,False
artist_036714031491508b88816a2e8eb6666f,First to Eleven,0,0,False,False,False,False
artist_5575cd1cd68b52ddb1ffa4d396fc3b92,Fit For An Autopsy,0,2,False,True,False,False
artist_06016a2a5d9b57dc885e50c5f2f405a9,Five Finger Death Punch,0,2,False,True,False,False
artist_722a804c1b665ffe88efdd83cd2bff2d,Five Hundred Bucks,0,0,False,False,False,False
artist_d12a083f2ac95b10b71e84adfd1cbccf,FlamenKora,0,0,False,False,False,False
artist_43eb33c1973f5e36ba64f75b24f3eb03,Flamin’ Groovies,0,2,False,True,False,False
artist_718d30d993b3557f9d8545db73c25ff5,Fleetwood Macked,0,0,False,False,False,False
artist_e8840bda5ef752dcaa724cc0e02fc2cd,Flex,0,0,False,False,False,False
artist_a148ba49c2ea5fe190c33e2b6143f7ea,Flight By Nothing,0,0,False,False,False,False
artist_2e00553527c958a1adda6b49ce659d74,Forbidden,0,1,False,True,False,False
artist_d2e5066fd58251c3bc5b99814739f13c,Formidable – The Aznavour Tribute,0,1,False,True,False,False
artist_577c559dce0e5dbea22fbf5d485aefd6,Fortas Chamber Music Concerts,0,2,False,True,False,False
artist_71a2eb8afc855421aa694f7f065523e5,Fortunate Youth,0,1,False,True,False,False
artist_2e0a14cc8a0650be8409cb8dd131f7fc,Four Chord Music Festival,0,0,False,False,False,False
artist_5b30af8e66685031af95bfe1f273dc84,Foxix,0,2,False,True,False,False
artist_ab49f36980445507be945d4b26a3712f,Francis Mercier,0,1,False,True,False,False
artist_62b13433d2b553a5a75db8c43715d728,Francisca Valenzuela,0,3,False,True,False,False
artist_700cbf7107075c1eb426667e4da6ffa0,Frank Carter,0,2,False,True,False,False
artist_d6ec20a1b97354bcb361ac5aa0e303a6,"Frank Carter and Paul Cook, Steve Jones, Glen Matlock of the Sex Pistols",0,2,False,True,False,False
artist_c1963f17f8e05a5a88890baab0dd118e,Franklin Jonas,0,0,False,False,False,False
artist_4b76dc43540a56a7bceaebc7f074fc7f,Freak Slug,0,1,False,True,False,False
artist_189c8c47df045d409b152cd4114edff1,Fred Eaglesmith,0,1,False,True,False,False
artist_b38303fe24db5345a8690ff7ee1ba1ae,Fred Fancy,0,2,False,True,False,False
artist_b68ab027993a5517b89072daebb864df,Freya Skye,0,5,False,True,True,True
artist_a3eb5700ffda55f99a30a1b2ec5051f9,Friendly Fires,0,4,False,True,False,False
artist_699d5cb006ed563aaebaaca2813633ab,Friendship,0,0,False,False,False,False
artist_9a6910ca46ee5581b82cc36263da8beb,Frog,0,2,False,True,False,False
artist_4e3be5b250555a018055c0e5711778dd,Frozen Soul,0,1,False,True,False,False
artist_394b936c41375a75af9b1dbd12b67b69,Fruit Bats,0,5,False,True,False,False
artist_a4db630e604d588da175195d946d3a14,Fruko y sus Tesos,0,1,False,True,False,False
artist_5c603c940bb85efc83edb16015a62156,Full Moon Fever: A Tom Petty Tribute Band,0,1,False,True,False,False
artist_a21fb2880f6951e9b99756b9bfad8cda,Future Joy,0,0,False,False,False,False
artist_b9016948f37d543db4a34c9eee679e42,GG King,0,0,False,False,False,False
artist_eda95930acf253d3af4b7b6ae3c7c915,GHOSTWOMAN,0,2,False,True,False,False
artist_a8d11bab4a0d5f33836a5c41e4058184,GIFT,0,2,False,True,False,False
artist_63095e76438b5a0f8dfb40d2b32c2fcd,GWAR,0,1,False,True,False,False
artist_d6f1c5d1c5aa5712b982cbbd5a138497,Gabe Bondoc,0,3,False,True,False,False
artist_85a45b2d9df756a2b4189387414918dc,Gaea Lady,0,2,False,True,False,False
artist_67a6f90e42c855ee873be4a93491306e,Gaerea,0,1,False,True,False,False
artist_5dbfa1bac9fa56568768bea12d9aaca6,Garth Trinidad,0,2,False,True,False,False
artist_d309061f7b3a51dea38f17768cacf3f2,Gelli Haha,0,0,False,False,False,False
artist_730fbf2292c958df86840a0c8e550086,Gene,0,1,False,True,False,False
artist_67f7c3452ede533691634e9c121229f2,Genevieve Artadi,0,0,False,False,False,False
artist_0e5a2350297b592090244a9f7dbc3f84,Gente De Zona,0,3,False,True,False,False
artist_6314660c184c50ee930e50943d28ceb1,George Birge,0,1,False,True,False,False
artist_dc687780ec06520eaa6d4e11b3b24310,George Clanton,0,1,False,True,False,False
artist_9c649c0ff122569ab250b48549cfcb35,George Porter Jr,0,1,False,True,False,False
artist_169f85830ae955b99dae0a31aa4dc9e0,Get Up Kids,0,6,False,True,True,True
artist_5f356e0ac6d65ccbbf51cdd09f4c0546,Ghalia Volt,0,2,False,True,False,False
artist_645a7482185e5bbebc452950d24803ce,Ghostface Killah,0,2,False,True,False,False
artist_2c6b9be3e9fa5e3bbdf6819eb20a669f,Ghostly Kisses,0,2,False,True,False,False
artist_34bf71a16cfa52ac97abe6fe0ad6887c,Giant Rooks,0,3,False,True,False,False
artist_7cead60ecb3758ad9e6122df956d15dd,Gideon,0,2,False,True,False,False
artist_f509bcc162975b55b525f2c796943fce,Gilla Band,0,5,False,True,False,False
artist_0bfcd89e93d8599689a4cc5a243a18f8,Gillian Welch,0,2,False,True,False,False
artist_7f22f93032d15700b39319dd504d1726,Girl Named Tom,0,1,False,True,False,False
artist_7b13215b641b57f4bffa9298ead4c2d8,GlaMonster,0,2,False,True,False,False
artist_9a12255529015b15a9dbcde57fbf48ce,GloRilla,0,1,False,True,False,False
artist_1a327c6ad61a55a4ba532e39ee565447,God Street Wine,0,1,False,True,False,False
artist_754540076e8153d09f5319d6d1f10bf7,Godseyes,0,7,True,True,True,True
artist_d382e168e69355859e9dd564de294362,Gogol Bordello,0,7,False,True,True,True
artist_0f8efe504e3d516dacf4ec395e9b9c3c,Goldfinger,0,3,False,True,False,False
artist_d3403b19fc805187880cab99be0266a5,Gorgon City,0,4,False,True,False,False
artist_bf92f67f863850d5aaad597c0bee8ac5,GorillaT,0,1,False,True,False,False
artist_d2daa9a35f0c58ecabaeb139630bd67d,Grace Bowers,0,0,False,False,False,False
artist_a7fda3292ddd5288a29d321b7ee5021e,Grace Enger,0,0,False,False,False,False
artist_2a68fda8d959540da2d94be86d5d7f9e,Graham Hunt,0,0,False,False,False,False
artist_22090c1928d35a47ad537de662f26b27,Grandaddy,0,4,False,True,False,False
artist_630c680a3db85cf58d13835d5716f597,Grateful Shred,0,3,False,True,False,False
artist_c753a9d4c6285379822d13af7ebb2891,Grave Secrets,0,0,False,False,False,False
artist_ce506d470ec258169f2db7983db4cae6,Great Falls,0,1,False,True,False,False
artist_0aab60a8d5f45f3995c471fec335482c,Great Lake Swimmers,0,5,False,True,False,False
artist_7081e966b7fe5159952a49e43d5ccec1,Greet Death,0,4,True,True,False,False
artist_9574324e5c9053779956f0f8690f9a38,Greg Freeman,0,0,False,False,False,False
artist_360dfd733ad75db49518abe9a2a209dd,Gretta Ray,0,2,False,True,False,False
artist_e488f85ffc485dc489651de1e657d6bb,Gridiron,0,3,False,True,False,False
artist_17b2f1eace535fcc91339305ff51d965,Grocery Bag,0,2,False,True,False,False
artist_6fa5dfc5dedb54a0b8a954b96d80671a,Groundation,0,2,False,True,False,False
artist_f990f065c5af5000a7954e786b8dc6f5,Grounds for Assault,0,1,False,True,False,False
artist_60570a6a01ac54a4bdefe54563fbe7a3,Guaco,0,0,False,False,False,False
artist_ab5ba3d584fb52eaad0d4e94557c4044,Guck,0,2,False,True,False,False
artist_c0cccc8e7739560a8d8b8372cfed5d2a,Guerilla Toss,0,4,False,True,False,False
artist_b9b38dc11135502499e06bbfe6ea50a7,Guiding Light,0,0,False,False,False,False
artist_fa69c595006c5c6b9f676ed79b71982a,Guilty Pleasures,0,2,False,True,False,False
artist_f1a2ac55bf445469bea565c978107a91,Gully Boys,0,1,False,True,False,False
artist_bcb618b4fda557b1a851e14e4bc397a8,Guster,0,2,False,True,False,False
artist_6bc182eb0cce5792aa1477b9fa85d400,Guyscrapers,0,0,False,False,False,False
artist_ebc5e71f556e53108a5ab18b9a46fef1,Gyedu-Blay Ambolley,0,1,False,True,False,False
artist_ed01969b45335d9eba55484797870503,HARBOUR,0,1,False,True,False,False
artist_2e31a2a2a9675ed2862333c8beb387a7,Habak,0,1,False,True,False,False
artist_d9380b3edef5586aab167f40c9101ee5,Hairball,0,2,False,True,False,False
artist_700bcf9d1a555fec8c7b715ed9bb04cd,Haley Reinhart,0,2,False,True,False,False
artist_e30a3640b7735a8c9ff2a2f291886ceb,Haley Smalls,0,0,False,False,False,False
artist_11ff3fab9a9d5abea76e2adf6c859382,Halocene,0,0,False,False,False,False
artist_ad1e8640ef345646b9251d10e2452912,Hank Azaria & The EZ Street Band,0,0,False,False,False,False
artist_e7329488ad4f5b608442f710a85a166a,Hannah Cole,0,0,False,False,False,False
artist_c457fa01f9fc595fb4896a4a210e4124,Hannah Jadagu,0,1,False,True,False,False
artist_5381784567c45d68b3378e8fca4c6585,Hannah Jagadu,0,2,False,True,False,False
artist_13adbb4e1399562bb22deeec3c543e3f,Hannah McFarland,0,1,False,True,False,False
artist_37fe52ad0cf65cac92eeb97ce8453e7f,Hans Zimmer,0,2,False,True,False,False
artist_caf9070703e9547eb5b7ac247f5aa541,Harrison Gordon,0,2,False,True,False,False
artist_4a2af096be2f5080b24e7c629aaac683,Harry Potter and the Deathly Hallows In Concert,0,0,False,False,False,False
artist_93894c4cc9b95139a33499c2aed01885,Harvey Street,0,1,False,True,False,False
artist_fc7ca1ef2a5f5c8e8f75ca8fba25a999,Have Heart,0,1,False,True,False,False
artist_596d663c061a5e9f9179ca65815d9460,Have Mercy,0,1,False,True,False,False
artist_519f2bf664b752ee846091c4df8ab7cc,Havok,0,2,False,True,False,False
artist_4a63458f0ae35e2a81f85bee83ca1988,Hawthorne Heights,0,3,False,True,False,False
artist_3ad11d02c2f65a5487d3520c917c6e45,Hayden Pedigo,0,3,False,True,False,False
artist_64ab164837db505da36ffd8ef4f15dd2,He Is Legend,0,2,False,True,False,False
artist_ec0739590d955e848df2c9cb68ed971e,Headache,0,0,False,False,False,False
artist_655659f211ef509a9eb5c87538cb6cb0,Heading North,0,0,False,False,False,False
artist_cab254281d68559182d05c8eb1c51345,Heal The Hurt,0,1,False,True,False,False
artist_6fc7b3cf099c5704a699242b6565aa80,Hellripper,0,2,False,True,False,False
artist_9ee82d778b445eb6bc55f6f84410eab3,Henry Fong,0,1,False,True,False,False
artist_3b8a211e0ef95a52a79880c417aaed42,Here Come the Mummies,0,2,False,True,False,False
artist_3028f29b31625f67a73fc830bcf8a1db,"Hey, Nothing",0,4,False,True,False,False
artist_89c346bca8b357ebb5f42fe17bc199eb,Hiding Places,0,0,False,False,False,False
artist_a73b635377c658859544181f5a902a09,High Vis,0,3,False,True,False,False
artist_4e32e08e7b6a5906a46ce26c64132996,Highly Suspect,0,2,False,True,False,False
artist_b5f149b6f5505277ac1edbe27bff5106,Himalayas,0,2,False,True,False,False
artist_bfbdf5eecccf5af588836bf705857796,Hippie Death Cult,0,2,False,True,False,False
artist_4bdfdafac20a54ac844d8c8af62101f4,Hiss Golden Messenger,0,5,False,True,False,False
artist_cf988c6b8f9a57cea9a85a224e8813e4,Hit Like a Girl,0,2,False,True,False,False
artist_291dca1afca152fdb4f704fc06e3d04e,Ho99o9,0,1,False,True,False,False
artist_8c46a1a3893a5b358f5331cdefef7d55,Hoang,0,1,False,True,False,False
artist_d091708c8af2517983ce88ba585b9800,Holding Absence,0,3,False,True,False,False
artist_143ebbf2b09c5698ba625c084afd1c2d,Hollis Brown,0,4,False,True,False,False
artist_aba89adf586858738fd2e9af10ececf1,Hollywood Undead,0,2,False,True,False,False
artist_ad541640bd0457cc83a78651b6bb0d21,Holywatr,0,0,False,False,False,False
artist_19ec1b431a605e088810427f44fb9d90,Home Front,0,1,False,True,False,False
artist_0a247c53bed557c79cf4a6fd7c953e8d,Honey Bee Rose,0,2,False,True,False,False
artist_d584cc422b495c758f1c87e1ac6faea7,Honey Revenge,0,3,False,True,False,False
artist_48873a176aa95f66ae59d5d4c2e1cc37,Hooky,0,2,False,True,False,False
artist_2ffdf9137034580ca64ccdfe1e88928a,Horse Lords,0,3,False,True,False,False
artist_8916360f02a8580c890886d4dae9ea09,Horsegirl,0,2,False,True,False,False
artist_e57c9b37c210591b89162b8cea769ad3,Hot Tuna,0,2,False,True,False,False
artist_f8f15e009f4854b996276aedccb408e9,Hot Water Music,0,3,False,True,False,False
artist_f6220d9ca9115899aa1dd048f2e11c2e,House & Home,0,1,False,True,False,False
artist_18e981220ffd553d8c7523d85bb1d96b,Hovvdy,0,4,False,True,False,False
artist_4909103bf2685f6aa7e5035b77b88b5e,Howie Day,0,2,False,True,False,False
artist_30d99dd6d4f950948a3f642614e6c873,Hudson Freeman,0,1,False,True,False,False
artist_82e772bf7ec95fb38bd708e7ad649935,Hunny,0,3,False,True,False,False
artist_77575b30343a59e0ac35c9d8b380d02c,Hunter Flynn,0,0,False,False,False,False
artist_7c2ae21e231d5dfdb60e0b2538de8282,Hunx & His Punx,0,2,False,True,False,False
artist_86fd0fab0ef457bdb836c4ad7f3a3cd1,Hybrid Minds,0,1,False,True,False,False
artist_1e6f186a5bf053398d8a14870789e9d3,Hypnotic Brass Ensemble,0,1,False,True,False,False
artist_c3b2985b0b25530088e39fb131eda04e,I See Stars,0,2,False,True,False,False
artist_25cad9fb703855b594cefca3cc983951,INNA,0,0,False,False,False,False
artist_775e087b3dc45a8c92053c860c0ed426,INOHA,0,2,False,True,False,False
artist_5c176f696c6454718a71273e350a1699,ISSUES,0,7,False,True,True,True
artist_81dcee28b480560dab705f4db6c24061,Ian Sweet,0,3,False,True,False,False
artist_e7bd748b8ac15dc8a140f4145c6abef3,Ibeyi,0,1,False,True,False,False
artist_8d9106c0dc985a0da27c30cf03dcccd3,Idkconundrum,0,0,False,False,False,False
artist_77a0dd1770ac5b67aa1dc3ceb528cd82,Il Volo,0,1,False,True,False,False
artist_9aedd38a647b56f5bf06cd250119fbea,Imminence,0,2,False,True,False,False
artist_f9b58adafdc95df7a99245058d535828,In Angles,0,3,False,True,False,False
artist_968d0ce6d0435d229c7e99dbcd2cf72a,In Flames,0,4,False,True,False,False
artist_666dfd87b9af5973a4a0cfbe8644e836,In Her Own Words,0,1,False,True,False,False
artist_881de6661b965da786a303517eb4cf65,In This Moment,0,2,False,True,False,False
artist_1b6ab08d2ab658ddb975a69b84e1a710,Indigo Girls,0,3,False,True,False,False
artist_0c887af7406c591ca78fbff4216b45da,Initiate,0,6,False,True,True,True
artist_a1791988088252cb9d4ce1b5a4a85c15,Insane Clown Posse,0,1,False,True,False,False
artist_cc5bdb4e126555069859d6f27af0cd96,Interpol,0,7,False,True,True,True
artist_50ae02e203865127945a5f04b9f588be,Ioanna Gika,0,1,False,True,False,False
artist_348f8c0ebf875fe3a552d11f5dfb8e52,Iron & Wine,0,2,False,True,False,False
artist_b84e8c1a8b645a7eaf34ec254c3a31d9,Iron Lung,0,2,False,True,False,False
artist_7e32d73c992b5a62adc4716290495b1c,Irwin Hall,0,0,False,False,False,False
artist_6885143b5efa58b6abd77b698b6bddab,Isabel van Gelder,0,0,False,False,False,False
artist_89051f3fac1d55c7bf541a193c2d58d1,Issues (Tribute to Korn),0,1,False,True,False,False
artist_1d24a01fe8d9539980e4a3c235446102,Itzhak Perlman,0,1,False,True,False,False
artist_68a2f21c7ead55119e933ddc5311a7d5,Ivan Neville,0,0,False,False,False,False
artist_a52a6f888cf95228b070e1c255e138ee,Ivory Layne,0,2,True,True,False,False
artist_6a739816223753399368e5ce6e2f0169,Ivy,0,0,False,False,False,False
artist_b2f73df20e005a69a54183a26f416ee1,Izzy Escobar,0,2,False,True,False,False
artist_938436d2c116571c8fe0f6011f97d66c,J. Robbins,0,0,False,False,False,False
artist_1adeae1fecb451e7b932173c97b924d1,J. Roddy Walston,0,1,False,True,False,False
artist_f0586a8659475603b6b913ae06da14b0,J. Roddy Walston & the Business,0,2,False,True,False,False
artist_97c0a8aa5b5d50078e652f0afee8e654,J.R.C.G.,0,0,False,False,False,False
artist_10ff0d85d28c5cc3aeed003b0df0048c,JD Beck,0,2,False,True,False,False
artist_889eb19c3ce958b99558d01939ac3a13,JER,0,0,False,False,False,False
artist_3e4771040bd45fa99acec60642c394be,JGB,0,0,False,False,False,False
artist_565ee0847cf052f9a74124dfe9ea0e74,JIVEBOMB,0,1,False,True,False,False
artist_4c7acf5f2887504bba75861b84235f4b,JO1,0,1,False,True,False,False
artist_bf61637a5ff85fc8ad371e76e6315024,JPEGMAFIA,0,2,False,True,False,False
artist_38c9b35e83515fde9b141beecc3cb204,Jackie Evans,0,0,False,False,False,False
artist_b8aef719b86e59099056e3324200965b,Jackson Browne,0,2,False,True,False,False
artist_39687d9f57435dab9807754b7382d97a,Jackson Dean,0,0,False,False,False,False
artist_a9c0ea9478a852f987c19e4287d19714,Jacob Collier,0,3,False,True,False,False
artist_9f6e606949fa5247af65182f76d424f9,Jade Cicada,0,1,False,True,False,False
artist_8ab7e19666675649977a1ae5ba6f4b76,Jade Street,0,0,False,False,False,False
artist_98b49fec50dd5618b8d4612ad7b44b22,Jady,0,0,False,False,False,False
artist_8c01e69b6a2f573182dca937501d651c,Jahnavi Harrison,0,0,False,False,False,False
artist_0bb6c41e19755a9c8d94e8c49bfe385b,Jai Wolf,0,3,False,True,False,False
artist_0d53cdd6eb9250bcb051ed380c0364b5,Jaid Joice,0,1,False,True,False,False
artist_7c8b26c20fcc5cd6bbcfee7ec0cfb746,Jaimoe,0,0,False,False,False,False
artist_70c09844e8d2561ebe893f418fe478cb,Jai’Len Josey,0,0,False,False,False,False
artist_f3d8b3667306516a9c62e9c3d475cce1,Jalen Ngonda,0,1,False,True,False,False
artist_e03e87941cbb56cd92781016395c9ade,Jamie Fine,0,0,False,False,False,False
artist_34e740d34a3c583bbac408668ea899bb,Jamie Jones,0,1,False,True,False,False
artist_7c68c78733575ae5aeb45b38c4067ebf,Jamie Miller,0,1,False,True,False,False
artist_7996ba5841d65432b3102ad9ef05c405,Jamie Webster,0,0,False,False,False,False
artist_88dd968af122571687bbcc7789f58660,Jammy Buffet,0,2,False,True,False,False
artist_e8b46c850b435ee0a979a65fb1c2dcb6,Jason White,0,2,False,True,False,False
artist_13cf4426fb0f5f66beb33118a7c6884e,Jawdropped,0,0,False,False,False,False
artist_92ccc04fbed556a4b77839f5ad7b6efe,Jay Royale,0,1,False,True,False,False
artist_d23fd488295057f2992cf9154a35282a,Jazz At Lincoln Center Orchestra,0,1,False,True,False,False
artist_4ff0336205dd5657b4c0a491d9b70ec9,Jazz Is Dead,0,2,False,True,False,False
artist_85a9248ccb40532984629200c28ede35,Jeff Goldblum,0,1,False,True,False,False
artist_b30484fa71445c31ab8d579597422556,Jeff Tweedy,0,6,False,True,False,False
artist_842225624acf5b39bc805fcf8db81ec5,Jenny Owen Youngs,0,1,False,True,False,False
artist_45aa9ee85e825ba6b50334a94575aa28,Jens Kuross,0,2,False,True,False,False
artist_0d3858f86d3e582c87bf54265d510ce2,Jeris Johnson,0,1,False,True,False,False
artist_0342f3e9f633592494c673546a0d1a99,Jerry Garcia,0,1,False,True,False,False
artist_106e5d218bcc5edfa77c338bd0a87364,Jersey,0,2,False,True,False,False
artist_2010c64f235e567288ac3abd89fa1e7e,Jeru the Damaja,0,2,False,True,False,False
artist_a826cb85784f55449d41d3603f69cf38,Jess Williamson,0,1,False,True,False,False
artist_32e315758f5858b1bc4b519a853fa11a,Jess Woodland,0,0,False,False,False,False
artist_9723fe46519c5c7a83ce4d8cf8ccb1b6,Jesse Baez,0,1,False,True,False,False
artist_876a4b23b00055e2b9af99a72937a284,Jesse Cook,0,4,True,True,False,False
artist_b6e018b4db6e59eea178c82e9e6ccdf4,Jesse Dayton,0,4,False,True,False,False
artist_a1df2937d568594b917ed2db1ef69aaf,Jesse Malin,0,4,False,True,False,False
artist_81233511becf544191860b5efb52bf97,Jesse Roper,0,2,False,True,False,False
artist_08ce57dae87a55e88f7fe547efe05728,Jessica Lea Mayfield,0,2,False,True,False,False
artist_f9624dda0ffb59d2bc6bcd5ea0aba2db,Jessie Mazin,0,2,False,True,False,False
artist_6783241bfce050029b5b2f56434ec7d3,Jessie Ware,0,2,False,True,False,False
artist_c34b68707eb558bfbd5d7a5de58112c3,Jessie’s Girl,0,0,False,False,False,False
artist_171efcb58ba050e9bc3debe51bd64732,Jessimae Peluso,0,1,False,True,False,False
artist_c49ac321c7cf5b21a618cea7f779f356,Jessy Lanza,0,5,False,True,False,False
artist_312de1e68d70574f858b36d516eff9a6,Jhe,0,0,False,False,False,False
artist_2c4b5e4451735f4fbfab9bf21a6e36fb,Jim James,0,4,False,True,False,False
artist_99bd9d816e545d8d91ef04a2754ca7ce,Jim Messina,0,1,False,True,False,False
artist_9605ef2e01d45084ac24f8a708c8a1fb,Jimkata,0,7,False,True,True,True
artist_9c9dfa09190358b9a5ae8beadc92f995,Jobi Riccio,0,1,False,True,False,False
artist_be01e940fc5351cfb9eaecb4f70b49bf,Jodeci,0,2,False,True,False,False
artist_5b89a691a19a525aa95b79a17d5ac75a,Joe Machi,0,1,False,True,False,False
artist_667a73d00c045a808240be36cf565ed8,Joe Marcinek,0,2,False,True,False,False
artist_381deb9df94c57ec998a28a25c94dc0f,Joe Russo's Almost Dead,0,2,False,True,False,False
artist_7c7462e08c495092ad0befe47b7a938e,Joe Russo’s Almost Dead,0,2,False,True,False,False
artist_eec509fd8c7c5130b86cd6b81eb52ea6,Johan Dalene,0,2,False,True,False,False
artist_a28310bdf1f25f2aac1f2b3c4554b220,John C. Reilly,0,0,False,False,False,False
artist_dd4a56b440ee5ea0b1e4ddf0e599417b,John Cameron Mitchell,0,2,False,True,False,False
artist_5d0105f9c3be59d6a23187d57558734b,John Digweed,0,2,False,True,False,False
artist_399a11dc61b15416adc93f67c2bb00d7,John Mayer,0,2,False,True,False,False
artist_2e24a8d14dae5b279c281e5a3ec4fa0b,John Morgan,0,2,False,True,False,False
artist_9d789ef3aae55d59bff416364a05ae0b,John Reuben,0,1,False,True,False,False
artist_dc36fa4cc7c559b1b98799d7c5c673e1,John Violinist,0,0,False,False,False,False
artist_5d2d2f35af2b57f9bb8eb5321bd9d452,Johnny Booth,0,7,True,True,True,True
artist_13f4a19ee8a052ca91bb0adb4fa8da7d,Johnny Farina,0,0,False,False,False,False
artist_74f66afbe717577a910f0134fe2ee6db,Johnnyswim,0,3,False,True,False,False
artist_e57a9927da2354eeb09b3e2930bd06ff,Jon B,0,1,False,True,False,False
artist_9523949801f35d3ca27fa32f33271d1a,Jon Bellion,0,2,False,True,False,False
artist_a634e1bf7ad6512498436204a1aa4f05,Jon Faddis,0,1,False,True,False,False
artist_a384f3d435d652b6a2f4b304414a50c2,Jonathan Hultén,0,0,False,False,False,False
artist_91d2fa307e3c532cbbbb00496302d6cd,Jontavious Willis,0,1,False,True,False,False
artist_f9637d5b75aa58d5a9c1cbe1a3a4c581,Josh Garrels,0,3,False,True,False,False
artist_3ecbfbeb4cf757538dfb3c8912735eea,Josh Joplin Group,0,0,False,False,False,False
artist_10377efc577c541eadbf8b4f6f168ad5,Josh Ross,0,2,False,True,False,False
artist_9758102b34045c898380c98d848805e1,Jota.pê,0,1,False,True,False,False
artist_331a8e9f23b950d4b6bf4e97b38d51cd,Joy Oladokun,0,3,False,True,False,False
artist_8e20512994fe5436951d6ab04d6426b3,Joyhauser,0,1,False,True,False,False
artist_c484f540f702584cafa3616f0f846196,João Gomes,0,1,False,True,False,False
artist_5132b38f94c75b658a1cb1c017eaf3ea,Judah & the Lion,0,5,False,True,False,False
artist_57a117d9f508555a923487e2d0929953,Judah Weston,0,1,False,True,False,False
artist_bbfd69a2cf755010a3ee688b355a282c,Juelz,0,2,False,True,False,False
artist_090d092794995775996ae6066796c56e,Juice,0,1,False,True,False,False
artist_a8d962de65e850c5b6ef0135ddfd6e15,Jukebox the Ghost,0,4,False,True,False,False
artist_93230ade638a5b1ea8926d15634c5ef1,Jules Grison,0,0,False,False,False,False
artist_f3ebb47553ff5331bbf4528fcfeef85e,Julia Jacklin,0,5,False,True,False,False
artist_9f5be562c910504a9e7744f4e10ed9de,Julius Rodriguez,0,0,False,False,False,False
artist_0339a64532885cddb7cc5945dfbf7870,Junko Yagami,0,2,False,True,False,False
artist_7e47e8adde1c5a72be7146476dc0b035,Jupiter Coyote,0,2,False,True,False,False
artist_5049b77ab72f5defb4e21ca35b61267b,Justin Nozuka,0,2,False,True,False,False
artist_53de1e1c47dc5ad7b0086ee92ea3585a,KATSEYE,0,1,False,True,False,False
artist_0a378f73645652bd8cab280f64e082a2,KELS,0,0,False,False,False,False
artist_de4e8484c5345ae3a03de6a64b58ca2f,KILIMANJARO,0,2,False,True,False,False
artist_073f65aa8ea05362b98fdf61231e43ec,KK’s Priest,0,1,False,True,False,False
artist_073af9d7203851139047c4a2084da8a8,Kaleb Sanders,0,0,False,False,False,False
artist_f24998dd57d654059ee6e73b75ae4125,Kalisway,0,2,False,True,False,False
artist_ef77644018f8585887ca34ab1e92bc0a,Kamijo,0,2,False,True,False,False
artist_bb4676e1d2a853f0b3e98a7ba97a8fa9,Kany García,0,2,False,True,False,False
artist_66da2d386def5059bbde41e4d8f0c799,Karina Rykman,0,3,False,True,False,False
artist_5b36b38ae287594391e6bd56cd0c597d,Karl Blau,0,2,False,True,False,False
artist_bf20d76d27dd5130ac1aacb7631ae5e9,Kashus Culpepper,0,2,False,True,False,False
artist_ba0eda93d79b55b7936350e50dd3e578,Kassie Krut,0,0,False,False,False,False
artist_eeda4b7978d4513db7e4b41c7edfd2b8,Kat Tracey,0,0,False,False,False,False
artist_ccbe5dc7227855e6857522fb3bc7f1e5,Katelyn Tarver,0,6,False,True,True,True
artist_c8daf03928235c0d9bde9ea40d36b2a6,Katie Pruitt,0,4,False,True,False,False
artist_7ac07a9310df5fd7a50f3adc16813c18,Keenan Te,0,0,False,False,False,False
artist_1efd369ba57850c59e396a6b07d8d0b1,Keep Flying,0,1,False,True,False,False
artist_94d6e046d0d75de0b93b35edb17c5c49,Kei,0,1,False,True,False,False
artist_efd330ad7c495440b6b55c106539156b,Kelsey Lu,0,2,False,True,False,False
artist_66b24fa7634b5228b338653d3e781c3a,Kelsey Lynn,0,0,False,False,False,False
artist_373103c232df565e930c76a4cd29e90a,Ken Double,0,0,False,False,False,False
artist_780c165215975044b95211075d386ae2,Ken Pomeroy,0,0,False,False,False,False
artist_577e7a00695a5c74950efb77ac5f21dd,Ken Yates,0,9,False,True,True,True
artist_cf4010e02e7156a5a2edf8a6255af4e2,Kendall Street Company,0,4,False,True,False,False
artist_90c8fa893906555f90c278ff70d5778f,Kennedyxoxo,0,2,False,True,False,False
artist_79f381cf671c5f11952a1408c4e72709,Kent Osborne,0,0,False,False,False,False
artist_aab6ba63d9cc58e595342256cbf58ac4,Kevn Kinney,0,2,False,True,False,False
artist_04614287335f52339e1127a4feed3281,Keznamdi,0,1,False,True,False,False
artist_850e4a81e46d5471952cf2a958511c72,Kid Koala,0,1,False,True,False,False
artist_b85250256f2655b7800db1b60c53caca,Kid Sistr,0,3,False,True,False,False
artist_86eb454e0c8d54289f8224bcc94df625,Kidd G,0,1,False,True,False,False
artist_0cef3f16549b59f296bd3b2c2c025ad8,Kierra Sheard,0,3,False,True,False,False
artist_2da028f5eb42545cbb231a2e2ecdee79,Killen.,0,3,False,True,False,False
artist_bd63d1a10d03573eb3ee8f031e4cb8ac,Killing Pace,0,2,False,True,False,False
artist_7f4a666c72c75689b8ed323e00a66110,Kim Burrell,0,3,False,True,False,False
artist_bfb55bb160bb542186e615ff75bb5ac9,Kim Wilson,0,1,False,True,False,False
artist_7803e3ffa90b52e7833668121c97b468,King Buffalo,0,3,False,True,False,False
artist_3287470b1fff5737b5605f780ddc4d21,King Solomon Hicks,0,1,False,True,False,False
artist_237bdaca2a7e59aba4796950a6275e15,Kingdom of Giants,0,2,False,True,False,False
artist_9910de9a93285728a52b4e6591bd2cb3,Kino,0,1,False,True,False,False
artist_97470c21947756dfbc61fda895999b29,Kirill Gerstein,0,2,False,True,False,False
artist_19942272a4515947b901602e3d3ad7c0,Kirk Whalum,0,1,False,True,False,False
artist_2048eb7ee8995d2a9ff9b1da5348346a,Kitchen Dwellers,0,3,False,True,False,False
artist_7b74bf6001b3576588e12af3b558c982,Klass,0,1,False,True,False,False
artist_a5d5e13f494d57bab1a4a8c1b6cc6211,Know Good,0,0,False,False,False,False
artist_6888aa8ca1b25a44ae674543f047064e,Knox,0,0,False,False,False,False
artist_ea8065d6c460588e89b7c8df34bcf310,Kolton Moore,0,1,False,True,True,True
artist_7e0e290b701d5ace879d262827acf0d1,Kolton Moore & the Clever Few,0,1,False,True,False,False
artist_2666f872daf3593cabb9afc632cc3db4,Konstantinos Argiros,0,1,False,True,False,False
artist_0dea2564fd20510f832249842925be90,Koo Koo,0,1,False,True,False,False
artist_79d2d17b00b95d27882d13f22e4e2f06,Kool G Rap,0,2,False,True,False,False
artist_b97ad3505b1252e996c2079d0f44510b,Kowloon Walled City,0,2,False,True,False,False
artist_cbf7a5a4dc27503aa34852620377f8e3,Koyo,0,2,False,True,False,False
artist_961c09338df55deabd5ede1f51e580ce,Kruder & Dorfmeister,0,4,False,True,False,False
artist_09574bbcdb875da5a4b7a3296ea22aba,Kublai Khan TX,0,1,False,True,False,False
artist_bb5c5fa3c417554c9457286d5387cf29,Kungs,0,4,False,True,False,False
artist_66224f89caed530c865a274f833e9f2d,Kurt Travis,0,1,False,True,False,False
artist_64574ebdff1f5222af9e5ab9e93286ea,Kurtains,0,3,False,True,False,False
artist_0448bd8e5d3155ad818125e8e6b4e93e,Kwesi Arthur,0,0,False,False,False,False
artist_432549bee53e55cfb155489d622e8ea0,Kxllswxtch,0,1,False,True,False,False
artist_e1505283ca905c04a7129f7c1cf62733,Kybba,0,1,False,True,False,False
artist_47494ef1e74256acaecbf210ed6e89da,Kyle Gordon,0,1,False,True,False,False
artist_fce5d66813885a8c9977920f78ac2ba5,Kyle Hume,0,1,False,True,False,False
artist_d31444f02218530e87fd70c75e16553f,Kyle Rapps,0,2,False,True,False,False
artist_b144c53924ec5095811c9cc58e993318,Kyle Schuesler,0,1,False,True,True,True
artist_b4504bb51b2e57a5a4e9171ff5bb43de,Kyle Watson,0,1,False,True,False,False
artist_8aabd86de76055238874d6ed217893dd,Kylie Cantrall,0,2,False,True,False,False
artist_fc8c80244574526e93d040437909d05a,Kylie Morgan,0,1,False,True,False,False
artist_ce7ba0448ac65437a7034d72fd61c38f,L7,0,2,False,True,False,False
artist_031f9100206c5c29b4877f448092bce4,LAERZ,0,0,False,False,False,False
artist_752b70e02d385df2b0eeaefdb2d65f97,LL Cool J,0,3,False,True,False,False
artist_f051f4beee91537ab29c7c08f0fb37a6,LOVRA,0,1,False,True,False,False
artist_a3d2292bcfd254acb2b24c362eccead4,LUCY (Cooper B. Handy),0,1,False,True,False,False
artist_e8b78af7ba54556e800ca08ceda6ef64,LUNACY,0,0,False,False,False,False
artist_d6ccf7fa62d757acac7cc5017a6098bf,LaMP,0,2,False,True,False,False
artist_40682221f0ea56d7972f81179bb35e77,Labyrinth,0,0,False,False,False,False
artist_b2e4f6f492df55848f81ad317f7121fa,Lady A,0,2,False,True,False,False
artist_5d0c31c0050853468a21fc1ce716cea9,Laila!,0,0,False,False,False,False
artist_048b504c2dc652d48ceb3493fd072c1e,Lakeview,0,1,False,True,False,False
artist_3845a6fe1cee5e6da51c4ad73601d13b,Lambrini Girls,0,3,False,True,False,False
artist_a1e8dff2065354a58f1daecac28c25c7,Larry Campbell & Teresa Williams,0,1,False,True,False,False
artist_bfc9e226d3fb5cb089deaadee836d641,Larry Goldings,0,1,False,True,False,False
artist_3805efd75e625e8e94cbc1cd4073236b,Latin Jazz Night Returns,0,1,False,True,False,False
artist_c119159a27fe5bf783762b15e4910e4d,Latto,0,2,False,True,False,False
artist_d0b6446725675fe88ab9f0cbd708675e,Laughing Cocks,0,0,False,False,False,False
artist_8d488900811456efbc81bfae5d842c7a,Laura Veirs,0,2,False,True,False,False
artist_a717772fcf4250f7a3ac8e697d5a0e64,Lauren Watkins,0,1,False,True,False,False
artist_012f5de313c35d76864b77e793a8856b,Laurie Anderson,0,0,False,False,False,False
artist_0f5b40d6abf15e249c95358efa81c41d,Laurie Berkner,0,0,False,False,False,False
artist_f432053811c45bbbbde867b763562cde,Left Lane Cruiser,0,2,False,True,False,False
artist_f7cd1a38fecc5ec4b8f491df7dcc2f8b,Leftover Salmon,0,3,False,True,False,False
artist_eb3f2c6441de543f8612ab28e5c1b4ca,Leire,0,0,False,False,False,False
artist_b17e21cb4d2153179f88d96aae05345f,Leisure Hour,0,0,False,False,False,False
artist_c26ccad6f7c85b88886a4883c22b5f52,Lenny Pearce,0,1,False,True,False,False
artist_54341c7e6a4d54c095eaf51050cd48f2,Leo Kottke,0,5,False,True,False,False
artist_e0b49620fe655182a01bab892fa0a686,Leon Knight,0,2,False,True,False,False
artist_c83f487efc345c5882c93c881e0b42e6,Lerado Khalil,0,2,False,True,False,False
artist_ac2d0678cf285cb19523203fa3fdbf6e,Leslie Mendelson,0,0,False,False,False,False
artist_fd9be88738175e09a651b9d583dd9525,Leslie Odom Jr.,0,1,False,True,False,False
artist_e342290b962b5c7aafc030593794652b,Letoya Luckett,0,1,False,True,False,False
artist_7ead365c607852fab744210abc7b14c3,Letters to Cleo,0,3,False,True,False,False
artist_a199295e1c9e58a4aace709c2e928bb2,Letters to Part,0,0,False,False,False,False
artist_a228291f823a58479e55f0f7d079c345,Lewis OfMan,0,4,False,True,False,False
artist_cc189f3446005e89b9b45f46cd0b8fff,Lexa Gates,0,1,False,True,False,False
artist_e6d6eaab18265e3e90f3295cace92f43,Le’Andria Johnson,0,1,False,True,False,False
artist_f75ff474aa7050a2945a86815d154008,Liana Flores,0,1,False,True,False,False
artist_264e6676b7e152f0b7aabb5d06baac1d,Lifehouse,0,3,False,True,False,False
artist_5de41074290b50dd8b87f8f946cf2d55,Like Moths To Flames,0,4,False,True,False,False
artist_086eda8c0a11583d8b80a6a422786762,Lil Wayne,0,2,False,True,False,False
artist_4a70fdcadcc2532094a36c3b21a3fc58,Lilith Max,0,2,False,True,False,False
artist_b1b9716513d454bc9b72cf764a807fa1,Lily Kershaw,0,2,False,True,False,False
artist_f6c0bacb91175db3ad19e41a0367d819,Lilyisthatyou,0,1,False,True,False,False
artist_28bd821b02f55698b2117cba908d13d4,Linda Davis,0,1,False,True,False,False
artist_2e307734055c5626b1ea4e35eebb10fa,Little Big Town,0,2,False,True,False,False
artist_386c9f157a62504a930f5081525918a8,Little Simz,0,5,False,True,False,False
artist_b652fa6b23a75f3fa866c2261b62012f,Living Light,0,1,False,True,False,False
artist_a784c048245f50a2a329432ae1ed024f,Livingston Taylor,0,1,False,True,False,False
artist_3fc071f151d6554cb33b50a9ea2beafc,Liz Cooper,0,5,False,True,False,False
artist_52e5b4b2ed9754219a21ec23e33a6a26,Load Tha Nine,0,1,False,True,False,False
artist_c73bb1fd6f1c5afe9402c12231df0c34,Lobo Lara,0,1,False,True,False,False
artist_2c3c4062ab4f57e7996d9edefcc2efcf,Logan Mize,0,1,False,True,False,False
artist_6d696e97407e564d94aea4b0d18d9a85,Lola Young,0,1,False,True,False,False
artist_71157a0466de5b96a081dc2fcd44873d,Longwinded,0,2,False,True,False,False
artist_b2759b2789525e8d82223964015fae74,Lorde,0,2,False,True,False,False
artist_64105988df4654aa8572b18bbd8cc98a,Lords of Acid,0,1,False,True,False,False
artist_b1eb4af684995d7fa129299cc18fc07c,Los Gaiteros de San Jacinto,0,0,False,False,False,False
artist_f30f406d444f59dd9cda715e87ea9f8e,Los Tigres del Norte,0,1,False,True,False,False
artist_14a5bc7db8605c0db5d614fac6e90d43,Lou Ridley,0,0,False,False,False,False
artist_a233b7d70e9f5ed0b84240c7e8525d20,Louis Cato,0,0,False,False,False,False
artist_26e6675250b854cfb20fffa2bb8ae69c,Love Actually Live in Concert,0,0,False,False,False,False
artist_3c3875b9e0cc5d82a6a74641f6302a22,Love in the Club - 2000's Hip Hop and R&B Party,0,1,False,True,False,False
artist_1f67a0c022085d4ca92de0596044fdbb,Low Cut Connie,0,4,False,True,False,False
artist_8cefb64e303c55f6856b5b29c65be5be,Lucero,0,7,False,True,True,True
artist_60f7b8919a2755ccb8e411b5af463052,Lucinda Williams,0,5,False,True,False,False
artist_4798583071085c6fac8276eeb6a9712c,Lucy Bedroque,0,2,False,True,False,False
artist_fd60577314e55334b2cf02078f22129e,Lullaby for the Working Class,0,2,False,True,False,False
artist_efbb6975807a51d08e2d4278eb02d3aa,Lux Terminus,0,0,False,False,False,False
artist_12d2a6fce43f50fc96d3d08d2903ba92,Luxury Lane,0,1,False,True,True,True
artist_e86bb7ab20c45a058c9a6b7bac2c5ab7,Lykke Li,0,2,False,True,False,False
artist_3ac16f19f4bc5a2e856a38077d1c75fb,L’Rain,0,2,False,True,False,False
artist_4265d3e0654d586a90220f35de734a56,MANIA: The ABBA Tribute,0,1,False,True,False,False
artist_ceeb356b23e9521a9d32db1e4d7ce66d,MARIS,0,0,False,False,False,False
artist_d34162f0ddb85802a079e7cd39fa47eb,MARO,0,2,False,True,False,False
artist_815fefeec1dd5588a8c8963bbd98274b,MATISYAHU,0,2,False,True,False,False
artist_5216feafce7257289b8e0edde28457e8,MEEK,0,0,False,False,False,False
artist_1827bb3fa58356b98771bedba6e06494,MGNA Crrrta,0,7,False,True,True,True
artist_241e208c704656db8515ff584d6b6538,MIKE,0,2,False,True,False,False
artist_021e13abd8515fc0b1d9b992226ff03e,MJ Night,0,1,False,True,False,False
artist_4c19bce3ea4b555ea0b0be4330732531,MJT,0,1,False,True,False,False
artist_f8a98808a3ee5a029f4e2d37f7f07392,MJT The Band,0,1,False,True,False,False
artist_101855b279c15021bf478520ef61f038,MONSTA X,0,2,False,True,False,False
artist_ca3b400cf4aa50bb9b3bcf5383d190a4,MOR,0,1,False,True,False,False
artist_fdb7afe4ca6c559ba74e57a36d6e2b41,MUTTLEE,0,0,False,False,False,False
artist_aee2557411d25d3eb65bcc605d841790,Ma'am,0,2,False,True,False,False
artist_f7761c7915f851b1869b4068138aa52d,Mac Ayres,0,1,False,True,False,False
artist_09eae61c9f4951098b353e7915def216,Mac Sabbath,0,0,False,False,False,False
artist_3d97ef883ce655138de923cad0ccb020,Machine Girl,0,3,False,True,False,False
artist_dbb3d644b3ea54aba46bcbd4dcd5529b,Mack Geiger,0,0,False,False,False,False
artist_8700af9abeb250e29d88a11b0d043ef4,Madball,0,1,False,True,False,False
artist_46d43b319d645c368755ec2d1d93a045,Maddie Zahm,0,5,False,True,True,True
artist_b4259c45e2f356d089fe7102b5c40a43,Madds Buckley,0,2,False,True,False,False
artist_84d71038bea155c9881a804228c906ae,Madeleine Peyroux,0,1,False,True,False,False
artist_382c5b4080b25f93a17d1d1ac49df0bb,Madeleine Roger,0,1,False,True,False,False
artist_e9d421c591645e57bf3c5712e2a38212,Magdalene Rose,0,1,False,True,False,False
artist_bf706d527be95a3c8f55a4f3c6425117,Magenta Wave,0,0,False,False,False,False
artist_f2bc9cec1e405158905da0fe823e672e,Magick Potion,0,1,False,True,False,False
artist_e444570a4787506184a0975f353b496e,Magnolia Boulevard,0,2,False,True,False,False
artist_1e9f1774c34f50c5bfd2d1b087a819fd,Magnolia Park,0,1,False,True,False,False
artist_f9ed51253140500e83a80e0560b0b7db,Magnus,0,7,False,True,True,True
artist_fa3066276fcb56b0979bd510efb81dcf,Magnus Ferrell,0,1,False,True,False,False
artist_c97e920bc0845bff83d1676e44ba7751,Makari,0,1,False,True,False,False
artist_ccb9e45122f35653a5b314c5f83545d3,Malcy,0,1,False,True,False,False
artist_1df046fe758e5f0b803c58c93e1c305f,Mamas Gun,0,3,False,True,False,False
artist_691344e8383e5210819401190f773c2d,Man/Woman/Chainsaw,0,3,False,True,False,False
artist_99b00c2a4caf56d89ee0bbc646b628f0,Manuel Rocha,0,1,False,True,False,False
artist_4f9dddbf7cb154cc9361d0474d0320a3,Marc Quinones,0,0,False,False,False,False
artist_074ab816c1995e56bf7234c623f42ab6,MarcLo,0,1,False,True,False,False
artist_f656c67a80f4587e822ad473041d8591,Marco Strous,0,1,False,True,False,False
artist_6702897a80375aeaa361c31414532e77,Margo Cilker,0,4,False,True,False,False
artist_8242acdc0e0f5cc6b64bbf11a8a3b51d,Marie Dresselhuis,0,0,False,False,False,False
artist_996fbfd0c3075e82b37d5180c7aa9ec6,Marietta,0,2,False,True,False,False
artist_1c7291acfba75501b14b92bb97393c19,Mariza,0,2,False,True,False,False
artist_55fe7e9e1097592bb480ba5a5c3609ad,Mark Farner,0,2,False,True,False,False
artist_f17711e76e1050d695c1b45e67f81822,Mark Guiliana,0,1,False,True,False,False
artist_2b4f678cbe475064a5e0ed995ec2bc02,Marky Ramone,0,1,False,True,False,False
artist_a85532d23c725a7dae0a017157996aa2,Marlon Funaki,0,2,False,True,False,False
artist_4f69a62e442f5b4f8c66e41d924244a4,Matt Hansen,0,2,False,True,False,False
artist_b0722cab831b593fbe5bbfb72ebfe1bd,Matt Proxy,0,0,False,False,False,False
artist_09d2aae537fc5d9b8261f9eb5b5c68b1,Matt Wilson,0,1,False,True,False,False
artist_0346349d144a5a6cbc1b1a5ecebc6b26,Mavis Staples,0,5,False,True,False,False
artist_9a29a9630d5659c29b937468418afc11,Max Alan,0,1,False,True,False,False
artist_3b54568ed0c75791a8578ede9c3eb3ea,Max B,0,1,False,True,False,False
artist_4b93fbbf61d35ba98963f1d851a61add,Maxilla,0,1,False,True,False,False
artist_71c3c98608b35d8dbb89c964c302b940,Max’s Fable,0,0,False,False,False,False
artist_1473ef8a149b5913b718d4f9d9a02329,Maya De Vitry,0,2,False,True,False,False
artist_815b21e6220454ba9e4cf84b9aa8260a,Mayday Parade,0,2,False,True,False,False
artist_6d60e310617e5282bf05494514cc56ba,Mechatok,0,1,False,True,False,False
artist_a20f18ef0eda5f30ae4e5a258f58a014,Meg McRee,0,1,False,True,False,False
artist_be9866aaacd25bfaa23ce54b76f7cafa,Mella,0,1,False,True,False,False
artist_96e7031169125a55a4695e665c944d42,Melrose Avenue,0,1,False,True,False,False
artist_30122a4d9037515683324d31f7b613b8,Melt,0,4,False,True,False,False
artist_08b8b1f136dc5fe8bfc0a79275f3f0a4,Melt Banana,0,2,False,True,False,False
artist_80421c9682c45c67bda31a2f7fa7f393,Melvin Seals and JGB,0,3,False,True,False,False
artist_228769de2ae0517daf8ddc895d69645d,Mercedes,0,1,False,True,False,False
artist_8e799d94b327571daa88009853cfdbe9,Mercy Union,0,2,False,True,False,False
artist_d1fdd11b1d1f59f7931d51349c1b3f31,MercyMe,0,6,False,True,True,True
artist_ab4166989b9a5242bbff5977efd8869c,Mersiv,0,1,False,True,False,False
artist_791b64a0e27951b890e9616e45f33e46,Mess,0,2,False,True,False,False
artist_da3c433329205cc9855d0daef97eb074,Messer Chups,0,2,False,True,False,False
artist_17513fdebfac57c28841a92a948924dc,Mestrinho,0,1,False,True,False,False
artist_d552f39f26095c00af089f6670775991,Method Man,0,1,False,True,False,False
artist_8689b81550fc5368bb7ef6b7bd4d0ff2,Method Man and Redman,0,2,False,True,False,False
artist_149077506ef95ce08110baf211d01309,Mha Iri,0,1,False,True,False,False
artist_d4ae08d50ae7557ca0a6245a8d02d7d7,Michael Franti,0,8,False,True,True,True
artist_54d370e400c351c79eca8b87aa736e83,Michael Jackson HIStory,0,0,False,False,False,False
artist_82d090cea2ab5e59b28f48c3162e342b,Michelle Branch,0,3,False,True,False,False
artist_ceb1fc7462a05f16b5ae9bb081f99532,Michelle Malone,0,1,False,True,False,False
artist_ec776c5c414c55969eec38959d5267fd,Michigander,0,2,False,True,False,False
artist_9bb330cc697a5a5c84bdd06cfc9f443f,Midfield,0,0,False,False,False,False
artist_0f46df0d18ea5884a259884328d1e2e9,Midnight,0,0,False,False,False,False
artist_f27e1347d4ac5cf69c5b5e19bd9de7c6,Midrift,0,0,False,False,False,False
artist_a92ef3a795e65a409b40c5e9f5949919,Mihali,0,3,False,True,False,False
artist_0ec85704122c5a91b3efd5f25728466a,Mike Dawes,0,1,False,True,False,False
artist_2717fb1119ec553bb63552ece5a90a69,Mikey Rotten,0,0,False,False,False,False
artist_595a669b68ae5807ba78bc952b8c35cf,Millington,0,0,False,False,False,False
artist_ecddb053ef71593891213795e726ea4d,Mind Enterprises,0,4,False,True,False,False
artist_6e8ea30486ad53efbdd23813be94c955,Mind's Eye,0,1,False,True,False,False
artist_10de5b14986557aa9a2497e408ca6eda,Mindwipe,0,0,False,False,False,False
artist_ea3f648d915d5bbda3178e695decd150,Mind’s Eye,0,0,False,False,False,False
artist_a373b37976f954c0ab05c038fd133be4,Miniature Tigers,0,1,False,True,False,False
artist_fdf645510e585f86a275cfa1b9193ee5,Minyo Crusaders,0,2,False,True,False,False
artist_d1b862ba01745e51a3023a4c6c67a2fd,Minyo Crusaders (民謡クルセイダーズ),0,0,False,False,False,False
artist_ad08b40f3bd85e32b6be58c7de9d87a5,Missio,0,4,False,True,False,False
artist_d975b2d749345cf1a5841ffffffb1ef7,Misty Copeland,0,1,False,True,True,True
artist_8056a80815b5566eb472fdf5eff3bae5,Mo Lowda & the Humble,0,5,False,True,False,False
artist_5220043b0a8655a59934ff790b6f3892,Mochakk,0,1,False,True,False,False
artist_a756d352a4c1596a8260d6a1bcedc030,Model/Actriz,0,1,False,True,False,False
artist_48719d312dcb5444a889dba24d7f7675,Molly Tuttle,0,2,False,True,False,False
artist_29e99de16b1a555f825869dee6c5319d,Momma,0,4,False,True,False,False
artist_70238c50cd0452c1891dc6f16c65a108,Montage,0,0,False,False,False,False
artist_52bad5a310e357c6bc52cbc0624dfc5c,Monty Kiddo,0,1,False,True,False,False
artist_ab21f0ee9df75d3eaedd9a3f6dcb5f8e,Moonshine Bandits,0,2,False,True,False,False
artist_fb40241b487658b68284f35bdc2c58fa,Moonspell,0,7,True,True,True,True
artist_a96eeeb27ac158f18c59367a610b8466,Moony,0,0,False,False,False,False
artist_115eee0220c6523e9cb9ad18e6312bd4,Moral,0,0,False,False,False,False
artist_c920ef5026185db7ae24ab35b84f4d75,More Eaze,0,1,False,True,False,False
artist_c9e7a8bda1385566aa8034599fb9046a,Morgan James,0,0,False,False,False,False
artist_0e937a871ef9578d834c83f4a9ed9492,Morgan Johnston,0,1,False,True,False,False
artist_364ef4fc10325aefac1a6cc32ba126c9,Morgan Seatree,0,1,False,True,False,False
artist_77681970d8dd5e4a8d7c8b0fbc8a69cb,Mother Soki,0,2,False,True,False,False
artist_f3c5bb550d3f5ea49b45febf394699ce,Motifv,0,0,False,False,False,False
artist_61bf621c872956dface2390153b8c982,Motion City Soundtrack,0,2,False,True,False,False
artist_f386005c0d125c22b1c8c19283855392,Motionless In White,0,2,False,True,False,False
artist_917c1d2994f250929a2f3414a9ab2a2c,Movements,0,2,False,True,False,False
artist_f7eac4b08f345e70ab31ca60735c737a,Mr. Bill,0,1,False,True,False,False
artist_80a55f9b8b815c6abefc9d15d1177beb,Muelas,0,2,False,True,False,False
artist_13a56267902d549e9ae4e3187b63b701,Murda,0,1,False,True,False,False
artist_fc2184f3af885ad4ab9d382d449dac56,Mustard Plug,0,4,False,True,False,False
artist_d477885ba30f57609a47cf8cc4f1c7bb,Mystery Skulls,0,2,False,True,False,False
artist_9e8e7bbfc2f15da18e4c8a744f4700a5,Máty,0,0,False,False,False,False
artist_9c430423626c5fccaca04fd67260fcf9,Mýa,0,2,False,True,False,False
artist_5f5da78d38b85b3eac5bffd10ac11d64,N8NOFACE,0,1,False,True,False,False
artist_e520aca27d94504997ac259c3bb061f3,NASH.V.ILL,0,2,False,True,False,False
artist_45f921394da157e29888cb4ac10ae31f,NJMEA All-State Jazz Ensemble,0,1,False,True,False,False
artist_450b0041ba2653e3bd7c8f47064972c1,Nala,0,2,False,True,False,False
artist_aeb67631a8d355feb812c734f2764be8,Natalie MacMaster,0,1,False,True,False,False
artist_bd427644bfa559699428d7dd80a6d147,Nate Smith (Drummer),0,3,False,True,False,False
artist_db188ce93c695155983d390a51d7ddc8,Nate Vickers,0,1,False,True,False,False
artist_ff1fd47f4e8f5cb2b4c63a364ea6a484,Nathalie Stutzmann,0,2,False,True,False,False
artist_0db962b7f82d57199b903b8b78e89c9e,Nathan Evans Fox,0,0,False,False,False,False
artist_7d6988575256550c9de740624dbdfa9e,National Photo Committee,0,0,False,False,False,False
artist_34d8f5b800af5796a4de8afd27078aee,Ne Obliviscaris,0,1,False,True,False,False
artist_c5ebf21ed22b5c40a4eb1f17aac6d51e,Neal Francis,0,2,False,True,False,False
artist_c91f2d2bebc35267aae77fc11ec24ac9,Negashi Armada,0,0,False,False,False,False
artist_f3e6f5f04e8b50f682c4634e33aa1e35,Neighbor,0,2,False,True,False,False
artist_ab09f69417065ca8abf4c7370bbe96bc,Neighborhood Shit,0,0,False,False,False,False
artist_6167b8f340c55354ae0064582e7c2420,Neil Young,0,6,False,True,True,True
artist_4bd01f9c7e8e5abb9176e4713097199e,Nekrogoblikon,0,1,False,True,False,False
artist_90091ac5133050129f1b7be4b70e70e1,Neoni,0,0,False,False,False,False
artist_304abf3fd6535a8dacd97829cbe866cc,Nep,0,1,False,True,False,False
artist_ab2376c2dd175011b24804ff559406b6,Nervy,0,2,False,True,False,False
artist_f2a21d0460ec517fa1b04e5338142177,Nessa Barrett,0,1,False,True,False,False
artist_cacb26e11e7d5fcfbfac9f73f00c72c9,Netherwalker,0,2,False,True,False,False
artist_f60b82de9a2758e9b064c7de2bc8d788,Neutral Snap,0,0,False,False,False,False
artist_01d981c72f2351e4b9b2af014e1a277c,Never Ending Fall,0,2,False,True,False,False
artist_599350fd55155bfaa122c49730b881a6,Nevertel,0,3,False,True,False,False
artist_a3f60db302d753af810461a15f5773cf,New Constellations,0,2,False,True,False,False
artist_8fbf96c322e75a77a47e848cab7abad8,New Jersey Symphony,0,2,False,True,False,False
artist_1fc68e1b55025674923525cd3e500498,New Potato Caboose,0,1,False,True,False,False
artist_4917fc6430a8584fbb5e5a3c49cc731d,NiNi Music,0,0,False,False,False,False
artist_7424f1c892d75d38be2f49c5a80530d2,Niamh Regan,0,2,False,True,False,False
artist_037c2fe1eaa55b53941b383f71d93d98,Nicholas Payton,0,1,True,True,False,False
artist_900b7f364fd35e4d9b8a1f580235c125,Nicholas Payton's Louis Armstrong Centennial,0,2,True,True,False,False
artist_cbe2197663445d219b134c279bc7924c,Nick Shoulders,0,4,False,True,False,False
artist_a27d0660ee2857b190250c2d4a31831f,Night Moves,0,4,False,True,False,False
artist_3adca0a9714853af83d44cd79482982a,Night Rider,0,2,False,True,False,False
artist_c8be02d697ec5521afed1e6a5bb45739,Night Tapes,0,2,False,True,False,False
artist_f5d1aad15d62556c9b23d891c2ac497d,Night Traveler,0,2,False,True,False,False
artist_588a99c07c885d1fb447531518eaef42,Night Verses,0,2,True,True,False,False
artist_9133008796255eec9aa060e1ebaae55a,Niis,0,1,False,True,False,False
artist_1a8e75d7a8065c62849a1343b0aea31a,Nik Parr & The Selfless Lovers,0,0,False,False,False,False
artist_25ee70d8f03158a2a23db7d826406f3c,Niladri Kumar,0,1,False,True,False,False
artist_0b0919f275875566a7cf1132a948c45a,Nina Del Rio,0,2,False,True,False,False
artist_0cf1a721a6e75cffb716f0808b20cbad,Ninajirachi,0,6,False,True,True,True
artist_2715ba5980f052149399301e2ee51d51,Ninth Key,0,0,False,False,False,False
artist_ef62bbc1c49851ccbc99e073caf0d61b,Niontay,0,1,False,True,False,False
artist_8d30922d837055b4a16dba7dc55e218e,No Cure,0,1,False,True,False,False
artist_61a7fd8ae80157bda0d42ae8342f9c60,No Pulse,0,1,False,True,False,False
artist_c0e777a278385cfbb403df3c2cb2b0a7,No Sir E,0,0,False,False,False,False
artist_3acf06f66e905efeabcd72f8e48036ab,NoSo,0,1,False,True,False,False
artist_4808f995116a5e1699468f2fe827fa09,Noah Gundersen,0,3,False,True,False,False
artist_e06a87c6207253da854c6fa19a0ff59f,Noah Rinker,0,1,False,True,False,False
artist_c20a307a04eb5d42b5d146dee5d15e08,Noga Erez,0,1,False,True,False,False
artist_6192635936bd5c0fbbfff946d6588eb3,Noise Dept,0,0,False,False,False,False
artist_eaa01c746a4a5cb887fbff3e36eacb9a,Noiseheads,0,0,False,False,False,False
artist_1037062791d35c518699e650aacf5bcd,Nolen Durham,0,0,False,False,False,False
artist_9e272a7bf3775cacb49cb71c45aa034a,Nostalgix,0,1,False,True,False,False
artist_ec09df473fd853cd9f7a434cd99e5796,Nothing,0,4,False,True,False,False
artist_ab223d1c6156509fb0369ff3a434361a,Nothing Compares 2 PRINCE,0,0,False,False,False,False
artist_e25e2812d009590e8c3c1776bfcf8cc5,Nympho,0,0,False,False,False,False
artist_d82094ca4e535ec6a5abfd5a1b35eae1,OTNES,0,0,False,False,False,False
artist_a89dd122ab2052d0b6df27eb47702456,Ocean Sleeper,0,4,False,True,False,False
artist_e4bb37e2cb7553c58599dee17df843d0,Octave Cat,0,3,False,True,False,False
artist_5fcc0618dd7c5e80afb7131d521037b9,Of Monsters and Men,0,4,False,True,False,False
artist_ba1fbbd19a1f5a1d859fb64008fd3d05,Of The Trees,0,1,False,True,False,False
artist_d453948441c05645bc88c6c35a60a7a0,Ok Goodnight,0,1,False,True,False,False
artist_4e0a3995a1a852079a4bf4d6cd534028,Olivia O'Brien,0,1,False,True,False,False
artist_e7a75faa5e965f4d95a7534edd058a40,Olēka,0,2,False,True,False,False
artist_31d1eb7213a85fdbbaea94164620f5c4,One Step Closer,0,2,False,True,False,False
artist_162ae966252250d0970a6f70d0cba28a,Onyx,0,1,False,True,False,False
artist_6092def205075bd29b345db07da16b57,Opal In Sky,0,2,False,True,False,False
artist_785653a600af5c929776ffee85ca1b4d,Orbit Culture,0,1,False,True,False,False
artist_d80eeed1dc1e5c2ea53e77e8dbeb0ff7,Orca,0,2,False,True,False,False
artist_f1e17ff5eebc52d192be3a6a2358c3a0,Origami Button,0,1,False,True,False,False
artist_b06ed6bad26e54bfbd246652dd18bf9e,Orthodox,0,1,False,True,False,False
artist_106d9f72b5155f45ac466e19b84a6df7,Oso Oso,0,9,False,True,True,True
artist_5e5fe202b42d50ae9737a0e4e063ad12,Oteil Burbridge,0,2,False,True,False,False
artist_01eec63459735f628c8226159a97f926,Other Lives,0,0,False,False,False,False
artist_76da3db484925c0fa6d285f328df31d1,Ouija Macc,0,1,False,True,False,False
artist_ea97249365695467ade39bb0b32b5f9b,Our Lady Peace,0,3,False,True,False,False
artist_cb74c995b62e5c98b6f8a0bb758e1d76,Over Anna,0,0,False,False,False,False
artist_30e9d39ed93a5d659bdd349142340062,Overmono,0,1,False,True,False,False
artist_d9d42f63e6835be2aef56c3674e8596b,Owen Riegling,0,2,False,True,False,False
artist_e5b78c15498e5bfb9639add41ec6a57f,Oxymorrons,0,0,False,False,False,False
artist_75580f7cad0051339aca457593cf35d7,Ozomatli,0,2,False,True,False,False
artist_b4f65825aa43579a8370d02bc401fb07,PSYCHO-FRAME,0,0,False,False,False,False
artist_9a264bc47c9f520584b17533e771af92,PX3,0,0,False,False,False,False
artist_ecf8377dd8e057f199749828a8888558,Paige Fish,0,0,False,False,False,False
artist_98418da33dcc58afa62ae87ecca05f95,Pain Clinic,0,0,False,False,False,False
artist_8d1a147d924d5329bad80d201c27c6da,Pain Of Truth,0,3,False,True,False,False
artist_e8a3f6322a845c5b9d9548bf9ada9a41,Palace,0,3,False,True,False,False
artist_63842bb604c753638514e0a2c5a63d70,Paloma Morphy,0,1,False,True,False,False
artist_d781675578075e949573f45b1f49d157,Panopticon,0,7,True,True,True,True
artist_c9f4d2e16122587d8c750e0d22d10948,Papoose,0,2,False,True,False,False
artist_a9a675e73522589e8b9f0c5d63db24cc,Parachute,0,0,False,False,False,False
artist_6b2c9c0468215ed9a30370a0b87ac345,Parcels,0,5,False,True,False,False
artist_345a6c4414f5548ebf28863708a8e948,Paris Paloma,0,1,False,True,False,False
artist_a75e5b321c7f507a997c30f6c322e36d,Party Cannon,0,1,False,True,False,False
artist_1d1e98a58a06599798cba2a46b75bef1,Passion Mango,0,0,False,False,False,False
artist_3270830c37cc5e25b2c9364125e83ab4,Patent Pending,0,1,False,True,False,False
artist_1867c83666ba5c07a8fcec955f8f69f6,Patrice Roberts,0,1,False,True,False,False
artist_184adf5deecf57f894f1ec5e18e694dd,Patrick Droney,0,4,False,True,False,False
artist_50938124b1a357018e1742403b862b56,Pattie Gonia,0,0,False,False,False,False
artist_8f8a4c762cfd52ec8cf3d673d3ec239d,Paul Oakenfold,0,1,False,True,False,False
artist_c3a8694e89165e04be4faa052d2f4f85,Pauli The PSM,0,0,False,False,False,False
artist_b420f2466bdb59639767baf1f013367d,Pavlo,0,1,False,True,False,False
artist_39d55735e0985cba8715d701499d8743,Peaches Christ,0,1,False,True,False,False
artist_716807128abc5367bafaf3243d1fbf40,Pedro Alterio,0,1,False,True,False,False
artist_6a5645a6f4965f38bc4cbf7a229212b4,Pedro Altério,0,0,False,False,False,False
artist_42f3e6a8b5d259b4a67322527f6f7fbc,PeelingFlesh,0,3,False,True,False,False
artist_5ad7de286145598a9e611cef9ed4c662,Peggy Gou,0,1,False,True,False,False
artist_2ff6217319325a9cbe51eceb514cf007,Pelican,0,8,False,True,True,True
artist_b6a26cb2922d507da8ef2f61d3935d2d,Periphery,0,2,False,True,False,False
artist_262298a51c045c698302798bc62ca865,Petals,0,0,False,False,False,False
artist_b4ca729d621f5ed39c1f77643af9c1f5,Peter Burton,0,0,False,False,False,False
artist_b53999b5945c5ed29421a15ddd443795,Peysoh,0,1,False,True,False,False
artist_08826aa5e12d5cc097be29a042e2d1ff,Phantomelo,0,2,False,True,False,False
artist_705d3264bd675a708dcd03338beb8d6b,Phil Kane,0,2,False,True,False,False
artist_24bc1c517dfe57bea0da785436922646,Philadelphia Freedom: A Tribute to Elton John,0,0,False,False,False,False
artist_2275b9a4a187592687b3b8a40793183f,Pianos Become the Teeth,0,2,False,True,False,False
artist_b14121a7e0a358108ab15cc52a2e8c51,Pig Milk,0,1,False,True,False,False
artist_1d1e094206c2536082f304c1cc17bb0b,Pigeons Playing Ping Pong,0,1,False,True,False,False
artist_1bcdb937ce205623b376036e43ae1923,Pinhead Gunpowder,0,1,False,True,False,False
artist_01d46d5b05305c8fa87a632cf5959a9a,Pink Mountaintops,0,2,False,True,False,False
artist_5dc875e0eaa552a3a8b863a549aaf1fa,Pink Talking Fish,0,0,False,False,False,False
artist_d510d44142af541fbdae83fd8263cdb1,Pittsburgh Symphony Orchestra,0,2,False,True,False,False
artist_e44a4b48a9df54ecba1f5045f0be5563,Platinum Moon,0,2,False,True,False,False
artist_dac6c949dd485f4e808d3da0605078f0,Players,0,2,False,True,False,False
artist_305fb285ac155836b4a9ec0ed937b688,Playland,0,0,False,False,False,False
artist_a8e0feb594de5d57915ba6e4bf2d2776,Pleaser,0,0,False,False,False,False
artist_79d2be5e02035b8ab43186bebf6561d4,Plies,0,7,False,True,True,True
artist_4fe824e504175b288401126236bc5f71,Plini,0,4,False,True,False,False
artist_2dbc0857b9fa55af9c3921362d74bd4b,Poison Ruin,0,0,False,False,False,False
artist_df48645d28cb594cb143e67726a199df,Poison Ruïn,0,1,False,True,False,False
artist_a89fa9fae49954f0bfa331a14e80ead3,Pokey LaFarge,0,7,False,True,False,False
artist_5d429486c90a5860b8eaad8bd2011674,Pop Evil,0,2,False,True,False,False
artist_840256f09108500f8e83c75d70766f84,Portraits,0,3,True,True,False,False
artist_17d79de753085d7bbdcea04450714d4c,Post Animal,0,2,False,True,False,False
artist_ee98b1f4b0545208a48d304597097381,Post Sex Nachos,0,2,False,True,False,False
artist_a8a8914b937453e2b1d7d704382b443a,Post-American Gothic,0,0,False,False,False,False
artist_a79b1a9dcfdb55379a8ea9c58cb8a588,Pouya,0,1,False,True,False,False
artist_582a71679b3b5077ad132b7a42ab5a59,Powerplant,0,3,False,True,False,False
artist_27cb79ed85b756bfb9ebcadf636c5ee1,Prayers,0,1,False,True,False,False
artist_353eb549d99e547aba0242cd6df00f7d,Precious Little Life,0,1,False,True,False,False
artist_644cc813219d56e29c4d5eaf5c271bcf,Pretoria,0,2,False,True,False,False
artist_8c825abaeb8e5191b18112e2b6277e0a,Pretty Sick,0,1,False,True,False,False
artist_f816428fa2455d5aaac3d08c1b0fd762,Prewn,0,0,False,False,False,False
artist_e1bafe91fe9c55e293dac7de2d84d295,Prince of Eden,0,0,False,False,False,False
artist_edab281ba7ba501691c6f3cfe5ea637e,ProbCause,0,0,False,False,False,False
artist_a42358c47c4b5fcd97946d27d0426458,Prosperity Room,0,1,False,True,True,True
artist_9e8dcd336e0f53caab1ec34801b11c47,Protomartyr,0,4,False,True,False,False
artist_974105115af4546a94cc6e152c4fc2a3,Psychostick,0,2,False,True,False,False
artist_4f063906642f551dbd452ce027a8549c,Public Works,0,0,False,False,False,False
artist_86b7a1b7a060556298e40615f6689929,Punch Brothers,0,4,False,True,False,False
artist_e5f504bbcd325d70843beebfdb989d10,Punchline,0,2,False,True,False,False
artist_1293d5e970bb5f9a9c57cf0a8ff9f2f5,Purelink,0,1,False,True,False,False
artist_23ac2f2b87e95287930809c7c7de7ced,Pyrrhon,0,1,False,True,False,False
artist_a65c6b1f3eb25de68b9a5b0af90de85c,Qendresa,0,1,False,True,False,False
artist_fd277a8f6e5b5f12ac6ecdbe3d7cf073,Quadeca,0,0,False,False,False,False
artist_07f7eb409eb55a84881c40ae94bce4f7,Quasi,0,0,False,False,False,False
artist_c00128e7c70d5298960fc0388bb1b7dc,Quinn Sullivan,0,2,False,True,False,False
artist_c7a27419cb635e4b84114e09bc351f41,RAAHiiM,0,7,False,True,True,True
artist_3f98efeb2fc65abdbd8b170e55c2e6bc,RC AVENUE,0,1,False,True,False,False
artist_5d179d7616625bbeb61bf178734997f6,RIP Swirl,0,1,False,True,False,False
artist_79f15d53f1155b1cb18f214e66b5f45d,Rabbitology,0,2,False,True,False,False
artist_b3b35ddacf165a56bfbf781658e32f03,Rachel Bobbitt,0,0,False,False,False,False
artist_9edabbb1a13856e48d16c7634831a229,Rachel Bochner,0,1,False,True,False,False
artist_e7d6d341cd085552ada2c3f02bbb07bf,Raekwon,0,2,False,True,False,False
artist_85cefc2cf5e85097a65d7d74b5d9a867,Rahat Fateh Ali Khan,0,2,False,True,False,False
artist_2625502e035152a892d59779b171d355,Raheem DeVaughn,0,4,False,True,False,False
artist_b588b51ffca755be803d6d52d97ac99b,Rain City Drive,0,2,False,True,False,False
artist_e9c313bc48f25558b3f84d6173a30127,Ramirez,0,1,False,True,False,False
artist_121acbf0b0865ae49d5e5f3c12605d33,Randy Houser,0,1,False,True,False,False
artist_1c0d5d8ecb6f56fe9f8098358dda1c34,Rasputina,0,1,False,True,False,False
artist_964b7b2c5a485956a235238d3fd45a1d,Rav,0,1,False,True,False,False
artist_ced3ae310155519e901e402a6894ab34,Ravyn Lenae,0,4,False,True,False,False
artist_bc9eabfb9deb587c9fc8020a357df38c,Rawayana,0,2,False,True,False,False
artist_5e403f17a9a85988849f6402f9880cf5,Reality Shift,0,0,False,False,False,False
artist_b6784b5ba59a565b94871455de5a4467,Rebecca Black,0,5,False,True,False,False
artist_cfb6d6021f7a5b5c964abe4ab595d330,Red Leather,0,1,True,True,False,False
artist_0369f0a5ce6a50e9a5589a7129cfe153,Red Worship,0,2,False,True,False,False
artist_b6370cf8fbd25e35845ba62936c57b46,Redman,0,1,False,True,False,False
artist_c13e98c8550b542bbe64a7306dfa2d33,Remember Sports,0,4,False,True,False,False
artist_18b81ef2278a5d91ae77ae6fd090d50a,Renee Elise Goldsberry,0,6,False,True,True,True
artist_d31766412cce5a7c938d1a563c9835d8,Renée Fleming,0,1,False,True,False,False
artist_5f492b75d31b51aebf124b9a2f947a81,Res,0,1,False,True,False,False
artist_46361f50623254b5a33f80e0a91bfddf,Resilia,0,2,False,True,False,False
artist_6648146e586e59c796cd1fada8709a15,Restraining Order,0,2,True,True,False,False
artist_75c7675a803e51a3b9a7db58cfd3a018,Rett Madison,0,1,False,True,False,False
artist_e2862ec5cb585aaa9a3ef37b76abd550,Rev3rent,0,2,False,True,False,False
artist_700c23a09cb258209dd996aa287c3f00,Reversal of Man,0,0,False,False,False,False
artist_c36d9f51ebb5545d8009ac71c3cd338a,Rew,0,2,False,True,False,False
artist_d5de4959c06450da82f86297a1d76a17,Rhapsody of Fire,0,1,False,True,False,False
artist_93c6ea9a77d5509487f658292f4aa53a,Rhiannon Giddens,0,3,False,True,False,False
artist_47b34db0fdaa5cd2abe48114267d7b7c,Rhye,0,3,False,True,False,False
artist_dfac46030bbf59b5a0c16227ac1206b0,Rhythm Corps,0,1,False,True,False,False
artist_38d851650596571e8b3150fd5810284b,Richmond Symphony Chorus,0,0,False,False,False,False
artist_6f42f87790d95767b750d7603e9d6cee,Riley Green,0,1,False,True,False,False
artist_b665f4807ab152419f580f91725a7dbb,Riley!,0,3,False,True,False,False
artist_3f974f870f32544985ead2d19fdc4500,Ringo Starr,0,3,False,True,False,False
artist_ccf6c550bcc15c00ae263e73531f4676,Ringo Starr and His All Starr Band,0,1,False,True,False,False
artist_cdac16c794ba56659aa07be42b1da026,Ripe,0,4,False,True,False,False
artist_49a042fe0dfa59d49d1dad9dc403f007,Rival Sons,0,3,False,True,False,False
artist_0156b8f79c5f50acbd484a51203a352a,Rivals,0,2,False,True,False,False
artist_d6a9c9b053d2522c9601099771c9c4ea,Rivas,0,1,False,True,False,False
artist_f849ddbedffb52ef858ea60b582968ab,Robber Robber,0,0,False,False,False,False
artist_bbadb960d0ca5c7ca9f9199bef67376c,Robert Cray,0,2,False,True,False,False
artist_b5efd6f396c456c89a2dc3454d1f8d4f,Robert Cray Band,0,2,False,True,False,False
artist_c23ef11d465451f4900b60a4ec2ebaa7,Robert Ellis,0,6,False,True,False,False
artist_2f732aead46c56d5a076c8717a5ea433,Robert Lester Folsom,0,0,False,False,False,False
artist_bbcac04a799350b2ba75c1dbf97aa19f,Robert Randolph,0,1,False,True,False,False
artist_e0df6b4cf9575b61a7d33833da8c13c3,Rochelle Jordan,0,4,False,True,False,False
artist_66b1d1c2841f52858b83b2779c639a95,Rocky Mountain High Experience: A John Denver Tribute,0,1,False,True,False,False
artist_4e4f4e2c8b4e5a0bbe8113ceef6776ae,Rodrigo y Gabriela,0,3,False,True,False,False
artist_5aa95164f5aa51d98c8713446d60209c,Rollo Doherty,0,2,False,True,False,False
artist_17f1de991afd511d8ab883d6b919ee2c,Ron Carter,0,1,False,True,False,False
artist_5ebe3bbcff80517d8d28ca5eeecd26af,Ron G,0,1,False,True,False,False
artist_2914807e4ffa5118a57db1c636e07861,Ron Vincent,0,0,True,False,False,False
artist_1c4ab65f32d1517fb49261e449725161,Room 213,0,0,False,False,False,False
artist_6248e194d3a25398a7d66180b12df2a8,Rosegarden Funeral Party,0,2,False,True,False,False
artist_6b3a8093009c521587d061e3b97b1857,Rosie Carney,0,2,False,True,False,False
artist_285f7336c9855ccebe0007c380155d8c,Rotting Out,0,1,False,True,False,False
artist_79764fbdd77f557eae645e2137cd1272,Roxanne Shant'e,0,2,False,True,False,False
artist_a5b5a903a37559be9eec46d54035d07c,Roy G Biv,0,0,False,False,False,False
artist_1f68f807c5285b7983a221c0421fafcc,Rubio,0,1,False,True,False,False
artist_ef46b99894e6552ca608857b4bada631,Rushadicus,0,0,False,False,False,False
artist_bf11d2bd6c06583dac1f6d0afea984fa,Russ Taff,0,0,False,False,False,False
artist_468a4d2665b056918125373c047a67d4,Russell Simmons Def Poetry Jam,0,2,False,True,False,False
artist_bab65694dca25eb08c95c7640558170d,Russian Circles,0,8,False,True,True,True
artist_b2afc1b2fb89598c988fe0f001bd9cfc,Rusty Chains - Tribute to Chris Cornell,0,0,False,False,False,False
artist_4e74d1be1f655f0a9cdc4869681c1af0,Ruthie Craft,0,1,False,True,False,False
artist_9a1c2a9dba665cc3a08bfe537038e06d,Rutshelle Guillaume,0,0,False,False,False,False
artist_e713336b8d8e5ca2ac1df2df106590ff,Ryan Hemsworth,0,0,False,False,False,False
artist_defc7f5ef8eb5ba1a420374760c3369c,Ryman Leon,0,1,False,True,False,False
artist_1a5a7f8748c85039b1e13cead58719d2,RØZ,0,0,False,False,False,False
artist_dd490e4e26c559aa945747b86fe163a7,RÜFÜS DU SOL,0,2,False,True,False,False
artist_e9bda19aff2653d28c527a88332872ce,S. Carey,0,2,False,True,False,False
artist_32b82959e5e05e82b692d6336768c536,S.G. Goodman,0,4,False,True,False,False
artist_c204f6ea6adc58ec81a778903bb5be80,SABAI,0,1,False,True,False,False
artist_4a6bdb10aee85fddb934f3a314969135,SHEBAD,0,2,True,True,False,False
artist_95f54e505fd95a8ba69413449dbb55a6,SHYNE,0,1,False,True,False,False
artist_cc612ae42bad5b3795d18c1409b0fa94,SKYROCKET!,0,0,False,False,False,False
artist_b7f99b5da3d65a9584fab9fa94afdd0a,STRFKR,0,5,False,True,False,False
artist_8053a6830e25514bbd389802b5862b48,STS9,0,3,False,True,False,False
artist_2ca399959ba652d08162d1cb639c0e77,SWV,0,4,True,True,False,False
artist_d9c94eaf9f45584ba0f13886c5d698e3,SYML,0,7,False,True,True,True
artist_d462278a33b25dc49906ffdee3be2b83,Sabaton,0,1,False,True,False,False
artist_18be7036217a5fe5ac64fe439e09c606,Said the Sky,0,3,False,True,False,False
artist_709e1d62781e54b1b7bb10f5d5a3580b,Saint Motel,0,2,False,True,False,False
artist_d0b1d37ad4f354fb824ae8f039a79622,Salami Rose Joe Louis,0,2,False,True,False,False
artist_859b3784d3a85cb4880b9502d6b2f68c,Sam Alfred,0,1,False,True,False,False
artist_fae5c553fa2d5711968cae278bf516ee,Sam Amidon,0,2,False,True,False,False
artist_b2f52b466e6652c99b9ae0c454c12e73,Sam Wesley,0,1,False,True,True,True
artist_080fd31c9d345890b528f3adcc502b4b,Samantha Fish,0,4,False,True,False,False
artist_40bb36a4a12a50ee80ac57cf8f51354e,Sammy Rae,0,2,False,True,False,False
artist_f19119ba52fc57a7b08ff88b07bff396,Sammy Rae & The Friends,0,1,False,True,False,False
artist_9354b84f468552cea202cc282f9bd1db,Samuel Nicholson,0,2,False,True,False,False
artist_6c6c04da9749577398ae4ebffafdba45,Sanity Slip,0,2,False,True,False,False
artist_1a063187ba785a729efc946c5a8aeccf,Santiago Cruz,0,2,False,True,False,False
artist_2bd9c80b91bb5adc8db8a61f41ed4522,Saosin,0,4,False,True,False,False
artist_b60679ec0b0e54b3902a151c2a4c4461,Sara Landry,0,1,False,True,False,False
artist_7b04d4a2fb1c5f99893d930f60232b0b,Sarah Vaughan Jazz Vocal Competition,0,1,False,True,False,False
artist_554077cd89375884a5f5f222da967926,Sarah and the Safe Word,0,1,False,True,False,False
artist_33b9d410d34f5d928889dd9c09449e66,Saturna,0,0,False,False,False,False
artist_72460a752af2565e9edc1070245ff701,Save Us,0,7,False,True,True,True
artist_b70c17f13e46577d83811249c6dbfaf8,Sawyer Hill,0,2,False,True,False,False
artist_9251f469362b532db46d3793caad4c91,ScHoolboy Q,0,3,False,True,False,False
artist_f32e6092d3785f69a807a40d1c22e3e5,Scarlet Rae,0,0,False,False,False,False
artist_2cd6e4cb1d915c208adc772c1ec034cd,Scheherazade Arabian Nights,0,1,False,True,False,False
artist_2c7ceef342da5e69b8bab26b35f6307f,Schrotthagen,0,1,False,True,False,False
artist_f7c1456989a15f30a1dec8e88a8f39ee,Scoochie Boochie,0,1,False,True,True,True
artist_0434772ecc1f5bd49135849c7389df44,Scott Bradlee’s Postmodern Jukebox,0,2,False,True,False,False
artist_6898cd18e72e5d4c8b830a443c4e8401,Scream Out Loud,0,0,False,False,False,False
artist_c3adf3894dd5550ab624ad75c10ecb5f,Seattle Symphony Orchestra,0,5,False,True,True,True
artist_834bb5e2234654cbac8d40131e01fc96,Sebastien Tellier,0,2,False,True,False,False
artist_ad92879445415ee2890eb5d6df2b246a,See You Next Tuesday,0,2,False,True,False,False
artist_9fd8a33a9b6d53a587fb2d3e851b254c,Seely Jurgens Band,0,0,False,False,False,False
artist_007f21098c1b56589a94bf8b6f180594,SensaMotion,0,1,False,True,False,False
artist_0ece0e7118d155208a44b4ac218f01f6,Senses Fail,0,2,False,True,False,False
artist_3330fc5c622556ff8dcf1c778475debc,Septicflesh,0,1,False,True,False,False
artist_02f1977b5baf551fb689c4ec5c270167,Sera Cahoone,0,2,False,True,False,False
artist_db4a1d966bd75937b2cfebbc48f42efe,Serenades,0,0,False,False,False,False
artist_c5ef97d42b5f56d899acdbf15a799933,Set Your Goals,0,2,True,True,False,False
artist_e606dd187f675744b0274036996f5f00,Seun Kuti,0,1,False,True,False,False
artist_fc812cf5608356e6b49c3c567dc2a823,Seven Kingdoms,0,1,False,True,False,False
artist_3b9b0b8de0ad5ca1b274da8bac54b0dd,Sex Pistols & Frank Carter,0,1,False,True,False,False
artist_f28093a8a4bb5d5983f312b1da3a0cef,Sex Pistols featuring Frank Carter,0,2,False,True,False,False
artist_a776e0c25eec5e69916aea8e08468c39,SexBomb Girls,0,1,False,True,False,False
artist_6e123db8ceaf5de18f9c33f1920a9034,Shallowater,0,0,False,False,False,False
artist_9ecff8e20aa15b5f97b1a51797bcc718,Shattered Realm,0,1,False,True,False,False
artist_0d17642a2011546c839b4e1bb1da3dca,Shaun Cassidy,0,1,False,True,False,False
artist_e80cbbd866fe5fbf82b65531b719a757,She Wants Revenge,0,2,False,True,False,False
artist_7e59fb13e6bb5a5886503e48ca18285a,Shemekia Copeland,0,3,False,True,False,False
artist_1e1eba3ae8c65762a1b9f31e8247edff,Shintaro Sakamoto,0,2,False,True,False,False
artist_79a0992084b75c0fa7b0e0d16ac4d3fc,Shiver,0,2,False,True,False,False
artist_2f9e748b936459fc8327ddf521787500,Shoreline Mafia,0,1,False,True,False,False
artist_b67aaa28b86054639bfaec7b5cd6e805,Shot of Southern,0,0,False,False,False,False
artist_728abaf5e2005428b803164a322fa3ab,Shwayze,0,7,True,True,True,True
artist_23e846746cfa567a9af373212b17af4a,Shyeye,0,1,False,True,False,False
artist_dea31225c99153878aabff5defd58df9,SiM,0,3,False,True,False,False
artist_2935374f197c5f8684978d04aef14739,Sid Sriram,0,1,False,True,False,False
artist_c9635fe065045b539a53350e5ab7a653,Sienna Spiro,0,3,False,True,False,False
artist_0054984d8676564bae0e4aa203d74cdc,Sierra Carson,0,2,False,True,False,False
artist_2c86c8d3398b52e590214135a43c2b32,Signs of the Swarm,0,2,False,True,False,False
artist_198c028f478453e896afe81288c13554,Sikm,0,0,False,False,False,False
artist_88fd5a1bf43450a591ca0605112acc6d,Silent Planet,0,4,False,True,False,False
artist_5240eace625d575f8af6cb03903af1c9,Silly Goose,0,2,False,True,False,False
artist_65487330c49b5f19bb3efcc5436b191c,Silva Bumpa,0,1,False,True,False,False
artist_27501670e35a5a86bc0e4fe1e1e80629,Simrit,0,0,False,False,False,False
artist_accad9aa92e059c4ae89bb707e7c5852,Sin Bandera,0,2,False,True,False,False
artist_69af46a97ea35f98adc6d8ccf9e016f9,Sister Hazel,0,2,False,True,False,False
artist_9c422f52f3da5b89b50d302e9ad2e078,Six Foot Blonde,0,4,False,True,False,False
artist_e7391b288d5c57bda58337f7ba02bde0,Six60,0,2,False,True,False,False
artist_8cb00f294c085b9aa2ab7dad78c88b56,Skema Boy,0,1,False,True,False,False
artist_4d44c6d019c55be6a9495c8764f130e9,Skillet,0,4,False,True,False,False
artist_d4f7dff971435141b9069d6ebdc21af8,Skye Newman,0,1,False,True,False,False
artist_91222b4c1a6852209cef8dea16dbc1ff,Skysia,0,1,False,True,False,False
artist_42d87b46556c5a478a6b0b48b081bb52,Slackjaw,0,2,False,True,False,False
artist_5a18b115644f589a9de9e0848b1d8a4b,Slapshot,0,1,False,True,False,False
artist_d86920104fb45bb9a1c2af3ecb36338e,Slater Nalley,0,0,False,False,False,False
artist_e9fe658ec7215cb9a00a10467662fe7a,Slaughter To Prevail,0,1,False,True,False,False
artist_e82086dafc82532697ce08adc9b5ea6a,Slay Squad,0,0,False,False,False,False
artist_d99320eeb97e5403a89e3ff2b3bb4735,Sleeping With Sirens,0,4,False,True,False,False
artist_90bcf05e3dd75e608f41638f2b4f0e11,Slift,0,3,False,True,False,False
artist_c02d393c18855408a94607f5ee446229,Slothrust,0,4,False,True,False,False
artist_9641cb858d315a5c8d6236f079c1324f,Slow Pulp,0,4,False,True,False,False
artist_a16d1a7eb8fa5e9a84e428409da51b81,Smokedope2016,0,2,False,True,False,False
artist_ccb5312dcf175b07a195dac77277e4c3,Smokey Robinson,0,3,False,True,False,False
artist_39ceb101b16252669e5ad61379c98314,Snail Mail,0,7,False,True,False,False
artist_201ab77ea8e85c6ba0604364029c3c53,Snarky Puppy,0,1,False,True,False,False
artist_e7f1460f4aa3554d97e4243d2fb8b771,Snuggle,0,2,False,True,False,False
artist_f656ceba53b95e468a58932d7b0272ff,Snõõper,0,1,False,True,False,False
artist_a3abc5e8825158c7999c63aa62eb184c,Soak,0,1,False,True,False,False
artist_86d1a8cd8eb25302be4adba4ee7f4b9c,Soccer Mommy,0,8,False,True,False,False
artist_dd173daf0ab45cec9ecf9ee1c189c333,Solar Circuit,0,1,False,True,False,False
artist_64e081be15025618b64a0cef6827499a,Sombr,0,3,False,True,False,False
artist_0bef30d6723e5755af410fd32079df15,Somi,0,1,False,True,False,False
artist_2f196bccd54e58aa820303052420b470,Sonny Fodera,0,2,False,True,False,False
artist_0f61537671a6578da13927b052557f16,Sophie Hunter,0,0,False,False,False,False
artist_cc9c6cb0ea0f516cb25358a7a79fc8e3,Soraia,0,0,False,False,False,False
artist_25d6bfae3d6b52e994bf5648119f76b1,Sorry Ghost,0,0,False,False,False,False
artist_63805274d2b1596ea3d9bc0875ab5bde,Sortof Vague,0,1,False,True,False,False
artist_3963945144be5359a494c5d2eed1d45e,Soul Glo,0,4,False,True,False,False
artist_e6afda008c205e97a68f8566caad5e6c,Space Laces,0,1,False,True,False,False
artist_8e5c2bd75cf8559ca278627aceb9a3e1,Spaced,0,1,False,True,False,False
artist_c56301da738c5897ba43a64d1a2b631f,Spacehog,0,2,False,True,False,False
artist_1012e23ee7d85ea5816537f38e739d3e,Spaceman Bob,0,0,False,False,False,False
artist_c0302645f04b5dd79f06692cb9fc66d1,Spellling,0,3,False,True,False,False
artist_cfccfdd9aed75b8cb65b9b00f0b4fbf7,Spite,0,2,False,True,False,False
artist_74a67c877101532cbb93ca44000124fd,Sploinky Rave,0,1,False,True,False,False
artist_24d9d092cd9156a7b4a6a9f03037b4fb,Sponge,0,2,False,True,False,False
artist_568c50b5e27e53df8567a3c3828b76c0,Spraynard,0,0,False,False,False,False
artist_f13a828952ae5d9c92a07117f4b447cb,Squirrel Flower,0,4,False,True,False,False
artist_a6462ff80b3c5dc6a3a833885deff49d,Squirrel Nut Zippers,0,2,False,True,False,False
artist_07fdc3d7c84256c29e0fba4731222579,St. Paul and the Broken Bones,0,2,False,True,False,False
artist_224545a7b47c56beb73c5c592107391d,St. Yuma,0,2,False,True,False,False
artist_41ae315fa67359f1ad7b28b134526190,Stacey Earle,0,1,False,True,False,False
artist_5f88b04e03265a9e8805dee08ee91131,Stand Atlantic,0,2,False,True,False,False
artist_dd112528ef4856a284961e5970f9a512,Starbomb,0,5,False,True,True,True
artist_5260ac8d93135487a7f4ac3fca953673,Starling,0,0,False,False,False,False
artist_d4ee77383d6250b68ecad426d1d69bf3,State Champs,0,3,False,True,False,False
artist_3c133263be87540ba446e738e5a237e4,Static Dress,0,2,False,True,False,False
artist_e00e10b49ce05dda994894908b3975ab,Steller,0,0,False,False,False,False
artist_b4c9beaae3f05f63add66a9098bb9fa5,Step 2 This,0,3,False,True,False,False
artist_f56b15185ceb5e028c737639300fadd3,Stephen Day,0,2,False,True,False,False
artist_7853f21901af55fab54b9004428f1383,Stephen Stanley,0,2,False,True,False,False
artist_54e093433ccc5c0cb993031bdb5c0a03,Steve Conte,0,0,False,False,False,False
artist_3e56b3951c35529aadf17ab72ea9dc7f,Steve Earle,0,1,False,True,False,False
artist_7696065940fe5c5c88758493f6c1eb84,Steve Gorman,0,0,False,False,False,False
artist_fe30b828d8c95b859acb950a8c5069c1,Steve Lacy,0,1,False,True,False,False
artist_fa6d12531edf5260903fdd3b58958b38,Steve Taylor,0,1,False,True,False,False
artist_65f3717cd66859ae89f3e4715e207aab,Stick To Your Guns,0,4,True,True,False,False
artist_912957df22b857c09c9f20c822e881cd,Stiff Curls,0,0,False,False,False,False
artist_a6344aee33885b69a4132b97dcfe8239,Sting,0,2,False,True,False,False
artist_9a323cf4170f52b8a4875d2ec75077c8,Straight No Chaser,0,1,False,True,False,False
artist_5a19acaa282d56e18bcd0eabdf53cd54,Strawberry Guy,0,1,False,True,False,False
artist_7ebc34971e675ac481db006399b8e0a1,Stray Cats,0,1,False,True,False,False
artist_1527374beba954d1b6b8a56ab514061f,Strictly Sinatra,0,0,False,False,False,False
artist_83026cc7866a5e9c94c2137645216fd1,Strife,0,2,False,True,False,False
artist_84e8d9ef865f5066af0557df6fdc3218,Struggle Jennings,0,1,False,True,False,False
artist_7fb826bb0718554b91915d456a663950,Stryper,0,3,False,True,False,False
artist_8b6cb2bf089e577498fc03581c7494cc,Sturgill Simpson,0,5,False,True,False,False
artist_1f675e4386a3512cb63ba66c57b42e06,Sueco,0,1,False,True,False,False
artist_787ddd90878e5ccfaffa0b6796b9e48c,Sugar,0,0,False,False,False,False
artist_524db8678f7d58d9ba2536d11647b843,Sugarhill Gang and The Furious 5,0,2,False,True,False,False
artist_8dda7a83521353759e7d32b3467f0b84,Suicide Silence,0,3,False,True,False,False
artist_fc3e83c5f3885e82a1d8efb5203c0c40,Summer Hoop,0,1,False,True,False,False
artist_0c7d355b2fc2504f87d56f4297ce1d02,Sunday (1994),0,2,False,True,False,False
artist_98ec2b59781652798d76d9ee1de4a5b4,Sundaye,0,2,False,True,False,False
artist_72f18e3d66a3590695e93313070edf01,Sunn O ))),0,2,False,True,False,False
artist_136a2f410f9f5473a88a0acd179ab888,Sunn O))),0,1,False,True,False,False
artist_50a1597768f7593ab0fd2d0180d1d4e9,Super City,0,2,False,True,False,False
artist_9758d9fd4c7f5933acc0f5b8e080158c,Superdrag,0,0,False,False,False,False
artist_1ca14444320458a58ae41d2296768e7a,Superheaven,0,2,False,True,False,False
artist_39439f1183b458d49060c2c9336902a0,Superpink,0,0,False,False,False,False
artist_dbeb5c68beaf5ab6bbb055631f3261a4,Supersuckers,0,2,False,True,False,False
artist_0b3b08ccaacc5150a13177939db1115a,Surely Tempo,0,0,False,False,False,False
artist_059c502bad95544098b254516d8e20cb,Surf Gang,0,2,False,True,False,False
artist_e662c3a3661d5bbea30206d92961e5dd,Surf Hat,0,0,False,False,False,False
artist_e560ed1e6a2b5fa7a668220fa581b4f8,Surfing For Daisy,0,0,False,False,False,False
artist_0c0bec7af85450cca335c08bad05ef35,Surprise Chef,0,4,False,True,False,False
artist_dcb27d9977695a38881736f568488568,Susan Tedeschi,0,3,False,True,False,False
artist_385b79246b3850029668a931963baf5e,Suzy Bogguss,0,1,False,True,False,False
artist_c383fde6c70d594ca09e462b14f8dd4e,Sweeping Promises,0,3,False,True,False,False
artist_a999ba1f8f685b5198b664045b16a7ef,Sweetwater,0,2,False,True,False,False
artist_902b56526edb5994a7e8ed2d96c38046,Sylvan Esso,0,6,False,True,False,False
artist_b6a33e5814345075a6fb1f48ad17042e,Synestia,0,2,False,True,False,False
artist_e357f9f7b6ae5ee9ba82a8c80da2fda1,TAUK,0,1,False,True,False,False
artist_ce6a82bd7a9a55738ac8d51a60b5381e,TEN,0,2,False,True,False,False
artist_63370e3a8c3e5c71a19a1287ebc0d649,THE LEGEND OF KORRA IN CONCERT,0,0,False,False,False,False
artist_6dbc73e5251755b08991153536f440c5,TITLE TOWN,0,2,False,True,False,False
artist_bdb34d48ed515dbaa52d24a896c6ba23,TOBYMAC,0,3,False,True,False,False
artist_2a7590e4867b5ba7b908fc09b035c4df,TRIBAL SEEDS,0,1,False,True,False,False
artist_374e2e11146c5c379df976c8d496ed17,TX2,0,1,False,True,False,False
artist_e2f06f5e4dc65c0984b2fd628cccac96,Tab Benoit,0,3,False,True,False,False
artist_030857297774520dba441b7684a246ec,Taemin,0,2,False,True,False,False
artist_8f7f5b9ad5205e3abb0acce4559b1916,Take Me Back To Arcadia,0,2,False,True,False,False
artist_f3b2d87461455dd0809dc1e13341a48f,Tall Tall Trees,0,2,False,True,False,False
artist_448c2f2e7505536ea3c162acfbf3d1ba,Tanner York,0,0,False,False,False,False
artist_37faeb37cc035da99028ce3c11ef9f09,Tapping The Vein,0,0,False,False,False,False
artist_3c42262ea48f593485d709c1011e3f20,Taste of Chaos,0,2,True,True,False,False
artist_6ad6f3fd7c3559aa806ae5f94c62bda9,Taurus Judge,0,0,False,False,False,False
artist_9e32c1684ce05ff1b9264c0546593a85,Taylor Acorn,0,4,False,True,False,False
artist_9dd47a97bba95cc1acf343b4595944c8,Taylor Bickett,0,1,False,True,False,False
artist_eabd4eb3b1be5cc19647b23ecf1650e1,Taylor Williams,0,1,False,True,False,False
artist_3f335949becf57eab6274f263c07a15c,Ted Leo,0,1,False,True,False,False
artist_e3f9cbb3ac375ff7a775b68006d67772,Teddy Swims,0,2,False,True,False,False
artist_25861d49871559f2a58dde43f6e3de4a,Tedeschi Trucks Band,0,5,False,True,False,False
artist_b382c637b8185d889e688a8f5517e71b,Teen Jesus and the Jean Teasers,0,1,False,True,False,False
artist_cef2b9f80b065be5a6a2f5d6e76ec213,Telescreens,0,2,False,True,False,False
artist_0e298b566e8e5cbe863060ba6267d770,Teller Bank$,0,1,False,True,False,False
artist_6ef251e4000956c5b38a7a7e76477d44,Telltale,0,2,False,True,False,False
artist_a7a0429e82d75ada910d5bf97037e457,Temper City,0,2,False,True,False,False
artist_10ff3096248d54878381b549d313917a,Terror Reid,0,2,False,True,False,False
artist_d91900d7cd41500484254eecce1ef65b,Texas Hippie Coalition,0,7,False,True,True,True
artist_2c54b15d27475eb4a977655195877b66,Thaiboy Digital,0,1,False,True,False,False
artist_bc582fa864d15ef28846c9d40b69bf58,The 502s,0,1,False,True,False,False
artist_f72973db75095b57a5337c2d731b33da,The 8-Bit Big Band,0,0,False,False,False,False
artist_13efaaabf1645b398778a69e062d0fe3,The Acacia Strain,0,4,False,True,False,False
artist_4225fbc2203e50739aabbcdc905e5245,The Afghan Whigs,0,4,False,True,False,False
artist_9a4294e376145caa9cfb461cfeecf5db,The Airborne Toxic Event,0,5,False,True,False,False
artist_c150466c5a1c500684a0aed1e0fa62c1,The Amity Affliction,0,2,False,True,False,False
artist_3d22c17dacfc51d1a787941395c223d6,The Appleseed Cast,0,2,False,True,False,False
artist_e5daa96e451f514a832c031bc0d19fb5,"The Army, The Navy",0,0,False,False,False,False
artist_9c4db8d271695538ad0503d1152fd7d8,The Avalanches,0,5,False,True,False,False
artist_329b9e66f32a5b9990c2da30e8be6b78,The B-52s,0,2,False,True,False,False
artist_26e861bae6895a3e809e8fce693b33a8,The Barr Brothers,0,4,False,True,False,False
artist_9d3e84e23a3857c385d64cad3190f57f,The Black Dahlia Murder,0,2,False,True,False,False
artist_2f664f4d001c5d2d98ec2d48d9c24f3b,The Blasting Company,0,0,False,False,False,False
artist_ac06f86511265170b2335bcca8c0f4d5,The Blue Stones,0,2,False,True,False,False
artist_21157f4b85775eec8c0b101478381d5c,The Bobby Lees,0,1,False,True,False,False
artist_2139512b42ba5b40b5ec0a8bc159f898,The Brokes,0,0,False,False,False,False
artist_4fd3859ae431570f91325b1f1217f5de,The Brook & The Bluff,0,2,False,True,False,False
artist_97df0d5dac1050fd822e1272478aef5c,The Bros. Landreth,0,2,False,True,False,False
artist_191dec5388b45940b89500973ec63a7b,The Browning,0,4,False,True,False,False
artist_c8055922320850f881ceb263cf5c2e5e,The Casket Lottery,0,2,False,True,False,False
artist_c2fe63db38e35416a800a684f9d06772,The Chainsmokers,0,2,False,True,False,False
artist_f62faada5be652e7867e9d15c5835a68,The Chicks,0,3,False,True,False,False
artist_8a291ade0e8655d48bd190f1b63bbc9e,The Commonheart,0,1,False,True,False,False
artist_ef9a003ea6435a3c9a79d8ba37ef5930,The Courettes,0,1,False,True,False,False
artist_c211366d126651f099d0bc642c07985b,The Creekers,0,2,True,True,False,False
artist_9cf3a1f1a32654f6b8d08cd7f29a90ea,The Crystal Method,0,1,False,True,False,False
artist_bb1a4cfe5a5e52178c64b52462a1cd96,The Damned,0,2,False,True,False,False
artist_54e5955273705be8b6c166d310777fda,The Damnwells,0,0,False,False,False,False
artist_058a4a41099a5f16b6d55642df0319db,The Devil Wears Prada,0,3,False,True,False,False
artist_d26995091df051b085852ec9bbbc5d3b,The Dillinger Escape Plan,0,4,False,True,False,False
artist_28087aa3f7eb515ba81f0fd8f1340725,The Dirty Grass Players,0,1,False,True,False,False
artist_58a5530250f15526aa91a8178a7b089e,The Dopamines,0,1,False,True,False,False
artist_0e3a6d0d1bff5c26ba1a6741aa8fbb15,The Dread Crew of Oddwood,0,4,False,True,False,False
artist_ef6ce75d1f4d5cf991098242e16e74a0,The Dream Syndicate,0,2,False,True,False,False
artist_bf8b92bcfb085dbfb96cfba4c8cb8454,The Elovaters,0,1,False,True,False,False
artist_02d9ac0be6c5527b8d5c8065a218c65d,The Expendables,0,2,False,True,False,False
artist_b23cd39b92c25d3b9cff2fcee455e995,The Flatliners,0,1,False,True,False,False
artist_7e4ce980f7a95395bb462e7852c3f460,The Format,0,7,False,True,True,True
artist_def2ee23753754d881af878a1e156a93,The Foxies,0,2,False,True,False,False
artist_552b6a1b18275a36a229bd9071cecaf9,The Glorious Sons,0,2,False,True,False,False
artist_c80296546a2e5451a6b50a6c2c17c3fc,The Greyboy Allstars,0,3,False,True,False,False
artist_29f8c0bb30145a34a89a0b1cd98fb9ff,The Groove Merchants,0,0,False,False,False,False
artist_9eb230947e37530aa5b18f364c489ff6,The Hails,0,1,False,True,False,False
artist_7a2255e5c6ff55f586b1c742ad9c2934,The Haunt,0,5,False,True,True,True
artist_4aed82e1115457c7b9567ae84db1a937,The Hellp,0,1,False,True,False,False
artist_9bb1cf8fabd15320949146f52efe29e6,The Helltones,0,2,False,True,False,False
artist_48e3ad93759d5946857afd9d4b9c6c66,The Innocence Mission,0,0,False,False,False,False
artist_3af158d91feb51b2b7c1a285f25b22a3,The Iron Roses,0,5,False,True,True,True
artist_3880258e7b3c5ff886ac1bd20079e09b,The Jayhawks,0,6,False,True,False,False
artist_56aba034aa3b5ec1819d6a451a66cc43,The Jungle Giants,0,2,False,True,False,False
artist_b016a7d344835b9f80f48bc59d7d907b,The Kilans,0,0,False,False,False,False
artist_af59fce35fc65f0b8448e9c210329945,The Koffin Kats,0,1,False,True,False,False
artist_f73fddf5cead5e38b4da3d4922c8c280,The Ladrones,0,0,False,False,False,False
artist_4f9942af679552e0bb16391622c3fa18,The Lagoons,0,3,False,True,False,False
artist_27f093ce2e1958689241b207f3fe5db7,The Last Dinner Party,0,1,False,True,False,False
artist_8c892c60ba005bf380c78bcb411515f6,The Last Revel,0,2,True,True,False,False
artist_4684325825ea55158f37f8376fc9112e,The Legwarmers,0,2,False,True,False,False
artist_e278046985845175b9fbd25a4d4b79cd,The Lifeline,0,2,False,True,False,False
artist_170f93eab89f5b5087f0b9b7469640bb,The Linda Lindas,0,2,False,True,False,False
artist_a1a3c25695165f05a1f3187865cf1f08,The Living Tombstone,0,7,False,True,True,True
artist_4819e34c225b5553aff35615f5ed2b77,The Longest Johns,0,1,False,True,False,False
artist_ebb8009a57c35d44ba891d26f6140f56,The Lowest Pair,0,5,False,True,False,False
artist_56c00aaa7c66554fbaa185daf1f1471a,The Machine,0,1,False,True,False,False
artist_4fd9f35e3c2b511d8d0e3e6fdd91a1ad,The Maine,0,3,False,True,False,False
artist_03d2b02b4ee857919884657d706d0139,The Man The Myth The Meatslab,0,1,False,True,False,False
artist_d4b3f34b753c519b925e72a25e891466,The Menzingers,0,4,False,True,False,False
artist_b6b783910d0a5518acec1265f09dc8f3,The Molotovs,0,0,False,False,False,False
artist_83ce2af68a6b5aea98646de2fd0cd38c,The Motet,0,2,False,True,False,False
artist_009dccca282b547f8c6f506ea0a02231,The Mountain Jam Band,0,0,False,False,False,False
artist_ffaea890d9da5ab8a913dcc3c23e64f2,The Mountain Jam Band – An Allman Brothers Tribute,0,0,False,False,False,False
artist_23487b824f4e50ae9f4029a26647fd96,The Musical Box,0,0,False,False,False,False
artist_042323f264485198bdc1f87ca9958973,The Neighbourhood,0,2,False,True,False,False
artist_e582e8ccaa825517bbd4f7dcff7f45f4,The Null Club,0,0,False,False,False,False
artist_02a029e58f635178a977190ac010cb80,The Number Twelve Looks Like You,0,8,False,True,True,True
artist_5a868d833b8350a7ba13a9680a5bb18c,The OBGMs,0,2,False,True,False,False
artist_7ee5443c12565ab8b02983e77b292b6e,The Otherness,0,0,False,False,False,False
artist_abae002fa49258aea72ac92aa5bfb62c,The Outlaws,0,3,False,True,False,False
artist_da8e70f331215cd2a2de05fad5a82079,The Panturas,0,2,False,True,False,False
artist_f9ecd400be905afeb91a3654166a528c,The Paradox,0,1,False,True,False,False
artist_2b14e113349258caa302f21a340d6a21,The Phil Collins Story,0,0,False,False,False,False
artist_892309e898c25869ab05b3255d3883c5,The Pietasters,0,1,False,True,False,False
artist_e8ba269c65725be79fa18fc3c901dedc,The Pineapple Thief,0,2,False,True,False,False
artist_0fcf265cf4c751f5a5b4b37349c1b261,The Planet Smashers,0,2,False,True,False,False
artist_245ea54fb48b53b8a1462a4e7eb221fd,The Point,0,0,False,False,False,False
artist_3eabf270ec155f3791ed5eb02d30a6e3,The Point.,0,2,False,True,False,False
artist_5e42e20aea925a56b4e3154b98ec4e16,The Polish Ambassador,0,2,False,True,False,False
artist_ae8586d09af35441adf4f23a3941ede4,The Psycodelics,0,2,False,True,False,False
artist_186f8fdfbee959968221b041c204ab37,The Quasi Kings,0,1,False,True,False,False
artist_5fe945b563e05fbab23d1f6659c6ef17,The Raging Nathans,0,1,False,True,False,False
artist_76dcb0300220511ab6bec7136ac499e2,The Rat Utopia Experiment,0,1,False,True,False,False
artist_6f7ae2b1a66f57d1a72487c0afd7dd96,The Record Company,0,7,False,True,False,False
artist_70bfb895d050569ab1c2109426b907fa,The Residents,0,8,False,True,True,True
artist_3129daf1998b5f86b8cd6f9fa64265f4,The Rock Orchestra,0,0,False,False,False,False
artist_22fc70207c225a9090aeb04e24b466fa,The Rock Orchestra By Candlelight,0,1,False,True,False,False
artist_7ca56d64d8bd5b589db0b8f3fe240066,The Royal Scam: A Tribute to Steely Dan,0,0,False,False,False,False
artist_eceb25c38186541da8551320117a79aa,The Royston Club,0,1,False,True,False,False
artist_66a9ff6e6a295d5abb8b1e73a4fff65b,The Sadies,0,7,False,True,True,True
artist_e697fd6138235f3e8cc9fd9c7b96aa47,The Secret Sisters,0,1,False,True,False,False
artist_2eb3d8c638c951ee933c4cfc86ffc120,The Serfs,0,1,False,True,False,False
artist_bb932f9e3cf055819f24e9420cb65040,The Smashing Pumpkins,0,6,False,True,True,True
artist_d4e3a5e69f9a5e0cb9e1b82d4b2dbe5d,The Snuts,0,2,False,True,False,False
artist_9a2c2eac565a5ad3994f81db17b7da24,The Spill Canvas,0,1,False,True,False,False
artist_10d81228ed005fa98a56c6ac1063771f,The Starting Line,0,4,False,True,False,False
artist_5327b55cd0d45b378b73c7a567f068e8,The SteelDrivers,0,5,False,True,False,False
artist_986d690e158a5368bc6b4797827e42de,The Story So Far,0,2,False,True,False,False
artist_eb2245193b535daa8c570d1438f0ba06,The Suitcase Junket,0,3,False,True,False,False
artist_bacc692814c4561ba1ad635453d1dbc0,The Takes,0,2,False,True,False,False
artist_145332e9848d57ad91028420daacc66c,The Tallest Man on Earth,0,2,False,True,False,False
artist_cc2c274f4382518eb257b23d4ec7cfe1,The Taxidermists,0,0,False,False,False,False
artist_c63577b32b5b59cf945b2dfca9289461,The Toxhards,0,0,False,False,False,False
artist_8c918303739d50ee9f8e61affb201ff9,The Velveteers,0,2,False,True,False,False
artist_7b8fb52ed7505421861390fafa95a638,The War On Drugs,0,2,False,True,False,False
artist_a1642933346757659b28cab4e6640bce,The Warped Band,0,0,False,False,False,False
artist_64af43bdb6105961b36fba946c57e6e5,The Warped Band - The Ultimate Tribute to Warped Tour,0,2,False,True,False,False
artist_b8a1fbe2a0865df881c17d321297e6d6,The Warriors,0,2,True,True,False,False
artist_565e756c800757b891cf10edc02d3a7f,The Wildmans,0,1,False,True,False,False
artist_acd7e9b3446556f3ad18a121869706fd,The Wldlfe,0,1,False,True,False,False
artist_c9c99de570985d798f9653fc600c3ee9,The Wonderlands,0,2,False,True,False,False
artist_7a58cb3edc24563c8d2267e6bb1449f7,The Wrecks,0,3,False,True,False,False
artist_14765f46caec5efcac674a3bb5d7457b,The Young Fresh Fellows,0,0,False,False,False,False
artist_14933c41159651598f79dc43fcbf332a,The xx,0,1,False,True,False,False
artist_24c2f63971045f95b7fb1e1c89919c55,Thee Sinseers,0,1,False,True,False,False
artist_8a62cec011c2575cbffa18d872b72044,Theo Katzman,0,3,False,True,False,False
artist_95def0ea44245bf998b66e70412d3fbf,They Might Be Giants,0,2,False,True,False,False
artist_388e6d14f01a5d9ab236e041990bd131,Third Day,0,4,False,True,False,False
artist_dd2b886c16995301a37f54a2e226d881,This Is Lorelei,0,3,False,True,False,False
artist_5a49bb7b73da5f38ad5ba2d49794d5d8,Thoom,0,3,False,True,False,False
artist_b412838de8d45927b45b7aef21788644,Thought Process,0,1,False,True,False,False
artist_97eff423852a586f99c40474d0a01b9b,Thrown Into Exile,0,1,False,True,False,False
artist_b7bcf3ed58895ee8a4e59047f42c365b,Tia Fuller,0,1,False,True,False,False
artist_d314d35dd6f7551aa0ce11f1a44c4251,TiaCorine,0,1,False,True,False,False
artist_c9e3748d4ca95840a201db574ee4a131,Tim Atlas,0,2,False,True,False,False
artist_ecc424929dfb5dcdbcd371756b878b05,Tim Bowman,0,2,False,True,False,False
artist_da0b74311904581c9c2c21c1cb1c4028,Tim Montana,0,3,False,True,False,False
artist_da2a097e92c55b6db3ffb43cf0cd36a5,Tim Timmons,0,6,False,True,True,True
artist_133597f8258b5300ae4e84fd3845aea4,Tiny Habits,0,1,False,True,False,False
artist_1aa3b7fe657c55f9a56436de66e14144,Tito Nieves,0,6,False,True,True,True
artist_8030ed3efa4958d7840891fdf7cde764,Tobacco Road,0,2,False,True,False,False
artist_094de9d85b565c338965e758b0aef552,Token,0,1,False,True,False,False
artist_ef679a20d9ce5b3592efe6390b4bac48,Tokyo Machine,0,1,False,True,False,False
artist_9a394bcb31145005b6c7b222661d612f,Tokyo Tea Room,0,2,False,True,False,False
artist_157e8c1964445192865d98bfe49c5ed1,Tom Jones,0,1,False,True,False,False
artist_6f4bd0f4b9ff55a99f162d0982f6cefb,Tommy Emmanuel,0,5,False,True,False,False
artist_7ca659ba8488597aac7e468ebee4f8cc,Tommy Prine,0,0,False,False,False,False
artist_6ac4d3253b79524c8aaf925a73dfd96a,Toody Cole,0,0,False,False,False,False
artist_b93059586da15c82a85869d0ea660835,Torena,0,1,False,True,False,False
artist_dc2e1e4279af5ebb9400d12c0efd252b,Total Wife,0,2,False,True,False,False
artist_31fa7f2f2a195b9c93f9cceda5f609b9,Touch Girl Apple Blossom,0,0,False,False,False,False
artist_af55eeaba4f151009d8862e9db900c24,Towa Bird,0,2,False,True,False,False
artist_e2613621e129561faa71ce420d845a39,Trace Amount,0,2,False,True,False,False
artist_dc01ff5976285e2f91d6e7b7ef581b2b,Tracheotomy,0,0,False,False,False,False
artist_bfff57dafb9950909a115ada637aeccd,Trans-Siberian Orchestra,0,2,False,True,False,False
artist_f844fe47a45b5bb7a4e5dc2c3e65ed33,Trauma Ray,0,2,False,True,False,False
artist_042f6b7e6bd955958b11a5c9ee3c862c,Travis Tritt,0,2,False,True,False,False
artist_9cee9f420f0e509e854008b914a24d94,Tre Watson,0,1,False,True,False,False
artist_a8985619ff745b26bbbabf5f83cc611d,Treach of Naughty By Nature,0,1,True,True,False,False
artist_ef7d7b1e7e3d5c20962ad37d8475dfdd,Trey Hensley,0,2,False,True,False,False
artist_41f37af2d411513591a8dd815b37e7f0,Trim,0,1,False,True,False,False
artist_83b4a822bac75425b4decb3a45099d56,Trivium,0,2,False,True,False,False
artist_c86f6db17a605cf0a04ebc4e46d8d644,Truck Violence,0,2,False,True,False,False
artist_996d0177419b5056ae024e9c04644990,True Blue,0,0,False,False,False,False
artist_540fa1b8b49f520dbce7726aa6212d5f,Turnover,0,4,False,True,False,False
artist_2aa21372c17f5ab29744330310009e9f,Turnpike Troubadours,0,4,False,True,False,False
artist_5c9b25326de95195baa5306c073fe07c,Twin Fin,0,3,False,True,True,True
artist_365dd7c860735795b4cac72c57e0d38c,Two Door Cinema Club,0,7,False,True,True,True
artist_e0a5e6d19ba65cb5b1c99dea6b79cf6e,Two Shell,0,0,False,False,False,False
artist_f00a8b4be2445299a11d2ecaed3a51fc,Two-Piece,0,1,False,True,False,False
artist_457370d3ecba535dba2bf2da8f936034,Ty Myers,0,5,False,True,True,True
artist_d76458c813a25967b64eabb2504b85c4,Tyla,0,2,False,True,False,False
artist_236e340bd3a750e497887fdd46df7fb8,Tyler Hubbard,0,2,False,True,False,False
artist_3279db5aa4b05e89b5ca4669df3d3eb3,Tōth,0,0,False,False,False,False
artist_59b733fc608655129f1434995cd351de,U.S. Bastards,0,2,False,True,False,False
artist_85112505ecb35fd98a70d1079e709d3e,Ultimate Rap League,0,2,False,True,False,False
artist_834976cefacf563f9b19ebd6c063fc7f,Ultra Q,0,3,False,True,False,False
artist_4b9dcd51b82653f1b839b177961abc73,Unbroken Reign,0,1,False,True,False,False
artist_d2987f5d5cae5caf8b6356e0917b6559,Uncle Kunkel's One Gram Band,0,2,False,True,False,False
artist_a7bb09fb383b5838bdd99ea02aada58b,Uncle Kunkel’s One Gram Band,0,1,False,True,False,False
artist_09ace88fcef7536f82bb4f2f6af657d8,Underoath,0,2,False,True,False,False
artist_91a1058b492b51848f33d05a501f715b,Untitld,0,1,False,True,False,False
artist_982d01ab00a65322a6cbb387b67ecaa2,Untitled,0,1,False,True,False,False
artist_241475b495d259de9cb8fa778f5b7741,Unto Others,0,6,True,True,True,True
artist_c5644edc54b25201ad564be8fbd96243,Upon Your Dead Body,0,0,False,False,False,False
artist_c9713b2ff1bd5de3b1d33c0b7e6a0107,Upstate,0,0,False,False,False,False
artist_7854004b40145784a83335c3abbdf1f9,VALÉ,0,0,False,False,False,False
artist_bde8f537072a500782acc7285b22c2bc,VIGIL,0,0,False,False,False,False
artist_fdbf0f04651c5c2194900e3e118e9e29,VMO (Violent Magic Orchestra),0,0,False,False,False,False
artist_9d734f19a1485788a22da07e72bd7397,VOILÀ,0,3,False,True,False,False
artist_c80d5f6a575b5f44975c8889281222b4,VTSS,0,0,False,False,False,False
artist_d660e844223e5cf494dba54b16192e4b,Valgur,0,2,False,True,False,False
artist_a829daf47e9c5b5383b783c1527b6815,Valley Lodge,0,2,False,True,False,False
artist_a3634afbc97454b791b74aa105782617,Valories,0,0,False,False,False,False
artist_fc91ca72f15a535c8b299f37fa5d5c68,Vana,0,2,False,True,False,False
artist_ae443658543e519d88f8a757b45830d9,Vandoliers,0,6,False,True,True,True
artist_97174a07cfd359409db0773db09c7509,Varials,0,2,False,True,False,False
artist_f9cbeea968ba57119a2809157f7f393a,Velvet Trip,0,1,False,True,False,False
artist_b7b6f99121c359dfb9a95f50b76e0dff,Venna,0,1,False,True,False,False
artist_6d808ddb4dd452be8289fd482d5d03b1,Verity Den,0,0,False,False,False,False
artist_d5813c91ddea5154a0aebd237a788fa6,Victoria Williams,0,2,False,True,False,False
artist_0e778a0b759c5d7cb18ff1357d88be21,Vilamoura,0,3,False,True,False,False
artist_c131b88c6fad5b329519c1b94f3bf353,Vince Staples,0,1,False,True,False,False
artist_6c2d7c3cf88d5e03a0d182fa0e694e45,Vincent Lima,0,2,False,True,False,False
artist_a78ec2f9fe01576ab790780622de2d0f,Violent Magic Orchestra,0,2,False,True,False,False
artist_02107cac579d50f794fd9dcccc992e42,Virginia Coalition,0,1,False,True,False,False
artist_700fb7c91d535d8eba64c03bd50d966c,Vitamin String Quartet,0,1,False,True,False,False
artist_31e5d2ed4fb352489f7f5d923a46a833,Voivod,0,2,False,True,False,False
artist_f33979b07beb510ab0f6eb48886c8e5e,Volatile Ways,0,1,False,True,False,False
artist_f14af63c33915602bf25639a47e0d8dd,Vomit Forth,0,1,False,True,False,False
artist_bdf8ca066d0b502dbc4bd3105d1dfcb3,Voodoo Glow Skulls,0,1,False,True,False,False
artist_8b3e8c8e75f45d32b28177e2996eb7df,Vosh,0,2,True,True,False,False
artist_de023f1d6ae15ac39f64f5cc14d3e8a0,Vox Rea,0,1,False,True,False,False
artist_5ad394d404405db481eb81f89eb8093a,Wage War,0,2,False,True,False,False
artist_06b2ea69369650aabd83b5712b6be11c,Wakelee,0,2,False,True,False,False
artist_a5f8447951b153e28e8bfca2f62a18e3,Wall Carpets,0,2,False,True,False,False
artist_c188df0b06945e1aaef5fce0e8783390,War on Women,0,2,False,True,False,False
artist_900009b60eae530aa6bfdc8581fcf7b0,Wardrobe Malfunction,0,0,False,False,False,False
artist_712571de407d516db1f7d214c52a01cf,Warren Zeiders,0,1,False,True,False,False
artist_ea147d6459fd599b8d978d350a7e408a,Waterparks,0,3,False,True,False,False
artist_0f9d63c69b155d138e15ec40e74f122c,Wax Jaw,0,0,False,False,False,False
artist_a98e3447649d50b887a1470009c5ee70,Wax Motif,0,2,False,True,False,False
artist_9357db77257957f081f6731231f5ec98,We Are Scientists,0,3,False,True,False,False
artist_f8669f77be2b5a78a6ead367efe7b888,We Came As Romans,0,4,False,True,False,False
artist_9a0742dc34145fe08ea268e92fb0ca25,Weakened Friends,0,3,False,True,False,False
artist_35e24a49b5115414b3974f043f994d47,Weatherday,0,4,False,True,False,False
artist_7791c3d9ef43588487244df9c91bed32,Weathers,0,3,False,True,False,False
artist_6388cb8956d95cb48a98569a12ef9cec,Wednesday,0,4,False,True,False,False
artist_9126bba9baaa5f509198e2c17ba02794,Wednesday 13,0,2,False,True,False,False
artist_d7ecabb2af425736970688857290159a,Weeping,0,0,False,False,False,False
artist_fb2f11c696e950d2a0cd8f9d38fd65bd,WesGhost,0,0,False,False,False,False
artist_f6897245c4845948a66740eb83fa2a5f,Wesley Joseph,0,1,False,True,False,False
artist_7bbaeb4ca8d6527a9cba1d4e15dc8ed2,Westend,0,1,False,True,False,False
artist_48a4f48cbf395ff1807f473763920abb,Whatever Mike,0,2,False,True,False,False
artist_2a7c14733d8e50279b95688027e23dbb,Wheeland Brothers,0,1,False,True,False,False
artist_94a7d3a58dc055a7ade21271bb400535,"Wheeler Walker, Jr.",0,1,False,True,False,False
artist_669bfc386502594d858376e594e44e4d,When the Sun Sets,0,1,False,True,False,False
artist_a5087658c2c054569668b6460f979a0d,Whitechapel,0,3,False,True,False,False
artist_48b026eae2ff5721bfe8dc2f4ed037cc,Wild Pink,0,4,False,True,False,False
artist_d7f4c567c3725ba18b52d22191f8129f,Wildermiss,0,1,False,True,False,False
artist_55bf48a1ecef540fa295e9a1fafd01d9,Will Varley,0,1,False,True,False,False
artist_69101f36fdab5af99e9344040b00d383,Willi Carlisle,0,4,False,True,False,False
artist_e84d25543af857339e8235f934105335,Willie Weeks,0,0,False,False,False,False
artist_afde959531315d15896140f6b6705558,Willy Porter,0,1,False,True,False,False
artist_ceb22b9fe2fc5d95acd4baf1d3fb1a72,Windwaker,0,2,False,True,False,False
artist_8b3511d9b5f85a2fbf7b7c61207aa96a,Wings of Steel,0,1,False,True,False,False
artist_3571213044765f33b0319b8a3a0f82f9,Winyah,0,0,False,False,False,False
artist_ab7731d00d4d538f8dff57a453f3cc2b,Wisdom In Chains,0,1,False,True,False,False
artist_cde44c6562935e38a14ef41c7a1efbf3,Wishy,0,0,False,False,False,False
artist_007e9fa4411f530abaaf386e635d02bf,Wisp,0,2,False,True,False,False
artist_90976a9d77525ff58397b27b8c8c728c,Witches Exist,0,0,False,False,False,False
artist_940b38c6074753c98a6cd39c63dab66c,Wiz Khalifa,0,3,False,True,False,False
artist_900e89c0f0cf56998f05803c83e7eb59,Wolf & Bear,0,3,False,True,False,False
artist_aaf2a32552065f5e89709f5deb032424,Wolfman Jack,0,5,False,True,True,True
artist_4fc9bc4d5b2055f59cb14101bd0375bd,Woods,0,5,False,True,False,False
artist_197036988d9d5fb1b61a926d220fb25c,Worm,0,7,True,True,True,True
artist_740f36940ebd58758d97895f45183a3c,Worry Club,0,4,False,True,False,False
artist_ed19d70342a9531e8f3aa6d8e45001c2,Wraith Knight,0,6,True,True,True,True
artist_bce92da232095434aa20b62fb4550390,X-Cops,0,0,False,False,False,False
artist_81ec077c476c504b9699bbd48dad2a29,XG,0,2,False,True,False,False
artist_a968c7486b93515fac50d60ee9ada9e0,Xavier Omar,0,2,False,True,False,False
artist_1bd17c9fe7b25d7ca0b767ab673e0dde,Xoth,0,2,False,True,False,False
artist_498c4359d10550cbbb810dbbd8599b22,Y2k,0,2,False,True,False,False
artist_f774555cf0595c56aa56152565be492a,YOOKiE,0,1,False,True,False,False
artist_e87e1cbc0f67567da7373840ed3afbbe,YOSHI,0,0,False,False,False,False
artist_8d2fe956e11b5834bf5bb213dfe88ba0,Yaelokre,0,0,False,False,False,False
artist_6e449a0a58095bbdae30ba996b29f4a8,Yana,0,0,False,False,False,False
artist_6d7c0eca1fdb52e7a08e696e63885b24,Yandel,0,2,False,True,False,False
artist_c4ddff60ffd254838b1a720545782c83,Yebba,0,2,False,True,False,False
artist_39b23051fc56542eaaf48ff6219237db,Yelawolf,0,2,False,True,False,False
artist_76406fdf2ace50cc8840cc04f9a3bcf4,Yo La Tengo,0,3,False,True,False,False
artist_1b4847606dd753968c94f5289462c704,Yo-Yo Ma,0,1,False,True,False,False
artist_c83f586be0a157d1a7ac5e8c7419a0e2,Young Miko,0,2,False,True,False,False
artist_bef8b63dd6fc58c1a7d6e4d62c4f8a1a,Yousuke Yukimatsu (¥ØU$UK€ ¥UK1MAT$U),0,3,False,True,False,False
artist_ab947bc7121d514481a0e639f0010831,Yuki Chiba (千葉雄喜),0,1,False,True,False,False
artist_485f2c1f808a59b782b328045f1a43c5,Yule,0,0,False,False,False,False
artist_519b8afd4a725c5b941558df2fc31eaa,Yung Gravy,0,1,False,True,False,False
artist_7a9d1763108450e6a180ee58b22b7952,Yung Miami,0,1,False,True,False,False
artist_8f7fcb770fb35af09cacd264f25aaf9f,Yuuri,0,2,False,True,False,False
artist_86aa7d1aedd35ea1ac8617cc94fbbaa7,Zacardi Cortez,0,3,False,True,False,False
artist_45326b6f19fe560f99b45d485a3ad5a9,Zahradka Tonic,0,2,False,True,False,False
artist_a6582aa38ec15d0b8aa780131ef92a67,Zauntee,0,2,False,True,False,False
artist_5cb9bb0006e8570198fdd3c13a626197,Zolita,0,2,False,True,False,False
artist_b99a8255c41c543ca9cd9b0f3690979a,almost monday,0,2,False,True,False,False
artist_f2c65f56445c5c47b5cc7d389161ba88,alt-J,0,3,False,True,False,False
artist_d22209b0f9b65df8afc3c727453f16b4,beabadoobee,0,4,False,True,False,False
artist_dca02ac0e7255bb094350f0e5fcadd55,bradeazy,0,1,False,True,False,False
artist_9d1b0489a0ac5c2e83c197455718067d,caroline,0,0,False,False,False,False
artist_303215e060ee5b249f2563f64e587d4e,colby!,0,2,False,True,False,False
artist_b914db44b80650d8b8f59808ddaa561a,comehelpglo,0,1,False,True,False,False
artist_ad71ff7d38765700b47c782994f0448a,fakemink,0,1,False,True,False,False
artist_650802f41a525abfbbcbc0a8a036c047,feeble little horse,0,2,False,True,False,False
artist_411f0a2a6e865739879456b5c36c4ca4,femtanyl,0,2,False,True,False,False
artist_8b6511b4bd405f9cbaf1ff31744955db,for KING & COUNTRY,0,3,False,True,False,False
artist_7ec9b6af9a4a5b8a9ce35acffad917ca,gabrielle hope,0,1,False,True,False,False
artist_334c6d840a4d57a186913b5fd5cf19ff,gavn!,0,2,False,True,False,False
artist_66708bc14deb580c902341fc4d0a719a,glaive,0,2,False,True,False,False
artist_5d1fc45a1d375b68a62519925a197f93,heavens to betsy,0,1,False,True,False,False
artist_d252732154a05a03a350a0f4e582914c,horsegiirL,0,0,False,False,False,False
artist_57cfbe97f8075ed3b2fb97c5c92ba626,ivri,0,0,False,False,False,False
artist_161f80a3118c5c278fb21febc7d22343,letlive,0,2,False,True,False,False
artist_20d1e1c1180850e78e7425f4663aa99b,letlive.,0,3,False,True,False,False
artist_87ec33a3b18a5cd0a62ba8d7e24d0124,lovetempo,0,2,False,True,False,False
artist_ec2dc3cff93b584fb290dfd13a1a51c6,mary in the junkyard,0,0,False,False,False,False
artist_e9341b4d0f59526293d90feb8a446453,mayv.,0,0,False,False,False,False
artist_1103799413b150d19e98eae5f802731f,meg elsier,0,0,False,False,False,False
artist_21a2c7545e5357e1876be08c26aad7e0,quannnic,0,7,False,True,True,True
artist_7dad7b564a6e5385b3976ce06fbbbc2d,redveil,0,1,False,True,False,False
artist_5ae1f75346cb549993ea2711f4bfd4aa,rusowsky,0,1,False,True,False,False
artist_107fcccf20f65fe9ba3dce8a5e330e32,she’s green,0,0,False,False,False,False
artist_56e4bdb313535d2585e16fa21ba1a61d,stop.drop.rewind,0,0,False,False,False,False
artist_6a732bed280e52cf95032a5a8f0d5797,strongboi,0,1,False,True,False,False
artist_a0591510465d594194a7e1f281e45fc4,sueter7,0,0,False,False,False,False
artist_345aaed1319953c78f30238dd32446e8,sullvn,0,2,False,True,False,False
artist_4e72917df11351539e55bf5d35331ada,the olllam,0,1,False,True,False,False
artist_ebed070a2a425cfab0256d9882a1ebcf,tiLLie,0,1,False,True,False,False
artist_030c2a3c5957599592ddcc027022eb3e,vämpp,0,2,False,True,False,False
artist_a31e5db46ee650379a4c8489b17c9f43,wave to earth (웨이브 투 어스),0,1,False,True,False,False
artist_44258ebcad6b572e82fec12d36f69fee,xforever warx,0,2,False,True,False,False
artist_b538f2509651587f90c19d60724793cc,young friend,0,1,False,True,False,False
artist_c46e0e07847f5fe681655df11384c752,Álvaro Díaz,0,1,False,True,False,False
artist_d3512ff617f156d9b7c62653a6558aa2,Ólafur Arnalds,0,0,False,False,False,False
